已备份 /home/myl/cache_search/head.h 为 /home/myl/cache_search/head.h.bak
==================================================
正在处理: DIM = 52
==================================================
[ 13%] Built target compute_pca
[ 17%] Building NVCC ptx file cuda_compile_ptx_1_generated_devicePrograms.cu.ptx
time graph search: 40443.7 ms
compute_dim = 15642337760
compute_dis = 558654920
average dimensions per distance computation = 28
time total search time: 40443.9 ms
checking results...
gt_k = 1000
recall1@1024 = 0.949700
recall10@1024 = 0.872730
recall100@1024 = 0.663050
recall1000@1024 = 0.313588
Free memory: 9212 MB
Total memory: 45372 MB
Used memory: 36160 MB
Clean up RT ...
[ 21%] compiling (and embedding ptx from) devicePrograms.cu
[ 26%] Building C object CMakeFiles/test.dir/cuda_compile_ptx_1_generated_devicePrograms.cu.ptx_embedded.c.o
[ 30%] Building CXX object CMakeFiles/test.dir/main.cpp.o
[ 34%] Building CUDA object CMakeFiles/test.dir/aabb.cu.o
[ 43%] Building CUDA object CMakeFiles/test.dir/entry_helper.cu.o
[ 43%] Building CUDA object CMakeFiles/test.dir/entry.cu.o
[ 47%] Building CUDA object CMakeFiles/test.dir/matrix.cu.o
[ 52%] Building CUDA object CMakeFiles/test.dir/file_read.cu.o
[ 56%] Building CXX object CMakeFiles/test.dir/raytracing.cpp.o
nvcc warning : incompatible redefinition for option 'std', the last value of this option was used
nvcc warning : incompatible redefinition for option 'std', the last value of this option was used
[ 60%] Building CUDA object CMakeFiles/test.dir/graph.cu.o
nvcc warning : incompatible redefinition for option 'std', the last value of this option was used
nvcc warning : incompatible redefinition for option 'std', the last value of this option was used
[ 65%] Building CUDA object CMakeFiles/test.dir/graph_helper.cu.o
[ 69%] Building CUDA object CMakeFiles/test.dir/cache/page_cache.cu.o
nvcc warning : incompatible redefinition for option 'std', the last value of this option was used
nvcc warning : incompatible redefinition for option 'std', the last value of this option was used
nvcc warning : incompatible redefinition for option 'std', the last value of this option was used
nvcc warning : incompatible redefinition for option 'std', the last value of this option was used
In file included from /home/myl/cache_search/head.h:3,
                 from /home/myl/cache_search/raytracing.h:3,
                 from /home/myl/cache_search/raytracing.cpp:2:
/home/myl/optix7.6/NVIDIA-OptiX-SDK-7.6.0-linux64-x86_64/include/optix_stubs.h: In function ‘OptixResult optixUninitWithHandle(void*)’:
/home/myl/optix7.6/NVIDIA-OptiX-SDK-7.6.0-linux64-x86_64/include/optix_stubs.h:256:36: warning: missing initializer for member ‘OptixFunctionTable::optixGetErrorString’ [-Wmissing-field-initializers]
  256 |     OptixFunctionTable empty = { 0 };
      |                                    ^
/home/myl/optix7.6/NVIDIA-OptiX-SDK-7.6.0-linux64-x86_64/include/optix_stubs.h:256:36: warning: missing initializer for member ‘OptixFunctionTable::optixDeviceContextCreate’ [-Wmissing-field-initializers]
/home/myl/optix7.6/NVIDIA-OptiX-SDK-7.6.0-linux64-x86_64/include/optix_stubs.h:256:36: warning: missing initializer for member ‘OptixFunctionTable::optixDeviceContextDestroy’ [-Wmissing-field-initializers]
/home/myl/optix7.6/NVIDIA-OptiX-SDK-7.6.0-linux64-x86_64/include/optix_stubs.h:256:36: warning: missing initializer for member ‘OptixFunctionTable::optixDeviceContextGetProperty’ [-Wmissing-field-initializers]
/home/myl/optix7.6/NVIDIA-OptiX-SDK-7.6.0-linux64-x86_64/include/optix_stubs.h:256:36: warning: missing initializer for member ‘OptixFunctionTable::optixDeviceContextSetLogCallback’ [-Wmissing-field-initializers]
/home/myl/optix7.6/NVIDIA-OptiX-SDK-7.6.0-linux64-x86_64/include/optix_stubs.h:256:36: warning: missing initializer for member ‘OptixFunctionTable::optixDeviceContextSetCacheEnabled’ [-Wmissing-field-initializers]
/home/myl/optix7.6/NVIDIA-OptiX-SDK-7.6.0-linux64-x86_64/include/optix_stubs.h:256:36: warning: missing initializer for member ‘OptixFunctionTable::optixDeviceContextSetCacheLocation’ [-Wmissing-field-initializers]
/home/myl/optix7.6/NVIDIA-OptiX-SDK-7.6.0-linux64-x86_64/include/optix_stubs.h:256:36: warning: missing initializer for member ‘OptixFunctionTable::optixDeviceContextSetCacheDatabaseSizes’ [-Wmissing-field-initializers]
/home/myl/optix7.6/NVIDIA-OptiX-SDK-7.6.0-linux64-x86_64/include/optix_stubs.h:256:36: warning: missing initializer for member ‘OptixFunctionTable::optixDeviceContextGetCacheEnabled’ [-Wmissing-field-initializers]
/home/myl/optix7.6/NVIDIA-OptiX-SDK-7.6.0-linux64-x86_64/include/optix_stubs.h:256:36: warning: missing initializer for member ‘OptixFunctionTable::optixDeviceContextGetCacheLocation’ [-Wmissing-field-initializers]
/home/myl/optix7.6/NVIDIA-OptiX-SDK-7.6.0-linux64-x86_64/include/optix_stubs.h:256:36: warning: missing initializer for member ‘OptixFunctionTable::optixDeviceContextGetCacheDatabaseSizes’ [-Wmissing-field-initializers]
/home/myl/optix7.6/NVIDIA-OptiX-SDK-7.6.0-linux64-x86_64/include/optix_stubs.h:256:36: warning: missing initializer for member ‘OptixFunctionTable::optixModuleCreateFromPTX’ [-Wmissing-field-initializers]
/home/myl/optix7.6/NVIDIA-OptiX-SDK-7.6.0-linux64-x86_64/include/optix_stubs.h:256:36: warning: missing initializer for member ‘OptixFunctionTable::optixModuleCreateFromPTXWithTasks’ [-Wmissing-field-initializers]
/home/myl/optix7.6/NVIDIA-OptiX-SDK-7.6.0-linux64-x86_64/include/optix_stubs.h:256:36: warning: missing initializer for member ‘OptixFunctionTable::optixModuleGetCompilationState’ [-Wmissing-field-initializers]
/home/myl/optix7.6/NVIDIA-OptiX-SDK-7.6.0-linux64-x86_64/include/optix_stubs.h:256:36: warning: missing initializer for member ‘OptixFunctionTable::optixModuleDestroy’ [-Wmissing-field-initializers]
/home/myl/optix7.6/NVIDIA-OptiX-SDK-7.6.0-linux64-x86_64/include/optix_stubs.h:256:36: warning: missing initializer for member ‘OptixFunctionTable::optixBuiltinISModuleGet’ [-Wmissing-field-initializers]
/home/myl/optix7.6/NVIDIA-OptiX-SDK-7.6.0-linux64-x86_64/include/optix_stubs.h:256:36: warning: missing initializer for member ‘OptixFunctionTable::optixTaskExecute’ [-Wmissing-field-initializers]
/home/myl/optix7.6/NVIDIA-OptiX-SDK-7.6.0-linux64-x86_64/include/optix_stubs.h:256:36: warning: missing initializer for member ‘OptixFunctionTable::optixProgramGroupCreate’ [-Wmissing-field-initializers]
/home/myl/optix7.6/NVIDIA-OptiX-SDK-7.6.0-linux64-x86_64/include/optix_stubs.h:256:36: warning: missing initializer for member ‘OptixFunctionTable::optixProgramGroupDestroy’ [-Wmissing-field-initializers]
/home/myl/optix7.6/NVIDIA-OptiX-SDK-7.6.0-linux64-x86_64/include/optix_stubs.h:256:36: warning: missing initializer for member ‘OptixFunctionTable::optixProgramGroupGetStackSize’ [-Wmissing-field-initializers]
/home/myl/optix7.6/NVIDIA-OptiX-SDK-7.6.0-linux64-x86_64/include/optix_stubs.h:256:36: warning: missing initializer for member ‘OptixFunctionTable::optixPipelineCreate’ [-Wmissing-field-initializers]
/home/myl/optix7.6/NVIDIA-OptiX-SDK-7.6.0-linux64-x86_64/include/optix_stubs.h:256:36: warning: missing initializer for member ‘OptixFunctionTable::optixPipelineDestroy’ [-Wmissing-field-initializers]
/home/myl/optix7.6/NVIDIA-OptiX-SDK-7.6.0-linux64-x86_64/include/optix_stubs.h:256:36: warning: missing initializer for member ‘OptixFunctionTable::optixPipelineSetStackSize’ [-Wmissing-field-initializers]
/home/myl/optix7.6/NVIDIA-OptiX-SDK-7.6.0-linux64-x86_64/include/optix_stubs.h:256:36: warning: missing initializer for member ‘OptixFunctionTable::optixAccelComputeMemoryUsage’ [-Wmissing-field-initializers]
/home/myl/optix7.6/NVIDIA-OptiX-SDK-7.6.0-linux64-x86_64/include/optix_stubs.h:256:36: warning: missing initializer for member ‘OptixFunctionTable::optixAccelBuild’ [-Wmissing-field-initializers]
/home/myl/optix7.6/NVIDIA-OptiX-SDK-7.6.0-linux64-x86_64/include/optix_stubs.h:256:36: warning: missing initializer for member ‘OptixFunctionTable::optixAccelGetRelocationInfo’ [-Wmissing-field-initializers]
/home/myl/optix7.6/NVIDIA-OptiX-SDK-7.6.0-linux64-x86_64/include/optix_stubs.h:256:36: warning: missing initializer for member ‘OptixFunctionTable::optixCheckRelocationCompatibility’ [-Wmissing-field-initializers]
/home/myl/optix7.6/NVIDIA-OptiX-SDK-7.6.0-linux64-x86_64/include/optix_stubs.h:256:36: warning: missing initializer for member ‘OptixFunctionTable::optixAccelRelocate’ [-Wmissing-field-initializers]
/home/myl/optix7.6/NVIDIA-OptiX-SDK-7.6.0-linux64-x86_64/include/optix_stubs.h:256:36: warning: missing initializer for member ‘OptixFunctionTable::optixAccelCompact’ [-Wmissing-field-initializers]
/home/myl/optix7.6/NVIDIA-OptiX-SDK-7.6.0-linux64-x86_64/include/optix_stubs.h:256:36: warning: missing initializer for member ‘OptixFunctionTable::optixConvertPointerToTraversableHandle’ [-Wmissing-field-initializers]
/home/myl/optix7.6/NVIDIA-OptiX-SDK-7.6.0-linux64-x86_64/include/optix_stubs.h:256:36: warning: missing initializer for member ‘OptixFunctionTable::optixOpacityMicromapArrayComputeMemoryUsage’ [-Wmissing-field-initializers]
/home/myl/optix7.6/NVIDIA-OptiX-SDK-7.6.0-linux64-x86_64/include/optix_stubs.h:256:36: warning: missing initializer for member ‘OptixFunctionTable::optixOpacityMicromapArrayBuild’ [-Wmissing-field-initializers]
/home/myl/optix7.6/NVIDIA-OptiX-SDK-7.6.0-linux64-x86_64/include/optix_stubs.h:256:36: warning: missing initializer for member ‘OptixFunctionTable::optixOpacityMicromapArrayGetRelocationInfo’ [-Wmissing-field-initializers]
/home/myl/optix7.6/NVIDIA-OptiX-SDK-7.6.0-linux64-x86_64/include/optix_stubs.h:256:36: warning: missing initializer for member ‘OptixFunctionTable::optixOpacityMicromapArrayRelocate’ [-Wmissing-field-initializers]
/home/myl/optix7.6/NVIDIA-OptiX-SDK-7.6.0-linux64-x86_64/include/optix_stubs.h:256:36: warning: missing initializer for member ‘OptixFunctionTable::reserved1’ [-Wmissing-field-initializers]
/home/myl/optix7.6/NVIDIA-OptiX-SDK-7.6.0-linux64-x86_64/include/optix_stubs.h:256:36: warning: missing initializer for member ‘OptixFunctionTable::reserved2’ [-Wmissing-field-initializers]
/home/myl/optix7.6/NVIDIA-OptiX-SDK-7.6.0-linux64-x86_64/include/optix_stubs.h:256:36: warning: missing initializer for member ‘OptixFunctionTable::optixSbtRecordPackHeader’ [-Wmissing-field-initializers]
/home/myl/optix7.6/NVIDIA-OptiX-SDK-7.6.0-linux64-x86_64/include/optix_stubs.h:256:36: warning: missing initializer for member ‘OptixFunctionTable::optixLaunch’ [-Wmissing-field-initializers]
/home/myl/optix7.6/NVIDIA-OptiX-SDK-7.6.0-linux64-x86_64/include/optix_stubs.h:256:36: warning: missing initializer for member ‘OptixFunctionTable::optixDenoiserCreate’ [-Wmissing-field-initializers]
/home/myl/optix7.6/NVIDIA-OptiX-SDK-7.6.0-linux64-x86_64/include/optix_stubs.h:256:36: warning: missing initializer for member ‘OptixFunctionTable::optixDenoiserDestroy’ [-Wmissing-field-initializers]
/home/myl/optix7.6/NVIDIA-OptiX-SDK-7.6.0-linux64-x86_64/include/optix_stubs.h:256:36: warning: missing initializer for member ‘OptixFunctionTable::optixDenoiserComputeMemoryResources’ [-Wmissing-field-initializers]
/home/myl/optix7.6/NVIDIA-OptiX-SDK-7.6.0-linux64-x86_64/include/optix_stubs.h:256:36: warning: missing initializer for member ‘OptixFunctionTable::optixDenoiserSetup’ [-Wmissing-field-initializers]
/home/myl/optix7.6/NVIDIA-OptiX-SDK-7.6.0-linux64-x86_64/include/optix_stubs.h:256:36: warning: missing initializer for member ‘OptixFunctionTable::optixDenoiserInvoke’ [-Wmissing-field-initializers]
/home/myl/optix7.6/NVIDIA-OptiX-SDK-7.6.0-linux64-x86_64/include/optix_stubs.h:256:36: warning: missing initializer for member ‘OptixFunctionTable::optixDenoiserComputeIntensity’ [-Wmissing-field-initializers]
/home/myl/optix7.6/NVIDIA-OptiX-SDK-7.6.0-linux64-x86_64/include/optix_stubs.h:256:36: warning: missing initializer for member ‘OptixFunctionTable::optixDenoiserComputeAverageColor’ [-Wmissing-field-initializers]
/home/myl/optix7.6/NVIDIA-OptiX-SDK-7.6.0-linux64-x86_64/include/optix_stubs.h:256:36: warning: missing initializer for member ‘OptixFunctionTable::optixDenoiserCreateWithUserModel’ [-Wmissing-field-initializers]
/home/myl/cache_search/cache/page_cache.cu:29: warning: "CUDA_CHECK" redefined
   29 | #define CUDA_CHECK(expr) cuda_check((expr), #expr, __FILE__, __LINE__)
      | 
In file included from /home/myl/cache_search/cache/../head.h:21,
                 from /home/myl/cache_search/cache/page_cache.h:7,
                 from /home/myl/cache_search/cache/page_cache.cu:1:
/home/myl/cache_search/cache/../helper.h:14: note: this is the location of the previous definition
   14 | #define CUDA_CHECK(call)                                                   \
      | 
In file included from /home/myl/cache_search/head.h:3,
                 from /home/myl/cache_search/entry.h:8,
                 from /home/myl/cache_search/graph.h:2,
                 from /home/myl/cache_search/main.cpp:3:
/home/myl/optix7.6/NVIDIA-OptiX-SDK-7.6.0-linux64-x86_64/include/optix_stubs.h: In function ‘OptixResult optixUninitWithHandle(void*)’:
/home/myl/optix7.6/NVIDIA-OptiX-SDK-7.6.0-linux64-x86_64/include/optix_stubs.h:256:36: warning: missing initializer for member ‘OptixFunctionTable::optixGetErrorString’ [-Wmissing-field-initializers]
  256 |     OptixFunctionTable empty = { 0 };
      |                                    ^
/home/myl/optix7.6/NVIDIA-OptiX-SDK-7.6.0-linux64-x86_64/include/optix_stubs.h:256:36: warning: missing initializer for member ‘OptixFunctionTable::optixDeviceContextCreate’ [-Wmissing-field-initializers]
/home/myl/optix7.6/NVIDIA-OptiX-SDK-7.6.0-linux64-x86_64/include/optix_stubs.h:256:36: warning: missing initializer for member ‘OptixFunctionTable::optixDeviceContextDestroy’ [-Wmissing-field-initializers]
/home/myl/optix7.6/NVIDIA-OptiX-SDK-7.6.0-linux64-x86_64/include/optix_stubs.h:256:36: warning: missing initializer for member ‘OptixFunctionTable::optixDeviceContextGetProperty’ [-Wmissing-field-initializers]
/home/myl/optix7.6/NVIDIA-OptiX-SDK-7.6.0-linux64-x86_64/include/optix_stubs.h:256:36: warning: missing initializer for member ‘OptixFunctionTable::optixDeviceContextSetLogCallback’ [-Wmissing-field-initializers]
/home/myl/optix7.6/NVIDIA-OptiX-SDK-7.6.0-linux64-x86_64/include/optix_stubs.h:256:36: warning: missing initializer for member ‘OptixFunctionTable::optixDeviceContextSetCacheEnabled’ [-Wmissing-field-initializers]
/home/myl/optix7.6/NVIDIA-OptiX-SDK-7.6.0-linux64-x86_64/include/optix_stubs.h:256:36: warning: missing initializer for member ‘OptixFunctionTable::optixDeviceContextSetCacheLocation’ [-Wmissing-field-initializers]
/home/myl/optix7.6/NVIDIA-OptiX-SDK-7.6.0-linux64-x86_64/include/optix_stubs.h:256:36: warning: missing initializer for member ‘OptixFunctionTable::optixDeviceContextSetCacheDatabaseSizes’ [-Wmissing-field-initializers]
/home/myl/optix7.6/NVIDIA-OptiX-SDK-7.6.0-linux64-x86_64/include/optix_stubs.h:256:36: warning: missing initializer for member ‘OptixFunctionTable::optixDeviceContextGetCacheEnabled’ [-Wmissing-field-initializers]
/home/myl/optix7.6/NVIDIA-OptiX-SDK-7.6.0-linux64-x86_64/include/optix_stubs.h:256:36: warning: missing initializer for member ‘OptixFunctionTable::optixDeviceContextGetCacheLocation’ [-Wmissing-field-initializers]
/home/myl/optix7.6/NVIDIA-OptiX-SDK-7.6.0-linux64-x86_64/include/optix_stubs.h:256:36: warning: missing initializer for member ‘OptixFunctionTable::optixDeviceContextGetCacheDatabaseSizes’ [-Wmissing-field-initializers]
/home/myl/optix7.6/NVIDIA-OptiX-SDK-7.6.0-linux64-x86_64/include/optix_stubs.h:256:36: warning: missing initializer for member ‘OptixFunctionTable::optixModuleCreateFromPTX’ [-Wmissing-field-initializers]
/home/myl/optix7.6/NVIDIA-OptiX-SDK-7.6.0-linux64-x86_64/include/optix_stubs.h:256:36: warning: missing initializer for member ‘OptixFunctionTable::optixModuleCreateFromPTXWithTasks’ [-Wmissing-field-initializers]
/home/myl/optix7.6/NVIDIA-OptiX-SDK-7.6.0-linux64-x86_64/include/optix_stubs.h:256:36: warning: missing initializer for member ‘OptixFunctionTable::optixModuleGetCompilationState’ [-Wmissing-field-initializers]
/home/myl/optix7.6/NVIDIA-OptiX-SDK-7.6.0-linux64-x86_64/include/optix_stubs.h:256:36: warning: missing initializer for member ‘OptixFunctionTable::optixModuleDestroy’ [-Wmissing-field-initializers]
/home/myl/optix7.6/NVIDIA-OptiX-SDK-7.6.0-linux64-x86_64/include/optix_stubs.h:256:36: warning: missing initializer for member ‘OptixFunctionTable::optixBuiltinISModuleGet’ [-Wmissing-field-initializers]
/home/myl/optix7.6/NVIDIA-OptiX-SDK-7.6.0-linux64-x86_64/include/optix_stubs.h:256:36: warning: missing initializer for member ‘OptixFunctionTable::optixTaskExecute’ [-Wmissing-field-initializers]
/home/myl/optix7.6/NVIDIA-OptiX-SDK-7.6.0-linux64-x86_64/include/optix_stubs.h:256:36: warning: missing initializer for member ‘OptixFunctionTable::optixProgramGroupCreate’ [-Wmissing-field-initializers]
/home/myl/optix7.6/NVIDIA-OptiX-SDK-7.6.0-linux64-x86_64/include/optix_stubs.h:256:36: warning: missing initializer for member ‘OptixFunctionTable::optixProgramGroupDestroy’ [-Wmissing-field-initializers]
/home/myl/optix7.6/NVIDIA-OptiX-SDK-7.6.0-linux64-x86_64/include/optix_stubs.h:256:36: warning: missing initializer for member ‘OptixFunctionTable::optixProgramGroupGetStackSize’ [-Wmissing-field-initializers]
/home/myl/optix7.6/NVIDIA-OptiX-SDK-7.6.0-linux64-x86_64/include/optix_stubs.h:256:36: warning: missing initializer for member ‘OptixFunctionTable::optixPipelineCreate’ [-Wmissing-field-initializers]
/home/myl/optix7.6/NVIDIA-OptiX-SDK-7.6.0-linux64-x86_64/include/optix_stubs.h:256:36: warning: missing initializer for member ‘OptixFunctionTable::optixPipelineDestroy’ [-Wmissing-field-initializers]
/home/myl/optix7.6/NVIDIA-OptiX-SDK-7.6.0-linux64-x86_64/include/optix_stubs.h:256:36: warning: missing initializer for member ‘OptixFunctionTable::optixPipelineSetStackSize’ [-Wmissing-field-initializers]
/home/myl/optix7.6/NVIDIA-OptiX-SDK-7.6.0-linux64-x86_64/include/optix_stubs.h:256:36: warning: missing initializer for member ‘OptixFunctionTable::optixAccelComputeMemoryUsage’ [-Wmissing-field-initializers]
/home/myl/optix7.6/NVIDIA-OptiX-SDK-7.6.0-linux64-x86_64/include/optix_stubs.h:256:36: warning: missing initializer for member ‘OptixFunctionTable::optixAccelBuild’ [-Wmissing-field-initializers]
/home/myl/optix7.6/NVIDIA-OptiX-SDK-7.6.0-linux64-x86_64/include/optix_stubs.h:256:36: warning: missing initializer for member ‘OptixFunctionTable::optixAccelGetRelocationInfo’ [-Wmissing-field-initializers]
/home/myl/optix7.6/NVIDIA-OptiX-SDK-7.6.0-linux64-x86_64/include/optix_stubs.h:256:36: warning: missing initializer for member ‘OptixFunctionTable::optixCheckRelocationCompatibility’ [-Wmissing-field-initializers]
/home/myl/optix7.6/NVIDIA-OptiX-SDK-7.6.0-linux64-x86_64/include/optix_stubs.h:256:36: warning: missing initializer for member ‘OptixFunctionTable::optixAccelRelocate’ [-Wmissing-field-initializers]
/home/myl/optix7.6/NVIDIA-OptiX-SDK-7.6.0-linux64-x86_64/include/optix_stubs.h:256:36: warning: missing initializer for member ‘OptixFunctionTable::optixAccelCompact’ [-Wmissing-field-initializers]
/home/myl/optix7.6/NVIDIA-OptiX-SDK-7.6.0-linux64-x86_64/include/optix_stubs.h:256:36: warning: missing initializer for member ‘OptixFunctionTable::optixConvertPointerToTraversableHandle’ [-Wmissing-field-initializers]
/home/myl/optix7.6/NVIDIA-OptiX-SDK-7.6.0-linux64-x86_64/include/optix_stubs.h:256:36: warning: missing initializer for member ‘OptixFunctionTable::optixOpacityMicromapArrayComputeMemoryUsage’ [-Wmissing-field-initializers]
/home/myl/optix7.6/NVIDIA-OptiX-SDK-7.6.0-linux64-x86_64/include/optix_stubs.h:256:36: warning: missing initializer for member ‘OptixFunctionTable::optixOpacityMicromapArrayBuild’ [-Wmissing-field-initializers]
/home/myl/optix7.6/NVIDIA-OptiX-SDK-7.6.0-linux64-x86_64/include/optix_stubs.h:256:36: warning: missing initializer for member ‘OptixFunctionTable::optixOpacityMicromapArrayGetRelocationInfo’ [-Wmissing-field-initializers]
/home/myl/optix7.6/NVIDIA-OptiX-SDK-7.6.0-linux64-x86_64/include/optix_stubs.h:256:36: warning: missing initializer for member ‘OptixFunctionTable::optixOpacityMicromapArrayRelocate’ [-Wmissing-field-initializers]
/home/myl/optix7.6/NVIDIA-OptiX-SDK-7.6.0-linux64-x86_64/include/optix_stubs.h:256:36: warning: missing initializer for member ‘OptixFunctionTable::reserved1’ [-Wmissing-field-initializers]
/home/myl/optix7.6/NVIDIA-OptiX-SDK-7.6.0-linux64-x86_64/include/optix_stubs.h:256:36: warning: missing initializer for member ‘OptixFunctionTable::reserved2’ [-Wmissing-field-initializers]
/home/myl/optix7.6/NVIDIA-OptiX-SDK-7.6.0-linux64-x86_64/include/optix_stubs.h:256:36: warning: missing initializer for member ‘OptixFunctionTable::optixSbtRecordPackHeader’ [-Wmissing-field-initializers]
/home/myl/optix7.6/NVIDIA-OptiX-SDK-7.6.0-linux64-x86_64/include/optix_stubs.h:256:36: warning: missing initializer for member ‘OptixFunctionTable::optixLaunch’ [-Wmissing-field-initializers]
/home/myl/optix7.6/NVIDIA-OptiX-SDK-7.6.0-linux64-x86_64/include/optix_stubs.h:256:36: warning: missing initializer for member ‘OptixFunctionTable::optixDenoiserCreate’ [-Wmissing-field-initializers]
/home/myl/optix7.6/NVIDIA-OptiX-SDK-7.6.0-linux64-x86_64/include/optix_stubs.h:256:36: warning: missing initializer for member ‘OptixFunctionTable::optixDenoiserDestroy’ [-Wmissing-field-initializers]
/home/myl/optix7.6/NVIDIA-OptiX-SDK-7.6.0-linux64-x86_64/include/optix_stubs.h:256:36: warning: missing initializer for member ‘OptixFunctionTable::optixDenoiserComputeMemoryResources’ [-Wmissing-field-initializers]
/home/myl/optix7.6/NVIDIA-OptiX-SDK-7.6.0-linux64-x86_64/include/optix_stubs.h:256:36: warning: missing initializer for member ‘OptixFunctionTable::optixDenoiserSetup’ [-Wmissing-field-initializers]
/home/myl/optix7.6/NVIDIA-OptiX-SDK-7.6.0-linux64-x86_64/include/optix_stubs.h:256:36: warning: missing initializer for member ‘OptixFunctionTable::optixDenoiserInvoke’ [-Wmissing-field-initializers]
/home/myl/optix7.6/NVIDIA-OptiX-SDK-7.6.0-linux64-x86_64/include/optix_stubs.h:256:36: warning: missing initializer for member ‘OptixFunctionTable::optixDenoiserComputeIntensity’ [-Wmissing-field-initializers]
/home/myl/optix7.6/NVIDIA-OptiX-SDK-7.6.0-linux64-x86_64/include/optix_stubs.h:256:36: warning: missing initializer for member ‘OptixFunctionTable::optixDenoiserComputeAverageColor’ [-Wmissing-field-initializers]
/home/myl/optix7.6/NVIDIA-OptiX-SDK-7.6.0-linux64-x86_64/include/optix_stubs.h:256:36: warning: missing initializer for member ‘OptixFunctionTable::optixDenoiserCreateWithUserModel’ [-Wmissing-field-initializers]
/home/myl/cache_search/cache/page_cache.cu:29: warning: "CUDA_CHECK" redefined
   29 | #define CUDA_CHECK(expr) cuda_check((expr), #expr, __FILE__, __LINE__)
      | 
In file included from /home/myl/cache_search/cache/../head.h:21,
                 from /home/myl/cache_search/cache/page_cache.h:7,
                 from /home/myl/cache_search/cache/page_cache.cu:1:
/home/myl/cache_search/cache/../helper.h:14: note: this is the location of the previous definition
   14 | #define CUDA_CHECK(call)                                                   \
      | 
Finish cleaning up RT
/home/myl/cache_search/cache/page_cache.cu:29: warning: "CUDA_CHECK" redefined
   29 | #define CUDA_CHECK(expr) cuda_check((expr), #expr, __FILE__, __LINE__)
      | 
In file included from /home/myl/cache_search/cache/../head.h:21,
                 from /home/myl/cache_search/cache/page_cache.h:7,
                 from /home/myl/cache_search/cache/page_cache.cu:1:
/home/myl/cache_search/cache/../helper.h:14: note: this is the location of the previous definition
   14 | #define CUDA_CHECK(call)                                                   \
      | 
In file included from /home/myl/cache_search/graph.h:3,
                 from /home/myl/cache_search/main.cpp:3:
/home/myl/cache_search/pca/pca.h: In constructor ‘PCA::PCA(float*, uint, uint)’:
/home/myl/cache_search/pca/pca.h:17:23: warning: comparison of integer expressions of different signedness: ‘int’ and ‘uint’ {aka ‘unsigned int’} [-Wsign-compare]
   17 |     for (int i = 0; i < nb; i++) {
      |                     ~~^~~~
/home/myl/cache_search/pca/pca.h:18:25: warning: comparison of integer expressions of different signedness: ‘int’ and ‘uint’ {aka ‘unsigned int’} [-Wsign-compare]
   18 |       for (int j = 0; j < dim; j++) {
      |                       ~~^~~~~
/home/myl/cache_search/main.cpp: In function ‘int main(int, char**)’:
/home/myl/cache_search/main.cpp:91:9: warning: unused variable ‘datafile’ [-Wunused-variable]
   91 |   char* datafile = (char*)FLAGS_data_path.c_str();
      |         ^~~~~~~~
/home/myl/cache_search/main.cpp:92:9: warning: unused variable ‘queryfile’ [-Wunused-variable]
   92 |   char* queryfile = (char*)FLAGS_query_path.c_str();
      |         ^~~~~~~~~
/home/myl/cache_search/main.cpp:93:9: warning: unused variable ‘gtfile’ [-Wunused-variable]
   93 |   char* gtfile = (char*)FLAGS_gt_path.c_str();
      |         ^~~~~~
/home/myl/cache_search/file_read.cu(138): warning #1650-D: result of call is not used
    fscanf(file, "%d %d", &n, &d);
    ^

Remark: The warnings can be suppressed with "-diag-suppress <warning-number>"

/home/myl/cache_search/file_read.cu(142): warning #1650-D: result of call is not used
        fscanf(file, "%f,", &data[i * d + j]);
        ^

/home/myl/cache_search/file_read.cu(144): warning #1650-D: result of call is not used
      fscanf(file, "%f", &data[i * d + d - 1]);
      ^

/home/myl/cache_search/file_read.cu(206): warning #1650-D: result of call is not used
    fread(&d, sizeof(d), 1, file);
    ^

/home/myl/cache_search/file_read.cu(208): warning #1650-D: result of call is not used
    fread(data_ptr, sizeof(float), n*d, file);
    ^

/home/myl/cache_search/file_read.cu(138): warning #1650-D: result of call is not used
    fscanf(file, "%d %d", &n, &d);
    ^

Remark: The warnings can be suppressed with "-diag-suppress <warning-number>"

/home/myl/cache_search/file_read.cu(142): warning #1650-D: result of call is not used
        fscanf(file, "%f,", &data[i * d + j]);
        ^

/home/myl/cache_search/file_read.cu(144): warning #1650-D: result of call is not used
      fscanf(file, "%f", &data[i * d + d - 1]);
      ^

/home/myl/cache_search/file_read.cu(206): warning #1650-D: result of call is not used
    fread(&d, sizeof(d), 1, file);
    ^

/home/myl/cache_search/file_read.cu(208): warning #1650-D: result of call is not used
    fread(data_ptr, sizeof(float), n*d, file);
    ^

/home/myl/cache_search/graph_helper.cu(222): warning #177-D: variable "max_threads" was declared but never referenced
    int max_threads = 64;
        ^

Remark: The warnings can be suppressed with "-diag-suppress <warning-number>"

/home/myl/cache_search/graph_search.cuh(167): warning #177-D: variable "random_entry_seed" was declared but never referenced
    uint random_entry_seed = b_id*blockSize + t_id;
         ^

Remark: The warnings can be suppressed with "-diag-suppress <warning-number>"

/home/myl/cache_search/file_read.cu(138): warning #1650-D: result of call is not used
    fscanf(file, "%d %d", &n, &d);
    ^

Remark: The warnings can be suppressed with "-diag-suppress <warning-number>"

/home/myl/cache_search/file_read.cu(142): warning #1650-D: result of call is not used
        fscanf(file, "%f,", &data[i * d + j]);
        ^

/home/myl/cache_search/file_read.cu(144): warning #1650-D: result of call is not used
      fscanf(file, "%f", &data[i * d + d - 1]);
      ^

/home/myl/cache_search/file_read.cu(206): warning #1650-D: result of call is not used
    fread(&d, sizeof(d), 1, file);
    ^

/home/myl/cache_search/file_read.cu(208): warning #1650-D: result of call is not used
    fread(data_ptr, sizeof(float), n*d, file);
    ^

/home/myl/cache_search/graph_helper.cu(222): warning #177-D: variable "max_threads" was declared but never referenced
    int max_threads = 64;
        ^

Remark: The warnings can be suppressed with "-diag-suppress <warning-number>"

/home/myl/cache_search/file_read.cu: In static member function ‘static void file_read::read_txt_file(const char*, int&, int&, thrust::host_vector<float>&)’:
/home/myl/cache_search/file_read.cu:138:7: warning: ignoring return value of ‘int fscanf(FILE*, const char*, ...)’ declared with attribute ‘warn_unused_result’ [-Wunused-result]
  138 |   fscanf(file, "%d %d", &n, &d);
      |   ~~~~^~~~~~~~~~~~~~~~~~~~~~~
/home/myl/cache_search/file_read.cu:142:7: warning: ignoring return value of ‘int fscanf(FILE*, const char*, ...)’ declared with attribute ‘warn_unused_result’ [-Wunused-result]
  142 |       fscanf(file, "%f,", &data[i * d + j]);
      |       ^~~~~~~~~~~~~~~~~~~~~~~~~~~~~~~~~
/home/myl/cache_search/file_read.cu:144:7: warning: ignoring return value of ‘int fscanf(FILE*, const char*, ...)’ declared with attribute ‘warn_unused_result’ [-Wunused-result]
  144 |     fscanf(file, "%f", &data[i * d + d - 1]);
      |     ~~^~~~~~~~~~~~~~~~~~~~~~~~~~~~~~~~~~~~~~
/home/myl/cache_search/file_read.cu: In static member function ‘static void file_read::read_hvecs_file(const char*, int&, int&, thrust::host_vector<float>&)’:
/home/myl/cache_search/file_read.cu:206:6: warning: ignoring return value of ‘size_t fread(void*, size_t, size_t, FILE*)’ declared with attribute ‘warn_unused_result’ [-Wunused-result]
  206 |   fread(&d, sizeof(d), 1, file);
      |   ~~~^~~~~~~~~~~~~~~~~~~~~~~
/home/myl/cache_search/file_read.cu:208:6: warning: ignoring return value of ‘size_t fread(void*, size_t, size_t, FILE*)’ declared with attribute ‘warn_unused_result’ [-Wunused-result]
  208 |   fread(data_ptr, sizeof(float), n*d, file);
      |   ~~~^~~~~~~~~~~~~~~~~~~~~~~~~~~~~~~~~~~~~~
/home/myl/cache_search/graph_search.cuh(167): warning #177-D: variable "random_entry_seed" was declared but never referenced
    uint random_entry_seed = b_id*blockSize + t_id;
         ^

Remark: The warnings can be suppressed with "-diag-suppress <warning-number>"

[ 73%] Linking CXX executable /home/myl/cache_search/bin/test
[100%] Built target test
正在运行 ./test --ALGO=1 --topk=0 --n_candidates=1024 --expand_ratio=0.2 --point_ratio=0.00001024 --search_width=4 --t=50 --n_cluster=1000  --max_iter=1000 ...
Total GPUs visible: 6, using [3]: NVIDIA L40
Available Memory: 44940 MB, Total Memory: 45372 MB
Shared memory per block: 49152 bytes
Shared memory per SM   : 102400 bytes
Shared memory per block (optin): 101376 bytes
Input
n = 10000, d = 128
np = 100000000, dim = 128
Cluster number: 10000
Centroids read successfully
Input: copy points to device
Input: finish copy points to device
degree = 64
RB_Graph: finish read or build graph
Projection: reading pca base file /mnt/IntelP5520_8T_1/myl/cache_search/data/sift100M/rotated_base.fbin
read PCA file
sizeof_points = 12800000000
Projection: finish reading pca base file
BlockUp function
reading AABB from file /mnt/IntelP5520_8T_1/myl/cache_search/data/sift100M/1024_0.aabbs
Create context
Create module
Create program groups
Create pipeline
Create SBT
BVH Building Time = 0.465152 ms
batch_size = 5
time build_query_batches: 0.047782 ms
time pca projection: 0.159603 ms
time rt_entry search: 0.07151 ms
time graph search: 40838.6 ms
compute_dim = 28224022216
compute_dis = 542769658
average dimensions per distance computation = 52
time total search time: 40838.8 ms
checking results...
gt_k = 1000
recall1@1024 = 0.999900
recall10@1024 = 0.999330
recall100@1024 = 0.996436
recall1000@1024 = 0.722601
Free memory: 56 MB
Total memory: 45372 MB
Used memory: 45316 MB
Clean up RT ...
Finish cleaning up RT
完成 DIM = 52 的测试

==================================================
正在处理: DIM = 51
==================================================
[ 13%] Built target compute_pca
[ 17%] Building NVCC ptx file cuda_compile_ptx_1_generated_devicePrograms.cu.ptx
[ 21%] compiling (and embedding ptx from) devicePrograms.cu
[ 26%] Building C object CMakeFiles/test.dir/cuda_compile_ptx_1_generated_devicePrograms.cu.ptx_embedded.c.o
[ 34%] Building CUDA object CMakeFiles/test.dir/aabb.cu.o
[ 34%] Building CXX object CMakeFiles/test.dir/main.cpp.o
[ 39%] Building CUDA object CMakeFiles/test.dir/entry.cu.o
[ 43%] Building CUDA object CMakeFiles/test.dir/entry_helper.cu.o
[ 47%] Building CUDA object CMakeFiles/test.dir/matrix.cu.o
[ 52%] Building CUDA object CMakeFiles/test.dir/file_read.cu.o
nvcc warning : incompatible redefinition for option 'std', the last value of this option was used
nvcc warning : incompatible redefinition for option 'std', the last value of this option was used
[ 56%] Building CXX object CMakeFiles/test.dir/raytracing.cpp.o
nvcc warning : incompatible redefinition for option 'std', the last value of this option was used
[ 60%] Building CUDA object CMakeFiles/test.dir/graph.cu.o
nvcc warning : incompatible redefinition for option 'std', the last value of this option was used
[ 65%] Building CUDA object CMakeFiles/test.dir/graph_helper.cu.o
nvcc warning : incompatible redefinition for option 'std', the last value of this option was used
[ 69%] Building CUDA object CMakeFiles/test.dir/cache/page_cache.cu.o
nvcc warning : incompatible redefinition for option 'std', the last value of this option was used
nvcc warning : incompatible redefinition for option 'std', the last value of this option was used
nvcc warning : incompatible redefinition for option 'std', the last value of this option was used
In file included from /home/myl/cache_search/head.h:3,
                 from /home/myl/cache_search/raytracing.h:3,
                 from /home/myl/cache_search/raytracing.cpp:2:
/home/myl/optix7.6/NVIDIA-OptiX-SDK-7.6.0-linux64-x86_64/include/optix_stubs.h: In function ‘OptixResult optixUninitWithHandle(void*)’:
/home/myl/optix7.6/NVIDIA-OptiX-SDK-7.6.0-linux64-x86_64/include/optix_stubs.h:256:36: warning: missing initializer for member ‘OptixFunctionTable::optixGetErrorString’ [-Wmissing-field-initializers]
  256 |     OptixFunctionTable empty = { 0 };
      |                                    ^
/home/myl/optix7.6/NVIDIA-OptiX-SDK-7.6.0-linux64-x86_64/include/optix_stubs.h:256:36: warning: missing initializer for member ‘OptixFunctionTable::optixDeviceContextCreate’ [-Wmissing-field-initializers]
/home/myl/optix7.6/NVIDIA-OptiX-SDK-7.6.0-linux64-x86_64/include/optix_stubs.h:256:36: warning: missing initializer for member ‘OptixFunctionTable::optixDeviceContextDestroy’ [-Wmissing-field-initializers]
/home/myl/optix7.6/NVIDIA-OptiX-SDK-7.6.0-linux64-x86_64/include/optix_stubs.h:256:36: warning: missing initializer for member ‘OptixFunctionTable::optixDeviceContextGetProperty’ [-Wmissing-field-initializers]
/home/myl/optix7.6/NVIDIA-OptiX-SDK-7.6.0-linux64-x86_64/include/optix_stubs.h:256:36: warning: missing initializer for member ‘OptixFunctionTable::optixDeviceContextSetLogCallback’ [-Wmissing-field-initializers]
/home/myl/optix7.6/NVIDIA-OptiX-SDK-7.6.0-linux64-x86_64/include/optix_stubs.h:256:36: warning: missing initializer for member ‘OptixFunctionTable::optixDeviceContextSetCacheEnabled’ [-Wmissing-field-initializers]
/home/myl/optix7.6/NVIDIA-OptiX-SDK-7.6.0-linux64-x86_64/include/optix_stubs.h:256:36: warning: missing initializer for member ‘OptixFunctionTable::optixDeviceContextSetCacheLocation’ [-Wmissing-field-initializers]
/home/myl/optix7.6/NVIDIA-OptiX-SDK-7.6.0-linux64-x86_64/include/optix_stubs.h:256:36: warning: missing initializer for member ‘OptixFunctionTable::optixDeviceContextSetCacheDatabaseSizes’ [-Wmissing-field-initializers]
/home/myl/optix7.6/NVIDIA-OptiX-SDK-7.6.0-linux64-x86_64/include/optix_stubs.h:256:36: warning: missing initializer for member ‘OptixFunctionTable::optixDeviceContextGetCacheEnabled’ [-Wmissing-field-initializers]
/home/myl/optix7.6/NVIDIA-OptiX-SDK-7.6.0-linux64-x86_64/include/optix_stubs.h:256:36: warning: missing initializer for member ‘OptixFunctionTable::optixDeviceContextGetCacheLocation’ [-Wmissing-field-initializers]
/home/myl/optix7.6/NVIDIA-OptiX-SDK-7.6.0-linux64-x86_64/include/optix_stubs.h:256:36: warning: missing initializer for member ‘OptixFunctionTable::optixDeviceContextGetCacheDatabaseSizes’ [-Wmissing-field-initializers]
/home/myl/optix7.6/NVIDIA-OptiX-SDK-7.6.0-linux64-x86_64/include/optix_stubs.h:256:36: warning: missing initializer for member ‘OptixFunctionTable::optixModuleCreateFromPTX’ [-Wmissing-field-initializers]
/home/myl/optix7.6/NVIDIA-OptiX-SDK-7.6.0-linux64-x86_64/include/optix_stubs.h:256:36: warning: missing initializer for member ‘OptixFunctionTable::optixModuleCreateFromPTXWithTasks’ [-Wmissing-field-initializers]
/home/myl/optix7.6/NVIDIA-OptiX-SDK-7.6.0-linux64-x86_64/include/optix_stubs.h:256:36: warning: missing initializer for member ‘OptixFunctionTable::optixModuleGetCompilationState’ [-Wmissing-field-initializers]
/home/myl/optix7.6/NVIDIA-OptiX-SDK-7.6.0-linux64-x86_64/include/optix_stubs.h:256:36: warning: missing initializer for member ‘OptixFunctionTable::optixModuleDestroy’ [-Wmissing-field-initializers]
/home/myl/optix7.6/NVIDIA-OptiX-SDK-7.6.0-linux64-x86_64/include/optix_stubs.h:256:36: warning: missing initializer for member ‘OptixFunctionTable::optixBuiltinISModuleGet’ [-Wmissing-field-initializers]
/home/myl/optix7.6/NVIDIA-OptiX-SDK-7.6.0-linux64-x86_64/include/optix_stubs.h:256:36: warning: missing initializer for member ‘OptixFunctionTable::optixTaskExecute’ [-Wmissing-field-initializers]
/home/myl/optix7.6/NVIDIA-OptiX-SDK-7.6.0-linux64-x86_64/include/optix_stubs.h:256:36: warning: missing initializer for member ‘OptixFunctionTable::optixProgramGroupCreate’ [-Wmissing-field-initializers]
/home/myl/optix7.6/NVIDIA-OptiX-SDK-7.6.0-linux64-x86_64/include/optix_stubs.h:256:36: warning: missing initializer for member ‘OptixFunctionTable::optixProgramGroupDestroy’ [-Wmissing-field-initializers]
/home/myl/optix7.6/NVIDIA-OptiX-SDK-7.6.0-linux64-x86_64/include/optix_stubs.h:256:36: warning: missing initializer for member ‘OptixFunctionTable::optixProgramGroupGetStackSize’ [-Wmissing-field-initializers]
/home/myl/optix7.6/NVIDIA-OptiX-SDK-7.6.0-linux64-x86_64/include/optix_stubs.h:256:36: warning: missing initializer for member ‘OptixFunctionTable::optixPipelineCreate’ [-Wmissing-field-initializers]
/home/myl/optix7.6/NVIDIA-OptiX-SDK-7.6.0-linux64-x86_64/include/optix_stubs.h:256:36: warning: missing initializer for member ‘OptixFunctionTable::optixPipelineDestroy’ [-Wmissing-field-initializers]
/home/myl/optix7.6/NVIDIA-OptiX-SDK-7.6.0-linux64-x86_64/include/optix_stubs.h:256:36: warning: missing initializer for member ‘OptixFunctionTable::optixPipelineSetStackSize’ [-Wmissing-field-initializers]
/home/myl/optix7.6/NVIDIA-OptiX-SDK-7.6.0-linux64-x86_64/include/optix_stubs.h:256:36: warning: missing initializer for member ‘OptixFunctionTable::optixAccelComputeMemoryUsage’ [-Wmissing-field-initializers]
/home/myl/optix7.6/NVIDIA-OptiX-SDK-7.6.0-linux64-x86_64/include/optix_stubs.h:256:36: warning: missing initializer for member ‘OptixFunctionTable::optixAccelBuild’ [-Wmissing-field-initializers]
/home/myl/optix7.6/NVIDIA-OptiX-SDK-7.6.0-linux64-x86_64/include/optix_stubs.h:256:36: warning: missing initializer for member ‘OptixFunctionTable::optixAccelGetRelocationInfo’ [-Wmissing-field-initializers]
/home/myl/optix7.6/NVIDIA-OptiX-SDK-7.6.0-linux64-x86_64/include/optix_stubs.h:256:36: warning: missing initializer for member ‘OptixFunctionTable::optixCheckRelocationCompatibility’ [-Wmissing-field-initializers]
/home/myl/optix7.6/NVIDIA-OptiX-SDK-7.6.0-linux64-x86_64/include/optix_stubs.h:256:36: warning: missing initializer for member ‘OptixFunctionTable::optixAccelRelocate’ [-Wmissing-field-initializers]
/home/myl/optix7.6/NVIDIA-OptiX-SDK-7.6.0-linux64-x86_64/include/optix_stubs.h:256:36: warning: missing initializer for member ‘OptixFunctionTable::optixAccelCompact’ [-Wmissing-field-initializers]
/home/myl/optix7.6/NVIDIA-OptiX-SDK-7.6.0-linux64-x86_64/include/optix_stubs.h:256:36: warning: missing initializer for member ‘OptixFunctionTable::optixConvertPointerToTraversableHandle’ [-Wmissing-field-initializers]
/home/myl/optix7.6/NVIDIA-OptiX-SDK-7.6.0-linux64-x86_64/include/optix_stubs.h:256:36: warning: missing initializer for member ‘OptixFunctionTable::optixOpacityMicromapArrayComputeMemoryUsage’ [-Wmissing-field-initializers]
/home/myl/optix7.6/NVIDIA-OptiX-SDK-7.6.0-linux64-x86_64/include/optix_stubs.h:256:36: warning: missing initializer for member ‘OptixFunctionTable::optixOpacityMicromapArrayBuild’ [-Wmissing-field-initializers]
/home/myl/optix7.6/NVIDIA-OptiX-SDK-7.6.0-linux64-x86_64/include/optix_stubs.h:256:36: warning: missing initializer for member ‘OptixFunctionTable::optixOpacityMicromapArrayGetRelocationInfo’ [-Wmissing-field-initializers]
/home/myl/optix7.6/NVIDIA-OptiX-SDK-7.6.0-linux64-x86_64/include/optix_stubs.h:256:36: warning: missing initializer for member ‘OptixFunctionTable::optixOpacityMicromapArrayRelocate’ [-Wmissing-field-initializers]
/home/myl/optix7.6/NVIDIA-OptiX-SDK-7.6.0-linux64-x86_64/include/optix_stubs.h:256:36: warning: missing initializer for member ‘OptixFunctionTable::reserved1’ [-Wmissing-field-initializers]
/home/myl/optix7.6/NVIDIA-OptiX-SDK-7.6.0-linux64-x86_64/include/optix_stubs.h:256:36: warning: missing initializer for member ‘OptixFunctionTable::reserved2’ [-Wmissing-field-initializers]
/home/myl/optix7.6/NVIDIA-OptiX-SDK-7.6.0-linux64-x86_64/include/optix_stubs.h:256:36: warning: missing initializer for member ‘OptixFunctionTable::optixSbtRecordPackHeader’ [-Wmissing-field-initializers]
/home/myl/optix7.6/NVIDIA-OptiX-SDK-7.6.0-linux64-x86_64/include/optix_stubs.h:256:36: warning: missing initializer for member ‘OptixFunctionTable::optixLaunch’ [-Wmissing-field-initializers]
/home/myl/optix7.6/NVIDIA-OptiX-SDK-7.6.0-linux64-x86_64/include/optix_stubs.h:256:36: warning: missing initializer for member ‘OptixFunctionTable::optixDenoiserCreate’ [-Wmissing-field-initializers]
/home/myl/optix7.6/NVIDIA-OptiX-SDK-7.6.0-linux64-x86_64/include/optix_stubs.h:256:36: warning: missing initializer for member ‘OptixFunctionTable::optixDenoiserDestroy’ [-Wmissing-field-initializers]
/home/myl/optix7.6/NVIDIA-OptiX-SDK-7.6.0-linux64-x86_64/include/optix_stubs.h:256:36: warning: missing initializer for member ‘OptixFunctionTable::optixDenoiserComputeMemoryResources’ [-Wmissing-field-initializers]
/home/myl/optix7.6/NVIDIA-OptiX-SDK-7.6.0-linux64-x86_64/include/optix_stubs.h:256:36: warning: missing initializer for member ‘OptixFunctionTable::optixDenoiserSetup’ [-Wmissing-field-initializers]
/home/myl/optix7.6/NVIDIA-OptiX-SDK-7.6.0-linux64-x86_64/include/optix_stubs.h:256:36: warning: missing initializer for member ‘OptixFunctionTable::optixDenoiserInvoke’ [-Wmissing-field-initializers]
/home/myl/optix7.6/NVIDIA-OptiX-SDK-7.6.0-linux64-x86_64/include/optix_stubs.h:256:36: warning: missing initializer for member ‘OptixFunctionTable::optixDenoiserComputeIntensity’ [-Wmissing-field-initializers]
/home/myl/optix7.6/NVIDIA-OptiX-SDK-7.6.0-linux64-x86_64/include/optix_stubs.h:256:36: warning: missing initializer for member ‘OptixFunctionTable::optixDenoiserComputeAverageColor’ [-Wmissing-field-initializers]
/home/myl/optix7.6/NVIDIA-OptiX-SDK-7.6.0-linux64-x86_64/include/optix_stubs.h:256:36: warning: missing initializer for member ‘OptixFunctionTable::optixDenoiserCreateWithUserModel’ [-Wmissing-field-initializers]
/home/myl/cache_search/cache/page_cache.cu:29: warning: "CUDA_CHECK" redefined
   29 | #define CUDA_CHECK(expr) cuda_check((expr), #expr, __FILE__, __LINE__)
      | 
In file included from /home/myl/cache_search/cache/../head.h:21,
                 from /home/myl/cache_search/cache/page_cache.h:7,
                 from /home/myl/cache_search/cache/page_cache.cu:1:
/home/myl/cache_search/cache/../helper.h:14: note: this is the location of the previous definition
   14 | #define CUDA_CHECK(call)                                                   \
      | 
In file included from /home/myl/cache_search/head.h:3,
                 from /home/myl/cache_search/entry.h:8,
                 from /home/myl/cache_search/graph.h:2,
                 from /home/myl/cache_search/main.cpp:3:
/home/myl/optix7.6/NVIDIA-OptiX-SDK-7.6.0-linux64-x86_64/include/optix_stubs.h: In function ‘OptixResult optixUninitWithHandle(void*)’:
/home/myl/optix7.6/NVIDIA-OptiX-SDK-7.6.0-linux64-x86_64/include/optix_stubs.h:256:36: warning: missing initializer for member ‘OptixFunctionTable::optixGetErrorString’ [-Wmissing-field-initializers]
  256 |     OptixFunctionTable empty = { 0 };
      |                                    ^
/home/myl/optix7.6/NVIDIA-OptiX-SDK-7.6.0-linux64-x86_64/include/optix_stubs.h:256:36: warning: missing initializer for member ‘OptixFunctionTable::optixDeviceContextCreate’ [-Wmissing-field-initializers]
/home/myl/optix7.6/NVIDIA-OptiX-SDK-7.6.0-linux64-x86_64/include/optix_stubs.h:256:36: warning: missing initializer for member ‘OptixFunctionTable::optixDeviceContextDestroy’ [-Wmissing-field-initializers]
/home/myl/optix7.6/NVIDIA-OptiX-SDK-7.6.0-linux64-x86_64/include/optix_stubs.h:256:36: warning: missing initializer for member ‘OptixFunctionTable::optixDeviceContextGetProperty’ [-Wmissing-field-initializers]
/home/myl/optix7.6/NVIDIA-OptiX-SDK-7.6.0-linux64-x86_64/include/optix_stubs.h:256:36: warning: missing initializer for member ‘OptixFunctionTable::optixDeviceContextSetLogCallback’ [-Wmissing-field-initializers]
/home/myl/optix7.6/NVIDIA-OptiX-SDK-7.6.0-linux64-x86_64/include/optix_stubs.h:256:36: warning: missing initializer for member ‘OptixFunctionTable::optixDeviceContextSetCacheEnabled’ [-Wmissing-field-initializers]
/home/myl/optix7.6/NVIDIA-OptiX-SDK-7.6.0-linux64-x86_64/include/optix_stubs.h:256:36: warning: missing initializer for member ‘OptixFunctionTable::optixDeviceContextSetCacheLocation’ [-Wmissing-field-initializers]
/home/myl/optix7.6/NVIDIA-OptiX-SDK-7.6.0-linux64-x86_64/include/optix_stubs.h:256:36: warning: missing initializer for member ‘OptixFunctionTable::optixDeviceContextSetCacheDatabaseSizes’ [-Wmissing-field-initializers]
/home/myl/optix7.6/NVIDIA-OptiX-SDK-7.6.0-linux64-x86_64/include/optix_stubs.h:256:36: warning: missing initializer for member ‘OptixFunctionTable::optixDeviceContextGetCacheEnabled’ [-Wmissing-field-initializers]
/home/myl/optix7.6/NVIDIA-OptiX-SDK-7.6.0-linux64-x86_64/include/optix_stubs.h:256:36: warning: missing initializer for member ‘OptixFunctionTable::optixDeviceContextGetCacheLocation’ [-Wmissing-field-initializers]
/home/myl/optix7.6/NVIDIA-OptiX-SDK-7.6.0-linux64-x86_64/include/optix_stubs.h:256:36: warning: missing initializer for member ‘OptixFunctionTable::optixDeviceContextGetCacheDatabaseSizes’ [-Wmissing-field-initializers]
/home/myl/optix7.6/NVIDIA-OptiX-SDK-7.6.0-linux64-x86_64/include/optix_stubs.h:256:36: warning: missing initializer for member ‘OptixFunctionTable::optixModuleCreateFromPTX’ [-Wmissing-field-initializers]
/home/myl/optix7.6/NVIDIA-OptiX-SDK-7.6.0-linux64-x86_64/include/optix_stubs.h:256:36: warning: missing initializer for member ‘OptixFunctionTable::optixModuleCreateFromPTXWithTasks’ [-Wmissing-field-initializers]
/home/myl/optix7.6/NVIDIA-OptiX-SDK-7.6.0-linux64-x86_64/include/optix_stubs.h:256:36: warning: missing initializer for member ‘OptixFunctionTable::optixModuleGetCompilationState’ [-Wmissing-field-initializers]
/home/myl/optix7.6/NVIDIA-OptiX-SDK-7.6.0-linux64-x86_64/include/optix_stubs.h:256:36: warning: missing initializer for member ‘OptixFunctionTable::optixModuleDestroy’ [-Wmissing-field-initializers]
/home/myl/optix7.6/NVIDIA-OptiX-SDK-7.6.0-linux64-x86_64/include/optix_stubs.h:256:36: warning: missing initializer for member ‘OptixFunctionTable::optixBuiltinISModuleGet’ [-Wmissing-field-initializers]
/home/myl/optix7.6/NVIDIA-OptiX-SDK-7.6.0-linux64-x86_64/include/optix_stubs.h:256:36: warning: missing initializer for member ‘OptixFunctionTable::optixTaskExecute’ [-Wmissing-field-initializers]
/home/myl/optix7.6/NVIDIA-OptiX-SDK-7.6.0-linux64-x86_64/include/optix_stubs.h:256:36: warning: missing initializer for member ‘OptixFunctionTable::optixProgramGroupCreate’ [-Wmissing-field-initializers]
/home/myl/optix7.6/NVIDIA-OptiX-SDK-7.6.0-linux64-x86_64/include/optix_stubs.h:256:36: warning: missing initializer for member ‘OptixFunctionTable::optixProgramGroupDestroy’ [-Wmissing-field-initializers]
/home/myl/optix7.6/NVIDIA-OptiX-SDK-7.6.0-linux64-x86_64/include/optix_stubs.h:256:36: warning: missing initializer for member ‘OptixFunctionTable::optixProgramGroupGetStackSize’ [-Wmissing-field-initializers]
/home/myl/optix7.6/NVIDIA-OptiX-SDK-7.6.0-linux64-x86_64/include/optix_stubs.h:256:36: warning: missing initializer for member ‘OptixFunctionTable::optixPipelineCreate’ [-Wmissing-field-initializers]
/home/myl/optix7.6/NVIDIA-OptiX-SDK-7.6.0-linux64-x86_64/include/optix_stubs.h:256:36: warning: missing initializer for member ‘OptixFunctionTable::optixPipelineDestroy’ [-Wmissing-field-initializers]
/home/myl/optix7.6/NVIDIA-OptiX-SDK-7.6.0-linux64-x86_64/include/optix_stubs.h:256:36: warning: missing initializer for member ‘OptixFunctionTable::optixPipelineSetStackSize’ [-Wmissing-field-initializers]
/home/myl/optix7.6/NVIDIA-OptiX-SDK-7.6.0-linux64-x86_64/include/optix_stubs.h:256:36: warning: missing initializer for member ‘OptixFunctionTable::optixAccelComputeMemoryUsage’ [-Wmissing-field-initializers]
/home/myl/optix7.6/NVIDIA-OptiX-SDK-7.6.0-linux64-x86_64/include/optix_stubs.h:256:36: warning: missing initializer for member ‘OptixFunctionTable::optixAccelBuild’ [-Wmissing-field-initializers]
/home/myl/optix7.6/NVIDIA-OptiX-SDK-7.6.0-linux64-x86_64/include/optix_stubs.h:256:36: warning: missing initializer for member ‘OptixFunctionTable::optixAccelGetRelocationInfo’ [-Wmissing-field-initializers]
/home/myl/optix7.6/NVIDIA-OptiX-SDK-7.6.0-linux64-x86_64/include/optix_stubs.h:256:36: warning: missing initializer for member ‘OptixFunctionTable::optixCheckRelocationCompatibility’ [-Wmissing-field-initializers]
/home/myl/optix7.6/NVIDIA-OptiX-SDK-7.6.0-linux64-x86_64/include/optix_stubs.h:256:36: warning: missing initializer for member ‘OptixFunctionTable::optixAccelRelocate’ [-Wmissing-field-initializers]
/home/myl/optix7.6/NVIDIA-OptiX-SDK-7.6.0-linux64-x86_64/include/optix_stubs.h:256:36: warning: missing initializer for member ‘OptixFunctionTable::optixAccelCompact’ [-Wmissing-field-initializers]
/home/myl/optix7.6/NVIDIA-OptiX-SDK-7.6.0-linux64-x86_64/include/optix_stubs.h:256:36: warning: missing initializer for member ‘OptixFunctionTable::optixConvertPointerToTraversableHandle’ [-Wmissing-field-initializers]
/home/myl/optix7.6/NVIDIA-OptiX-SDK-7.6.0-linux64-x86_64/include/optix_stubs.h:256:36: warning: missing initializer for member ‘OptixFunctionTable::optixOpacityMicromapArrayComputeMemoryUsage’ [-Wmissing-field-initializers]
/home/myl/optix7.6/NVIDIA-OptiX-SDK-7.6.0-linux64-x86_64/include/optix_stubs.h:256:36: warning: missing initializer for member ‘OptixFunctionTable::optixOpacityMicromapArrayBuild’ [-Wmissing-field-initializers]
/home/myl/optix7.6/NVIDIA-OptiX-SDK-7.6.0-linux64-x86_64/include/optix_stubs.h:256:36: warning: missing initializer for member ‘OptixFunctionTable::optixOpacityMicromapArrayGetRelocationInfo’ [-Wmissing-field-initializers]
/home/myl/optix7.6/NVIDIA-OptiX-SDK-7.6.0-linux64-x86_64/include/optix_stubs.h:256:36: warning: missing initializer for member ‘OptixFunctionTable::optixOpacityMicromapArrayRelocate’ [-Wmissing-field-initializers]
/home/myl/optix7.6/NVIDIA-OptiX-SDK-7.6.0-linux64-x86_64/include/optix_stubs.h:256:36: warning: missing initializer for member ‘OptixFunctionTable::reserved1’ [-Wmissing-field-initializers]
/home/myl/optix7.6/NVIDIA-OptiX-SDK-7.6.0-linux64-x86_64/include/optix_stubs.h:256:36: warning: missing initializer for member ‘OptixFunctionTable::reserved2’ [-Wmissing-field-initializers]
/home/myl/optix7.6/NVIDIA-OptiX-SDK-7.6.0-linux64-x86_64/include/optix_stubs.h:256:36: warning: missing initializer for member ‘OptixFunctionTable::optixSbtRecordPackHeader’ [-Wmissing-field-initializers]
/home/myl/optix7.6/NVIDIA-OptiX-SDK-7.6.0-linux64-x86_64/include/optix_stubs.h:256:36: warning: missing initializer for member ‘OptixFunctionTable::optixLaunch’ [-Wmissing-field-initializers]
/home/myl/optix7.6/NVIDIA-OptiX-SDK-7.6.0-linux64-x86_64/include/optix_stubs.h:256:36: warning: missing initializer for member ‘OptixFunctionTable::optixDenoiserCreate’ [-Wmissing-field-initializers]
/home/myl/optix7.6/NVIDIA-OptiX-SDK-7.6.0-linux64-x86_64/include/optix_stubs.h:256:36: warning: missing initializer for member ‘OptixFunctionTable::optixDenoiserDestroy’ [-Wmissing-field-initializers]
/home/myl/optix7.6/NVIDIA-OptiX-SDK-7.6.0-linux64-x86_64/include/optix_stubs.h:256:36: warning: missing initializer for member ‘OptixFunctionTable::optixDenoiserComputeMemoryResources’ [-Wmissing-field-initializers]
/home/myl/optix7.6/NVIDIA-OptiX-SDK-7.6.0-linux64-x86_64/include/optix_stubs.h:256:36: warning: missing initializer for member ‘OptixFunctionTable::optixDenoiserSetup’ [-Wmissing-field-initializers]
/home/myl/optix7.6/NVIDIA-OptiX-SDK-7.6.0-linux64-x86_64/include/optix_stubs.h:256:36: warning: missing initializer for member ‘OptixFunctionTable::optixDenoiserInvoke’ [-Wmissing-field-initializers]
/home/myl/optix7.6/NVIDIA-OptiX-SDK-7.6.0-linux64-x86_64/include/optix_stubs.h:256:36: warning: missing initializer for member ‘OptixFunctionTable::optixDenoiserComputeIntensity’ [-Wmissing-field-initializers]
/home/myl/optix7.6/NVIDIA-OptiX-SDK-7.6.0-linux64-x86_64/include/optix_stubs.h:256:36: warning: missing initializer for member ‘OptixFunctionTable::optixDenoiserComputeAverageColor’ [-Wmissing-field-initializers]
/home/myl/optix7.6/NVIDIA-OptiX-SDK-7.6.0-linux64-x86_64/include/optix_stubs.h:256:36: warning: missing initializer for member ‘OptixFunctionTable::optixDenoiserCreateWithUserModel’ [-Wmissing-field-initializers]
/home/myl/cache_search/cache/page_cache.cu:29: warning: "CUDA_CHECK" redefined
   29 | #define CUDA_CHECK(expr) cuda_check((expr), #expr, __FILE__, __LINE__)
      | 
In file included from /home/myl/cache_search/cache/../head.h:21,
                 from /home/myl/cache_search/cache/page_cache.h:7,
                 from /home/myl/cache_search/cache/page_cache.cu:1:
/home/myl/cache_search/cache/../helper.h:14: note: this is the location of the previous definition
   14 | #define CUDA_CHECK(call)                                                   \
      | 
/home/myl/cache_search/cache/page_cache.cu:29: warning: "CUDA_CHECK" redefined
   29 | #define CUDA_CHECK(expr) cuda_check((expr), #expr, __FILE__, __LINE__)
      | 
In file included from /home/myl/cache_search/cache/../head.h:21,
                 from /home/myl/cache_search/cache/page_cache.h:7,
                 from /home/myl/cache_search/cache/page_cache.cu:1:
/home/myl/cache_search/cache/../helper.h:14: note: this is the location of the previous definition
   14 | #define CUDA_CHECK(call)                                                   \
      | 
In file included from /home/myl/cache_search/graph.h:3,
                 from /home/myl/cache_search/main.cpp:3:
/home/myl/cache_search/pca/pca.h: In constructor ‘PCA::PCA(float*, uint, uint)’:
/home/myl/cache_search/pca/pca.h:17:23: warning: comparison of integer expressions of different signedness: ‘int’ and ‘uint’ {aka ‘unsigned int’} [-Wsign-compare]
   17 |     for (int i = 0; i < nb; i++) {
      |                     ~~^~~~
/home/myl/cache_search/pca/pca.h:18:25: warning: comparison of integer expressions of different signedness: ‘int’ and ‘uint’ {aka ‘unsigned int’} [-Wsign-compare]
   18 |       for (int j = 0; j < dim; j++) {
      |                       ~~^~~~~
/home/myl/cache_search/main.cpp: In function ‘int main(int, char**)’:
/home/myl/cache_search/main.cpp:91:9: warning: unused variable ‘datafile’ [-Wunused-variable]
   91 |   char* datafile = (char*)FLAGS_data_path.c_str();
      |         ^~~~~~~~
/home/myl/cache_search/main.cpp:92:9: warning: unused variable ‘queryfile’ [-Wunused-variable]
   92 |   char* queryfile = (char*)FLAGS_query_path.c_str();
      |         ^~~~~~~~~
/home/myl/cache_search/main.cpp:93:9: warning: unused variable ‘gtfile’ [-Wunused-variable]
   93 |   char* gtfile = (char*)FLAGS_gt_path.c_str();
      |         ^~~~~~
/home/myl/cache_search/file_read.cu(138): warning #1650-D: result of call is not used
    fscanf(file, "%d %d", &n, &d);
    ^

Remark: The warnings can be suppressed with "-diag-suppress <warning-number>"

/home/myl/cache_search/file_read.cu(142): warning #1650-D: result of call is not used
        fscanf(file, "%f,", &data[i * d + j]);
        ^

/home/myl/cache_search/file_read.cu(144): warning #1650-D: result of call is not used
      fscanf(file, "%f", &data[i * d + d - 1]);
      ^

/home/myl/cache_search/file_read.cu(206): warning #1650-D: result of call is not used
    fread(&d, sizeof(d), 1, file);
    ^

/home/myl/cache_search/file_read.cu(208): warning #1650-D: result of call is not used
    fread(data_ptr, sizeof(float), n*d, file);
    ^

/home/myl/cache_search/file_read.cu(138): warning #1650-D: result of call is not used
    fscanf(file, "%d %d", &n, &d);
    ^

Remark: The warnings can be suppressed with "-diag-suppress <warning-number>"

/home/myl/cache_search/file_read.cu(142): warning #1650-D: result of call is not used
        fscanf(file, "%f,", &data[i * d + j]);
        ^

/home/myl/cache_search/file_read.cu(144): warning #1650-D: result of call is not used
      fscanf(file, "%f", &data[i * d + d - 1]);
      ^

/home/myl/cache_search/file_read.cu(206): warning #1650-D: result of call is not used
    fread(&d, sizeof(d), 1, file);
    ^

/home/myl/cache_search/file_read.cu(208): warning #1650-D: result of call is not used
    fread(data_ptr, sizeof(float), n*d, file);
    ^

/home/myl/cache_search/graph_helper.cu(222): warning #177-D: variable "max_threads" was declared but never referenced
    int max_threads = 64;
        ^

Remark: The warnings can be suppressed with "-diag-suppress <warning-number>"

/home/myl/cache_search/graph_search.cuh(167): warning #177-D: variable "random_entry_seed" was declared but never referenced
    uint random_entry_seed = b_id*blockSize + t_id;
         ^

Remark: The warnings can be suppressed with "-diag-suppress <warning-number>"

/home/myl/cache_search/file_read.cu(138): warning #1650-D: result of call is not used
    fscanf(file, "%d %d", &n, &d);
    ^

Remark: The warnings can be suppressed with "-diag-suppress <warning-number>"

/home/myl/cache_search/file_read.cu(142): warning #1650-D: result of call is not used
        fscanf(file, "%f,", &data[i * d + j]);
        ^

/home/myl/cache_search/file_read.cu(144): warning #1650-D: result of call is not used
      fscanf(file, "%f", &data[i * d + d - 1]);
      ^

/home/myl/cache_search/file_read.cu(206): warning #1650-D: result of call is not used
    fread(&d, sizeof(d), 1, file);
    ^

/home/myl/cache_search/file_read.cu(208): warning #1650-D: result of call is not used
    fread(data_ptr, sizeof(float), n*d, file);
    ^

/home/myl/cache_search/graph_helper.cu(222): warning #177-D: variable "max_threads" was declared but never referenced
    int max_threads = 64;
        ^

Remark: The warnings can be suppressed with "-diag-suppress <warning-number>"

/home/myl/cache_search/file_read.cu: In static member function ‘static void file_read::read_txt_file(const char*, int&, int&, thrust::host_vector<float>&)’:
/home/myl/cache_search/file_read.cu:138:7: warning: ignoring return value of ‘int fscanf(FILE*, const char*, ...)’ declared with attribute ‘warn_unused_result’ [-Wunused-result]
  138 |   fscanf(file, "%d %d", &n, &d);
      |   ~~~~^~~~~~~~~~~~~~~~~~~~~~~
/home/myl/cache_search/file_read.cu:142:7: warning: ignoring return value of ‘int fscanf(FILE*, const char*, ...)’ declared with attribute ‘warn_unused_result’ [-Wunused-result]
  142 |       fscanf(file, "%f,", &data[i * d + j]);
      |       ^~~~~~~~~~~~~~~~~~~~~~~~~~~~~~~~~
/home/myl/cache_search/file_read.cu:144:7: warning: ignoring return value of ‘int fscanf(FILE*, const char*, ...)’ declared with attribute ‘warn_unused_result’ [-Wunused-result]
  144 |     fscanf(file, "%f", &data[i * d + d - 1]);
      |     ~~^~~~~~~~~~~~~~~~~~~~~~~~~~~~~~~~~~~~~~
/home/myl/cache_search/file_read.cu: In static member function ‘static void file_read::read_hvecs_file(const char*, int&, int&, thrust::host_vector<float>&)’:
/home/myl/cache_search/file_read.cu:206:6: warning: ignoring return value of ‘size_t fread(void*, size_t, size_t, FILE*)’ declared with attribute ‘warn_unused_result’ [-Wunused-result]
  206 |   fread(&d, sizeof(d), 1, file);
      |   ~~~^~~~~~~~~~~~~~~~~~~~~~~
/home/myl/cache_search/file_read.cu:208:6: warning: ignoring return value of ‘size_t fread(void*, size_t, size_t, FILE*)’ declared with attribute ‘warn_unused_result’ [-Wunused-result]
  208 |   fread(data_ptr, sizeof(float), n*d, file);
      |   ~~~^~~~~~~~~~~~~~~~~~~~~~~~~~~~~~~~~~~~~~
/home/myl/cache_search/graph_search.cuh(167): warning #177-D: variable "random_entry_seed" was declared but never referenced
    uint random_entry_seed = b_id*blockSize + t_id;
         ^

Remark: The warnings can be suppressed with "-diag-suppress <warning-number>"

[ 73%] Linking CXX executable /home/myl/cache_search/bin/test
[100%] Built target test
正在运行 ./test --ALGO=1 --topk=0 --n_candidates=1024 --expand_ratio=0.2 --point_ratio=0.00001024 --search_width=4 --t=50 --n_cluster=1000  --max_iter=1000 ...
Total GPUs visible: 6, using [3]: NVIDIA L40
Available Memory: 44940 MB, Total Memory: 45372 MB
Shared memory per block: 49152 bytes
Shared memory per SM   : 102400 bytes
Shared memory per block (optin): 101376 bytes
Input
n = 10000, d = 128
np = 100000000, dim = 128
Cluster number: 10000
Centroids read successfully
Input: copy points to device
Input: finish copy points to device
degree = 64
RB_Graph: finish read or build graph
Projection: reading pca base file /mnt/IntelP5520_8T_1/myl/cache_search/data/sift100M/rotated_base.fbin
read PCA file
sizeof_points = 12800000000
Projection: finish reading pca base file
BlockUp function
reading AABB from file /mnt/IntelP5520_8T_1/myl/cache_search/data/sift100M/1024_0.aabbs
Create context
Create module
Create program groups
Create pipeline
Create SBT
BVH Building Time = 0.453504 ms
batch_size = 5
time build_query_batches: 0.055302 ms
time pca projection: 0.132144 ms
time rt_entry search: 0.086565 ms
time graph search: 40846.3 ms
compute_dim = 27688738032
compute_dis = 542916432
average dimensions per distance computation = 51
time total search time: 40846.5 ms
checking results...
gt_k = 1000
recall1@1024 = 1.000000
recall10@1024 = 0.999320
recall100@1024 = 0.996016
recall1000@1024 = 0.713611
Free memory: 438 MB
Total memory: 45372 MB
Used memory: 44934 MB
Clean up RT ...
Finish cleaning up RT
完成 DIM = 51 的测试

==================================================
正在处理: DIM = 50
==================================================
[ 13%] Built target compute_pca
[ 17%] Building NVCC ptx file cuda_compile_ptx_1_generated_devicePrograms.cu.ptx
[ 21%] compiling (and embedding ptx from) devicePrograms.cu
[ 30%] Building CXX object CMakeFiles/test.dir/main.cpp.o
[ 30%] Building C object CMakeFiles/test.dir/cuda_compile_ptx_1_generated_devicePrograms.cu.ptx_embedded.c.o
[ 34%] Building CUDA object CMakeFiles/test.dir/aabb.cu.o
[ 39%] Building CUDA object CMakeFiles/test.dir/entry.cu.o
[ 43%] Building CUDA object CMakeFiles/test.dir/entry_helper.cu.o
[ 47%] Building CUDA object CMakeFiles/test.dir/matrix.cu.o
[ 52%] Building CUDA object CMakeFiles/test.dir/file_read.cu.o
nvcc warning : incompatible redefinition for option 'std', the last value of this option was used
[ 56%] Building CXX object CMakeFiles/test.dir/raytracing.cpp.o
nvcc warning : incompatible redefinition for option 'std', the last value of this option was used
nvcc warning : incompatible redefinition for option 'std', the last value of this option was used
[ 60%] Building CUDA object CMakeFiles/test.dir/graph.cu.o
nvcc warning : incompatible redefinition for option 'std', the last value of this option was used
nvcc warning : incompatible redefinition for option 'std', the last value of this option was used
[ 65%] Building CUDA object CMakeFiles/test.dir/graph_helper.cu.o
[ 69%] Building CUDA object CMakeFiles/test.dir/cache/page_cache.cu.o
nvcc warning : incompatible redefinition for option 'std', the last value of this option was used
nvcc warning : incompatible redefinition for option 'std', the last value of this option was used
nvcc warning : incompatible redefinition for option 'std', the last value of this option was used
In file included from /home/myl/cache_search/head.h:3,
                 from /home/myl/cache_search/raytracing.h:3,
                 from /home/myl/cache_search/raytracing.cpp:2:
/home/myl/optix7.6/NVIDIA-OptiX-SDK-7.6.0-linux64-x86_64/include/optix_stubs.h: In function ‘OptixResult optixUninitWithHandle(void*)’:
/home/myl/optix7.6/NVIDIA-OptiX-SDK-7.6.0-linux64-x86_64/include/optix_stubs.h:256:36: warning: missing initializer for member ‘OptixFunctionTable::optixGetErrorString’ [-Wmissing-field-initializers]
  256 |     OptixFunctionTable empty = { 0 };
      |                                    ^
/home/myl/optix7.6/NVIDIA-OptiX-SDK-7.6.0-linux64-x86_64/include/optix_stubs.h:256:36: warning: missing initializer for member ‘OptixFunctionTable::optixDeviceContextCreate’ [-Wmissing-field-initializers]
/home/myl/optix7.6/NVIDIA-OptiX-SDK-7.6.0-linux64-x86_64/include/optix_stubs.h:256:36: warning: missing initializer for member ‘OptixFunctionTable::optixDeviceContextDestroy’ [-Wmissing-field-initializers]
/home/myl/optix7.6/NVIDIA-OptiX-SDK-7.6.0-linux64-x86_64/include/optix_stubs.h:256:36: warning: missing initializer for member ‘OptixFunctionTable::optixDeviceContextGetProperty’ [-Wmissing-field-initializers]
/home/myl/optix7.6/NVIDIA-OptiX-SDK-7.6.0-linux64-x86_64/include/optix_stubs.h:256:36: warning: missing initializer for member ‘OptixFunctionTable::optixDeviceContextSetLogCallback’ [-Wmissing-field-initializers]
/home/myl/optix7.6/NVIDIA-OptiX-SDK-7.6.0-linux64-x86_64/include/optix_stubs.h:256:36: warning: missing initializer for member ‘OptixFunctionTable::optixDeviceContextSetCacheEnabled’ [-Wmissing-field-initializers]
/home/myl/optix7.6/NVIDIA-OptiX-SDK-7.6.0-linux64-x86_64/include/optix_stubs.h:256:36: warning: missing initializer for member ‘OptixFunctionTable::optixDeviceContextSetCacheLocation’ [-Wmissing-field-initializers]
/home/myl/optix7.6/NVIDIA-OptiX-SDK-7.6.0-linux64-x86_64/include/optix_stubs.h:256:36: warning: missing initializer for member ‘OptixFunctionTable::optixDeviceContextSetCacheDatabaseSizes’ [-Wmissing-field-initializers]
/home/myl/optix7.6/NVIDIA-OptiX-SDK-7.6.0-linux64-x86_64/include/optix_stubs.h:256:36: warning: missing initializer for member ‘OptixFunctionTable::optixDeviceContextGetCacheEnabled’ [-Wmissing-field-initializers]
/home/myl/optix7.6/NVIDIA-OptiX-SDK-7.6.0-linux64-x86_64/include/optix_stubs.h:256:36: warning: missing initializer for member ‘OptixFunctionTable::optixDeviceContextGetCacheLocation’ [-Wmissing-field-initializers]
/home/myl/optix7.6/NVIDIA-OptiX-SDK-7.6.0-linux64-x86_64/include/optix_stubs.h:256:36: warning: missing initializer for member ‘OptixFunctionTable::optixDeviceContextGetCacheDatabaseSizes’ [-Wmissing-field-initializers]
/home/myl/optix7.6/NVIDIA-OptiX-SDK-7.6.0-linux64-x86_64/include/optix_stubs.h:256:36: warning: missing initializer for member ‘OptixFunctionTable::optixModuleCreateFromPTX’ [-Wmissing-field-initializers]
/home/myl/optix7.6/NVIDIA-OptiX-SDK-7.6.0-linux64-x86_64/include/optix_stubs.h:256:36: warning: missing initializer for member ‘OptixFunctionTable::optixModuleCreateFromPTXWithTasks’ [-Wmissing-field-initializers]
/home/myl/optix7.6/NVIDIA-OptiX-SDK-7.6.0-linux64-x86_64/include/optix_stubs.h:256:36: warning: missing initializer for member ‘OptixFunctionTable::optixModuleGetCompilationState’ [-Wmissing-field-initializers]
/home/myl/optix7.6/NVIDIA-OptiX-SDK-7.6.0-linux64-x86_64/include/optix_stubs.h:256:36: warning: missing initializer for member ‘OptixFunctionTable::optixModuleDestroy’ [-Wmissing-field-initializers]
/home/myl/optix7.6/NVIDIA-OptiX-SDK-7.6.0-linux64-x86_64/include/optix_stubs.h:256:36: warning: missing initializer for member ‘OptixFunctionTable::optixBuiltinISModuleGet’ [-Wmissing-field-initializers]
/home/myl/optix7.6/NVIDIA-OptiX-SDK-7.6.0-linux64-x86_64/include/optix_stubs.h:256:36: warning: missing initializer for member ‘OptixFunctionTable::optixTaskExecute’ [-Wmissing-field-initializers]
/home/myl/optix7.6/NVIDIA-OptiX-SDK-7.6.0-linux64-x86_64/include/optix_stubs.h:256:36: warning: missing initializer for member ‘OptixFunctionTable::optixProgramGroupCreate’ [-Wmissing-field-initializers]
/home/myl/optix7.6/NVIDIA-OptiX-SDK-7.6.0-linux64-x86_64/include/optix_stubs.h:256:36: warning: missing initializer for member ‘OptixFunctionTable::optixProgramGroupDestroy’ [-Wmissing-field-initializers]
/home/myl/optix7.6/NVIDIA-OptiX-SDK-7.6.0-linux64-x86_64/include/optix_stubs.h:256:36: warning: missing initializer for member ‘OptixFunctionTable::optixProgramGroupGetStackSize’ [-Wmissing-field-initializers]
/home/myl/optix7.6/NVIDIA-OptiX-SDK-7.6.0-linux64-x86_64/include/optix_stubs.h:256:36: warning: missing initializer for member ‘OptixFunctionTable::optixPipelineCreate’ [-Wmissing-field-initializers]
/home/myl/optix7.6/NVIDIA-OptiX-SDK-7.6.0-linux64-x86_64/include/optix_stubs.h:256:36: warning: missing initializer for member ‘OptixFunctionTable::optixPipelineDestroy’ [-Wmissing-field-initializers]
/home/myl/optix7.6/NVIDIA-OptiX-SDK-7.6.0-linux64-x86_64/include/optix_stubs.h:256:36: warning: missing initializer for member ‘OptixFunctionTable::optixPipelineSetStackSize’ [-Wmissing-field-initializers]
/home/myl/optix7.6/NVIDIA-OptiX-SDK-7.6.0-linux64-x86_64/include/optix_stubs.h:256:36: warning: missing initializer for member ‘OptixFunctionTable::optixAccelComputeMemoryUsage’ [-Wmissing-field-initializers]
/home/myl/optix7.6/NVIDIA-OptiX-SDK-7.6.0-linux64-x86_64/include/optix_stubs.h:256:36: warning: missing initializer for member ‘OptixFunctionTable::optixAccelBuild’ [-Wmissing-field-initializers]
/home/myl/optix7.6/NVIDIA-OptiX-SDK-7.6.0-linux64-x86_64/include/optix_stubs.h:256:36: warning: missing initializer for member ‘OptixFunctionTable::optixAccelGetRelocationInfo’ [-Wmissing-field-initializers]
/home/myl/optix7.6/NVIDIA-OptiX-SDK-7.6.0-linux64-x86_64/include/optix_stubs.h:256:36: warning: missing initializer for member ‘OptixFunctionTable::optixCheckRelocationCompatibility’ [-Wmissing-field-initializers]
/home/myl/optix7.6/NVIDIA-OptiX-SDK-7.6.0-linux64-x86_64/include/optix_stubs.h:256:36: warning: missing initializer for member ‘OptixFunctionTable::optixAccelRelocate’ [-Wmissing-field-initializers]
/home/myl/optix7.6/NVIDIA-OptiX-SDK-7.6.0-linux64-x86_64/include/optix_stubs.h:256:36: warning: missing initializer for member ‘OptixFunctionTable::optixAccelCompact’ [-Wmissing-field-initializers]
/home/myl/optix7.6/NVIDIA-OptiX-SDK-7.6.0-linux64-x86_64/include/optix_stubs.h:256:36: warning: missing initializer for member ‘OptixFunctionTable::optixConvertPointerToTraversableHandle’ [-Wmissing-field-initializers]
/home/myl/optix7.6/NVIDIA-OptiX-SDK-7.6.0-linux64-x86_64/include/optix_stubs.h:256:36: warning: missing initializer for member ‘OptixFunctionTable::optixOpacityMicromapArrayComputeMemoryUsage’ [-Wmissing-field-initializers]
/home/myl/optix7.6/NVIDIA-OptiX-SDK-7.6.0-linux64-x86_64/include/optix_stubs.h:256:36: warning: missing initializer for member ‘OptixFunctionTable::optixOpacityMicromapArrayBuild’ [-Wmissing-field-initializers]
/home/myl/optix7.6/NVIDIA-OptiX-SDK-7.6.0-linux64-x86_64/include/optix_stubs.h:256:36: warning: missing initializer for member ‘OptixFunctionTable::optixOpacityMicromapArrayGetRelocationInfo’ [-Wmissing-field-initializers]
/home/myl/optix7.6/NVIDIA-OptiX-SDK-7.6.0-linux64-x86_64/include/optix_stubs.h:256:36: warning: missing initializer for member ‘OptixFunctionTable::optixOpacityMicromapArrayRelocate’ [-Wmissing-field-initializers]
/home/myl/optix7.6/NVIDIA-OptiX-SDK-7.6.0-linux64-x86_64/include/optix_stubs.h:256:36: warning: missing initializer for member ‘OptixFunctionTable::reserved1’ [-Wmissing-field-initializers]
/home/myl/optix7.6/NVIDIA-OptiX-SDK-7.6.0-linux64-x86_64/include/optix_stubs.h:256:36: warning: missing initializer for member ‘OptixFunctionTable::reserved2’ [-Wmissing-field-initializers]
/home/myl/optix7.6/NVIDIA-OptiX-SDK-7.6.0-linux64-x86_64/include/optix_stubs.h:256:36: warning: missing initializer for member ‘OptixFunctionTable::optixSbtRecordPackHeader’ [-Wmissing-field-initializers]
/home/myl/optix7.6/NVIDIA-OptiX-SDK-7.6.0-linux64-x86_64/include/optix_stubs.h:256:36: warning: missing initializer for member ‘OptixFunctionTable::optixLaunch’ [-Wmissing-field-initializers]
/home/myl/optix7.6/NVIDIA-OptiX-SDK-7.6.0-linux64-x86_64/include/optix_stubs.h:256:36: warning: missing initializer for member ‘OptixFunctionTable::optixDenoiserCreate’ [-Wmissing-field-initializers]
/home/myl/optix7.6/NVIDIA-OptiX-SDK-7.6.0-linux64-x86_64/include/optix_stubs.h:256:36: warning: missing initializer for member ‘OptixFunctionTable::optixDenoiserDestroy’ [-Wmissing-field-initializers]
/home/myl/optix7.6/NVIDIA-OptiX-SDK-7.6.0-linux64-x86_64/include/optix_stubs.h:256:36: warning: missing initializer for member ‘OptixFunctionTable::optixDenoiserComputeMemoryResources’ [-Wmissing-field-initializers]
/home/myl/optix7.6/NVIDIA-OptiX-SDK-7.6.0-linux64-x86_64/include/optix_stubs.h:256:36: warning: missing initializer for member ‘OptixFunctionTable::optixDenoiserSetup’ [-Wmissing-field-initializers]
/home/myl/optix7.6/NVIDIA-OptiX-SDK-7.6.0-linux64-x86_64/include/optix_stubs.h:256:36: warning: missing initializer for member ‘OptixFunctionTable::optixDenoiserInvoke’ [-Wmissing-field-initializers]
/home/myl/optix7.6/NVIDIA-OptiX-SDK-7.6.0-linux64-x86_64/include/optix_stubs.h:256:36: warning: missing initializer for member ‘OptixFunctionTable::optixDenoiserComputeIntensity’ [-Wmissing-field-initializers]
/home/myl/optix7.6/NVIDIA-OptiX-SDK-7.6.0-linux64-x86_64/include/optix_stubs.h:256:36: warning: missing initializer for member ‘OptixFunctionTable::optixDenoiserComputeAverageColor’ [-Wmissing-field-initializers]
/home/myl/optix7.6/NVIDIA-OptiX-SDK-7.6.0-linux64-x86_64/include/optix_stubs.h:256:36: warning: missing initializer for member ‘OptixFunctionTable::optixDenoiserCreateWithUserModel’ [-Wmissing-field-initializers]
/home/myl/cache_search/cache/page_cache.cu:29: warning: "CUDA_CHECK" redefined
   29 | #define CUDA_CHECK(expr) cuda_check((expr), #expr, __FILE__, __LINE__)
      | 
In file included from /home/myl/cache_search/cache/../head.h:21,
                 from /home/myl/cache_search/cache/page_cache.h:7,
                 from /home/myl/cache_search/cache/page_cache.cu:1:
/home/myl/cache_search/cache/../helper.h:14: note: this is the location of the previous definition
   14 | #define CUDA_CHECK(call)                                                   \
      | 
In file included from /home/myl/cache_search/head.h:3,
                 from /home/myl/cache_search/entry.h:8,
                 from /home/myl/cache_search/graph.h:2,
                 from /home/myl/cache_search/main.cpp:3:
/home/myl/optix7.6/NVIDIA-OptiX-SDK-7.6.0-linux64-x86_64/include/optix_stubs.h: In function ‘OptixResult optixUninitWithHandle(void*)’:
/home/myl/optix7.6/NVIDIA-OptiX-SDK-7.6.0-linux64-x86_64/include/optix_stubs.h:256:36: warning: missing initializer for member ‘OptixFunctionTable::optixGetErrorString’ [-Wmissing-field-initializers]
  256 |     OptixFunctionTable empty = { 0 };
      |                                    ^
/home/myl/optix7.6/NVIDIA-OptiX-SDK-7.6.0-linux64-x86_64/include/optix_stubs.h:256:36: warning: missing initializer for member ‘OptixFunctionTable::optixDeviceContextCreate’ [-Wmissing-field-initializers]
/home/myl/optix7.6/NVIDIA-OptiX-SDK-7.6.0-linux64-x86_64/include/optix_stubs.h:256:36: warning: missing initializer for member ‘OptixFunctionTable::optixDeviceContextDestroy’ [-Wmissing-field-initializers]
/home/myl/optix7.6/NVIDIA-OptiX-SDK-7.6.0-linux64-x86_64/include/optix_stubs.h:256:36: warning: missing initializer for member ‘OptixFunctionTable::optixDeviceContextGetProperty’ [-Wmissing-field-initializers]
/home/myl/optix7.6/NVIDIA-OptiX-SDK-7.6.0-linux64-x86_64/include/optix_stubs.h:256:36: warning: missing initializer for member ‘OptixFunctionTable::optixDeviceContextSetLogCallback’ [-Wmissing-field-initializers]
/home/myl/optix7.6/NVIDIA-OptiX-SDK-7.6.0-linux64-x86_64/include/optix_stubs.h:256:36: warning: missing initializer for member ‘OptixFunctionTable::optixDeviceContextSetCacheEnabled’ [-Wmissing-field-initializers]
/home/myl/optix7.6/NVIDIA-OptiX-SDK-7.6.0-linux64-x86_64/include/optix_stubs.h:256:36: warning: missing initializer for member ‘OptixFunctionTable::optixDeviceContextSetCacheLocation’ [-Wmissing-field-initializers]
/home/myl/optix7.6/NVIDIA-OptiX-SDK-7.6.0-linux64-x86_64/include/optix_stubs.h:256:36: warning: missing initializer for member ‘OptixFunctionTable::optixDeviceContextSetCacheDatabaseSizes’ [-Wmissing-field-initializers]
/home/myl/optix7.6/NVIDIA-OptiX-SDK-7.6.0-linux64-x86_64/include/optix_stubs.h:256:36: warning: missing initializer for member ‘OptixFunctionTable::optixDeviceContextGetCacheEnabled’ [-Wmissing-field-initializers]
/home/myl/optix7.6/NVIDIA-OptiX-SDK-7.6.0-linux64-x86_64/include/optix_stubs.h:256:36: warning: missing initializer for member ‘OptixFunctionTable::optixDeviceContextGetCacheLocation’ [-Wmissing-field-initializers]
/home/myl/optix7.6/NVIDIA-OptiX-SDK-7.6.0-linux64-x86_64/include/optix_stubs.h:256:36: warning: missing initializer for member ‘OptixFunctionTable::optixDeviceContextGetCacheDatabaseSizes’ [-Wmissing-field-initializers]
/home/myl/optix7.6/NVIDIA-OptiX-SDK-7.6.0-linux64-x86_64/include/optix_stubs.h:256:36: warning: missing initializer for member ‘OptixFunctionTable::optixModuleCreateFromPTX’ [-Wmissing-field-initializers]
/home/myl/optix7.6/NVIDIA-OptiX-SDK-7.6.0-linux64-x86_64/include/optix_stubs.h:256:36: warning: missing initializer for member ‘OptixFunctionTable::optixModuleCreateFromPTXWithTasks’ [-Wmissing-field-initializers]
/home/myl/optix7.6/NVIDIA-OptiX-SDK-7.6.0-linux64-x86_64/include/optix_stubs.h:256:36: warning: missing initializer for member ‘OptixFunctionTable::optixModuleGetCompilationState’ [-Wmissing-field-initializers]
/home/myl/optix7.6/NVIDIA-OptiX-SDK-7.6.0-linux64-x86_64/include/optix_stubs.h:256:36: warning: missing initializer for member ‘OptixFunctionTable::optixModuleDestroy’ [-Wmissing-field-initializers]
/home/myl/optix7.6/NVIDIA-OptiX-SDK-7.6.0-linux64-x86_64/include/optix_stubs.h:256:36: warning: missing initializer for member ‘OptixFunctionTable::optixBuiltinISModuleGet’ [-Wmissing-field-initializers]
/home/myl/optix7.6/NVIDIA-OptiX-SDK-7.6.0-linux64-x86_64/include/optix_stubs.h:256:36: warning: missing initializer for member ‘OptixFunctionTable::optixTaskExecute’ [-Wmissing-field-initializers]
/home/myl/optix7.6/NVIDIA-OptiX-SDK-7.6.0-linux64-x86_64/include/optix_stubs.h:256:36: warning: missing initializer for member ‘OptixFunctionTable::optixProgramGroupCreate’ [-Wmissing-field-initializers]
/home/myl/optix7.6/NVIDIA-OptiX-SDK-7.6.0-linux64-x86_64/include/optix_stubs.h:256:36: warning: missing initializer for member ‘OptixFunctionTable::optixProgramGroupDestroy’ [-Wmissing-field-initializers]
/home/myl/optix7.6/NVIDIA-OptiX-SDK-7.6.0-linux64-x86_64/include/optix_stubs.h:256:36: warning: missing initializer for member ‘OptixFunctionTable::optixProgramGroupGetStackSize’ [-Wmissing-field-initializers]
/home/myl/optix7.6/NVIDIA-OptiX-SDK-7.6.0-linux64-x86_64/include/optix_stubs.h:256:36: warning: missing initializer for member ‘OptixFunctionTable::optixPipelineCreate’ [-Wmissing-field-initializers]
/home/myl/optix7.6/NVIDIA-OptiX-SDK-7.6.0-linux64-x86_64/include/optix_stubs.h:256:36: warning: missing initializer for member ‘OptixFunctionTable::optixPipelineDestroy’ [-Wmissing-field-initializers]
/home/myl/optix7.6/NVIDIA-OptiX-SDK-7.6.0-linux64-x86_64/include/optix_stubs.h:256:36: warning: missing initializer for member ‘OptixFunctionTable::optixPipelineSetStackSize’ [-Wmissing-field-initializers]
/home/myl/optix7.6/NVIDIA-OptiX-SDK-7.6.0-linux64-x86_64/include/optix_stubs.h:256:36: warning: missing initializer for member ‘OptixFunctionTable::optixAccelComputeMemoryUsage’ [-Wmissing-field-initializers]
/home/myl/optix7.6/NVIDIA-OptiX-SDK-7.6.0-linux64-x86_64/include/optix_stubs.h:256:36: warning: missing initializer for member ‘OptixFunctionTable::optixAccelBuild’ [-Wmissing-field-initializers]
/home/myl/optix7.6/NVIDIA-OptiX-SDK-7.6.0-linux64-x86_64/include/optix_stubs.h:256:36: warning: missing initializer for member ‘OptixFunctionTable::optixAccelGetRelocationInfo’ [-Wmissing-field-initializers]
/home/myl/optix7.6/NVIDIA-OptiX-SDK-7.6.0-linux64-x86_64/include/optix_stubs.h:256:36: warning: missing initializer for member ‘OptixFunctionTable::optixCheckRelocationCompatibility’ [-Wmissing-field-initializers]
/home/myl/optix7.6/NVIDIA-OptiX-SDK-7.6.0-linux64-x86_64/include/optix_stubs.h:256:36: warning: missing initializer for member ‘OptixFunctionTable::optixAccelRelocate’ [-Wmissing-field-initializers]
/home/myl/optix7.6/NVIDIA-OptiX-SDK-7.6.0-linux64-x86_64/include/optix_stubs.h:256:36: warning: missing initializer for member ‘OptixFunctionTable::optixAccelCompact’ [-Wmissing-field-initializers]
/home/myl/optix7.6/NVIDIA-OptiX-SDK-7.6.0-linux64-x86_64/include/optix_stubs.h:256:36: warning: missing initializer for member ‘OptixFunctionTable::optixConvertPointerToTraversableHandle’ [-Wmissing-field-initializers]
/home/myl/optix7.6/NVIDIA-OptiX-SDK-7.6.0-linux64-x86_64/include/optix_stubs.h:256:36: warning: missing initializer for member ‘OptixFunctionTable::optixOpacityMicromapArrayComputeMemoryUsage’ [-Wmissing-field-initializers]
/home/myl/optix7.6/NVIDIA-OptiX-SDK-7.6.0-linux64-x86_64/include/optix_stubs.h:256:36: warning: missing initializer for member ‘OptixFunctionTable::optixOpacityMicromapArrayBuild’ [-Wmissing-field-initializers]
/home/myl/optix7.6/NVIDIA-OptiX-SDK-7.6.0-linux64-x86_64/include/optix_stubs.h:256:36: warning: missing initializer for member ‘OptixFunctionTable::optixOpacityMicromapArrayGetRelocationInfo’ [-Wmissing-field-initializers]
/home/myl/optix7.6/NVIDIA-OptiX-SDK-7.6.0-linux64-x86_64/include/optix_stubs.h:256:36: warning: missing initializer for member ‘OptixFunctionTable::optixOpacityMicromapArrayRelocate’ [-Wmissing-field-initializers]
/home/myl/optix7.6/NVIDIA-OptiX-SDK-7.6.0-linux64-x86_64/include/optix_stubs.h:256:36: warning: missing initializer for member ‘OptixFunctionTable::reserved1’ [-Wmissing-field-initializers]
/home/myl/optix7.6/NVIDIA-OptiX-SDK-7.6.0-linux64-x86_64/include/optix_stubs.h:256:36: warning: missing initializer for member ‘OptixFunctionTable::reserved2’ [-Wmissing-field-initializers]
/home/myl/optix7.6/NVIDIA-OptiX-SDK-7.6.0-linux64-x86_64/include/optix_stubs.h:256:36: warning: missing initializer for member ‘OptixFunctionTable::optixSbtRecordPackHeader’ [-Wmissing-field-initializers]
/home/myl/optix7.6/NVIDIA-OptiX-SDK-7.6.0-linux64-x86_64/include/optix_stubs.h:256:36: warning: missing initializer for member ‘OptixFunctionTable::optixLaunch’ [-Wmissing-field-initializers]
/home/myl/optix7.6/NVIDIA-OptiX-SDK-7.6.0-linux64-x86_64/include/optix_stubs.h:256:36: warning: missing initializer for member ‘OptixFunctionTable::optixDenoiserCreate’ [-Wmissing-field-initializers]
/home/myl/optix7.6/NVIDIA-OptiX-SDK-7.6.0-linux64-x86_64/include/optix_stubs.h:256:36: warning: missing initializer for member ‘OptixFunctionTable::optixDenoiserDestroy’ [-Wmissing-field-initializers]
/home/myl/optix7.6/NVIDIA-OptiX-SDK-7.6.0-linux64-x86_64/include/optix_stubs.h:256:36: warning: missing initializer for member ‘OptixFunctionTable::optixDenoiserComputeMemoryResources’ [-Wmissing-field-initializers]
/home/myl/optix7.6/NVIDIA-OptiX-SDK-7.6.0-linux64-x86_64/include/optix_stubs.h:256:36: warning: missing initializer for member ‘OptixFunctionTable::optixDenoiserSetup’ [-Wmissing-field-initializers]
/home/myl/optix7.6/NVIDIA-OptiX-SDK-7.6.0-linux64-x86_64/include/optix_stubs.h:256:36: warning: missing initializer for member ‘OptixFunctionTable::optixDenoiserInvoke’ [-Wmissing-field-initializers]
/home/myl/optix7.6/NVIDIA-OptiX-SDK-7.6.0-linux64-x86_64/include/optix_stubs.h:256:36: warning: missing initializer for member ‘OptixFunctionTable::optixDenoiserComputeIntensity’ [-Wmissing-field-initializers]
/home/myl/optix7.6/NVIDIA-OptiX-SDK-7.6.0-linux64-x86_64/include/optix_stubs.h:256:36: warning: missing initializer for member ‘OptixFunctionTable::optixDenoiserComputeAverageColor’ [-Wmissing-field-initializers]
/home/myl/optix7.6/NVIDIA-OptiX-SDK-7.6.0-linux64-x86_64/include/optix_stubs.h:256:36: warning: missing initializer for member ‘OptixFunctionTable::optixDenoiserCreateWithUserModel’ [-Wmissing-field-initializers]
/home/myl/cache_search/cache/page_cache.cu:29: warning: "CUDA_CHECK" redefined
   29 | #define CUDA_CHECK(expr) cuda_check((expr), #expr, __FILE__, __LINE__)
      | 
In file included from /home/myl/cache_search/cache/../head.h:21,
                 from /home/myl/cache_search/cache/page_cache.h:7,
                 from /home/myl/cache_search/cache/page_cache.cu:1:
/home/myl/cache_search/cache/../helper.h:14: note: this is the location of the previous definition
   14 | #define CUDA_CHECK(call)                                                   \
      | 
/home/myl/cache_search/cache/page_cache.cu:29: warning: "CUDA_CHECK" redefined
   29 | #define CUDA_CHECK(expr) cuda_check((expr), #expr, __FILE__, __LINE__)
      | 
In file included from /home/myl/cache_search/cache/../head.h:21,
                 from /home/myl/cache_search/cache/page_cache.h:7,
                 from /home/myl/cache_search/cache/page_cache.cu:1:
/home/myl/cache_search/cache/../helper.h:14: note: this is the location of the previous definition
   14 | #define CUDA_CHECK(call)                                                   \
      | 
In file included from /home/myl/cache_search/graph.h:3,
                 from /home/myl/cache_search/main.cpp:3:
/home/myl/cache_search/pca/pca.h: In constructor ‘PCA::PCA(float*, uint, uint)’:
/home/myl/cache_search/pca/pca.h:17:23: warning: comparison of integer expressions of different signedness: ‘int’ and ‘uint’ {aka ‘unsigned int’} [-Wsign-compare]
   17 |     for (int i = 0; i < nb; i++) {
      |                     ~~^~~~
/home/myl/cache_search/pca/pca.h:18:25: warning: comparison of integer expressions of different signedness: ‘int’ and ‘uint’ {aka ‘unsigned int’} [-Wsign-compare]
   18 |       for (int j = 0; j < dim; j++) {
      |                       ~~^~~~~
/home/myl/cache_search/main.cpp: In function ‘int main(int, char**)’:
/home/myl/cache_search/main.cpp:91:9: warning: unused variable ‘datafile’ [-Wunused-variable]
   91 |   char* datafile = (char*)FLAGS_data_path.c_str();
      |         ^~~~~~~~
/home/myl/cache_search/main.cpp:92:9: warning: unused variable ‘queryfile’ [-Wunused-variable]
   92 |   char* queryfile = (char*)FLAGS_query_path.c_str();
      |         ^~~~~~~~~
/home/myl/cache_search/main.cpp:93:9: warning: unused variable ‘gtfile’ [-Wunused-variable]
   93 |   char* gtfile = (char*)FLAGS_gt_path.c_str();
      |         ^~~~~~
/home/myl/cache_search/file_read.cu(138): warning #1650-D: result of call is not used
    fscanf(file, "%d %d", &n, &d);
    ^

Remark: The warnings can be suppressed with "-diag-suppress <warning-number>"

/home/myl/cache_search/file_read.cu(142): warning #1650-D: result of call is not used
        fscanf(file, "%f,", &data[i * d + j]);
        ^

/home/myl/cache_search/file_read.cu(144): warning #1650-D: result of call is not used
      fscanf(file, "%f", &data[i * d + d - 1]);
      ^

/home/myl/cache_search/file_read.cu(206): warning #1650-D: result of call is not used
    fread(&d, sizeof(d), 1, file);
    ^

/home/myl/cache_search/file_read.cu(208): warning #1650-D: result of call is not used
    fread(data_ptr, sizeof(float), n*d, file);
    ^

/home/myl/cache_search/file_read.cu(138): warning #1650-D: result of call is not used
    fscanf(file, "%d %d", &n, &d);
    ^

Remark: The warnings can be suppressed with "-diag-suppress <warning-number>"

/home/myl/cache_search/file_read.cu(142): warning #1650-D: result of call is not used
        fscanf(file, "%f,", &data[i * d + j]);
        ^

/home/myl/cache_search/file_read.cu(144): warning #1650-D: result of call is not used
      fscanf(file, "%f", &data[i * d + d - 1]);
      ^

/home/myl/cache_search/file_read.cu(206): warning #1650-D: result of call is not used
    fread(&d, sizeof(d), 1, file);
    ^

/home/myl/cache_search/file_read.cu(208): warning #1650-D: result of call is not used
    fread(data_ptr, sizeof(float), n*d, file);
    ^

/home/myl/cache_search/graph_helper.cu(222): warning #177-D: variable "max_threads" was declared but never referenced
    int max_threads = 64;
        ^

Remark: The warnings can be suppressed with "-diag-suppress <warning-number>"

/home/myl/cache_search/graph_search.cuh(167): warning #177-D: variable "random_entry_seed" was declared but never referenced
    uint random_entry_seed = b_id*blockSize + t_id;
         ^

Remark: The warnings can be suppressed with "-diag-suppress <warning-number>"

/home/myl/cache_search/file_read.cu(138): warning #1650-D: result of call is not used
    fscanf(file, "%d %d", &n, &d);
    ^

Remark: The warnings can be suppressed with "-diag-suppress <warning-number>"

/home/myl/cache_search/file_read.cu(142): warning #1650-D: result of call is not used
        fscanf(file, "%f,", &data[i * d + j]);
        ^

/home/myl/cache_search/file_read.cu(144): warning #1650-D: result of call is not used
      fscanf(file, "%f", &data[i * d + d - 1]);
      ^

/home/myl/cache_search/file_read.cu(206): warning #1650-D: result of call is not used
    fread(&d, sizeof(d), 1, file);
    ^

/home/myl/cache_search/file_read.cu(208): warning #1650-D: result of call is not used
    fread(data_ptr, sizeof(float), n*d, file);
    ^

/home/myl/cache_search/graph_helper.cu(222): warning #177-D: variable "max_threads" was declared but never referenced
    int max_threads = 64;
        ^

Remark: The warnings can be suppressed with "-diag-suppress <warning-number>"

/home/myl/cache_search/file_read.cu: In static member function ‘static void file_read::read_txt_file(const char*, int&, int&, thrust::host_vector<float>&)’:
/home/myl/cache_search/file_read.cu:138:7: warning: ignoring return value of ‘int fscanf(FILE*, const char*, ...)’ declared with attribute ‘warn_unused_result’ [-Wunused-result]
  138 |   fscanf(file, "%d %d", &n, &d);
      |   ~~~~^~~~~~~~~~~~~~~~~~~~~~~
/home/myl/cache_search/file_read.cu:142:7: warning: ignoring return value of ‘int fscanf(FILE*, const char*, ...)’ declared with attribute ‘warn_unused_result’ [-Wunused-result]
  142 |       fscanf(file, "%f,", &data[i * d + j]);
      |       ^~~~~~~~~~~~~~~~~~~~~~~~~~~~~~~~~
/home/myl/cache_search/file_read.cu:144:7: warning: ignoring return value of ‘int fscanf(FILE*, const char*, ...)’ declared with attribute ‘warn_unused_result’ [-Wunused-result]
  144 |     fscanf(file, "%f", &data[i * d + d - 1]);
      |     ~~^~~~~~~~~~~~~~~~~~~~~~~~~~~~~~~~~~~~~~
/home/myl/cache_search/file_read.cu: In static member function ‘static void file_read::read_hvecs_file(const char*, int&, int&, thrust::host_vector<float>&)’:
/home/myl/cache_search/file_read.cu:206:6: warning: ignoring return value of ‘size_t fread(void*, size_t, size_t, FILE*)’ declared with attribute ‘warn_unused_result’ [-Wunused-result]
  206 |   fread(&d, sizeof(d), 1, file);
      |   ~~~^~~~~~~~~~~~~~~~~~~~~~~
/home/myl/cache_search/file_read.cu:208:6: warning: ignoring return value of ‘size_t fread(void*, size_t, size_t, FILE*)’ declared with attribute ‘warn_unused_result’ [-Wunused-result]
  208 |   fread(data_ptr, sizeof(float), n*d, file);
      |   ~~~^~~~~~~~~~~~~~~~~~~~~~~~~~~~~~~~~~~~~~
/home/myl/cache_search/graph_search.cuh(167): warning #177-D: variable "random_entry_seed" was declared but never referenced
    uint random_entry_seed = b_id*blockSize + t_id;
         ^

Remark: The warnings can be suppressed with "-diag-suppress <warning-number>"

[ 73%] Linking CXX executable /home/myl/cache_search/bin/test
[100%] Built target test
正在运行 ./test --ALGO=1 --topk=0 --n_candidates=1024 --expand_ratio=0.2 --point_ratio=0.00001024 --search_width=4 --t=50 --n_cluster=1000  --max_iter=1000 ...
Total GPUs visible: 6, using [3]: NVIDIA L40
Available Memory: 44940 MB, Total Memory: 45372 MB
Shared memory per block: 49152 bytes
Shared memory per SM   : 102400 bytes
Shared memory per block (optin): 101376 bytes
Input
n = 10000, d = 128
np = 100000000, dim = 128
Cluster number: 10000
Centroids read successfully
Input: copy points to device
Input: finish copy points to device
degree = 64
RB_Graph: finish read or build graph
Projection: reading pca base file /mnt/IntelP5520_8T_1/myl/cache_search/data/sift100M/rotated_base.fbin
read PCA file
sizeof_points = 12800000000
Projection: finish reading pca base file
BlockUp function
reading AABB from file /mnt/IntelP5520_8T_1/myl/cache_search/data/sift100M/1024_0.aabbs
Create context
Create module
Create program groups
Create pipeline
Create SBT
BVH Building Time = 0.448928 ms
batch_size = 5
time build_query_batches: 0.040054 ms
time pca projection: 0.186822 ms
time rt_entry search: 0.058404 ms
time graph search: 40825 ms
compute_dim = 27148388650
compute_dis = 542967773
average dimensions per distance computation = 50
time total search time: 40825.3 ms
checking results...
gt_k = 1000
recall1@1024 = 0.999900
recall10@1024 = 0.999320
recall100@1024 = 0.995661
recall1000@1024 = 0.706851
Free memory: 820 MB
Total memory: 45372 MB
Used memory: 44552 MB
Clean up RT ...
Finish cleaning up RT
完成 DIM = 50 的测试

==================================================
正在处理: DIM = 49
==================================================
[ 13%] Built target compute_pca
[ 17%] Building NVCC ptx file cuda_compile_ptx_1_generated_devicePrograms.cu.ptx
[ 21%] compiling (and embedding ptx from) devicePrograms.cu
[ 30%] Building CXX object CMakeFiles/test.dir/main.cpp.o
[ 30%] Building C object CMakeFiles/test.dir/cuda_compile_ptx_1_generated_devicePrograms.cu.ptx_embedded.c.o
[ 34%] Building CUDA object CMakeFiles/test.dir/aabb.cu.o
[ 39%] Building CUDA object CMakeFiles/test.dir/entry.cu.o
[ 43%] Building CUDA object CMakeFiles/test.dir/entry_helper.cu.o
[ 47%] Building CUDA object CMakeFiles/test.dir/matrix.cu.o
[ 52%] Building CUDA object CMakeFiles/test.dir/file_read.cu.o
nvcc warning : incompatible redefinition for option 'std', the last value of this option was used
[ 56%] Building CXX object CMakeFiles/test.dir/raytracing.cpp.o
nvcc warning : incompatible redefinition for option 'std', the last value of this option was used
nvcc warning : incompatible redefinition for option 'std', the last value of this option was used
nvcc warning : incompatible redefinition for option 'std', the last value of this option was used
[ 60%] Building CUDA object CMakeFiles/test.dir/graph.cu.o
[ 65%] Building CUDA object CMakeFiles/test.dir/graph_helper.cu.o
nvcc warning : incompatible redefinition for option 'std', the last value of this option was used
[ 69%] Building CUDA object CMakeFiles/test.dir/cache/page_cache.cu.o
nvcc warning : incompatible redefinition for option 'std', the last value of this option was used
nvcc warning : incompatible redefinition for option 'std', the last value of this option was used
nvcc warning : incompatible redefinition for option 'std', the last value of this option was used
In file included from /home/myl/cache_search/head.h:3,
                 from /home/myl/cache_search/raytracing.h:3,
                 from /home/myl/cache_search/raytracing.cpp:2:
/home/myl/optix7.6/NVIDIA-OptiX-SDK-7.6.0-linux64-x86_64/include/optix_stubs.h: In function ‘OptixResult optixUninitWithHandle(void*)’:
/home/myl/optix7.6/NVIDIA-OptiX-SDK-7.6.0-linux64-x86_64/include/optix_stubs.h:256:36: warning: missing initializer for member ‘OptixFunctionTable::optixGetErrorString’ [-Wmissing-field-initializers]
  256 |     OptixFunctionTable empty = { 0 };
      |                                    ^
/home/myl/optix7.6/NVIDIA-OptiX-SDK-7.6.0-linux64-x86_64/include/optix_stubs.h:256:36: warning: missing initializer for member ‘OptixFunctionTable::optixDeviceContextCreate’ [-Wmissing-field-initializers]
/home/myl/optix7.6/NVIDIA-OptiX-SDK-7.6.0-linux64-x86_64/include/optix_stubs.h:256:36: warning: missing initializer for member ‘OptixFunctionTable::optixDeviceContextDestroy’ [-Wmissing-field-initializers]
/home/myl/optix7.6/NVIDIA-OptiX-SDK-7.6.0-linux64-x86_64/include/optix_stubs.h:256:36: warning: missing initializer for member ‘OptixFunctionTable::optixDeviceContextGetProperty’ [-Wmissing-field-initializers]
/home/myl/optix7.6/NVIDIA-OptiX-SDK-7.6.0-linux64-x86_64/include/optix_stubs.h:256:36: warning: missing initializer for member ‘OptixFunctionTable::optixDeviceContextSetLogCallback’ [-Wmissing-field-initializers]
/home/myl/optix7.6/NVIDIA-OptiX-SDK-7.6.0-linux64-x86_64/include/optix_stubs.h:256:36: warning: missing initializer for member ‘OptixFunctionTable::optixDeviceContextSetCacheEnabled’ [-Wmissing-field-initializers]
/home/myl/optix7.6/NVIDIA-OptiX-SDK-7.6.0-linux64-x86_64/include/optix_stubs.h:256:36: warning: missing initializer for member ‘OptixFunctionTable::optixDeviceContextSetCacheLocation’ [-Wmissing-field-initializers]
/home/myl/optix7.6/NVIDIA-OptiX-SDK-7.6.0-linux64-x86_64/include/optix_stubs.h:256:36: warning: missing initializer for member ‘OptixFunctionTable::optixDeviceContextSetCacheDatabaseSizes’ [-Wmissing-field-initializers]
/home/myl/optix7.6/NVIDIA-OptiX-SDK-7.6.0-linux64-x86_64/include/optix_stubs.h:256:36: warning: missing initializer for member ‘OptixFunctionTable::optixDeviceContextGetCacheEnabled’ [-Wmissing-field-initializers]
/home/myl/optix7.6/NVIDIA-OptiX-SDK-7.6.0-linux64-x86_64/include/optix_stubs.h:256:36: warning: missing initializer for member ‘OptixFunctionTable::optixDeviceContextGetCacheLocation’ [-Wmissing-field-initializers]
/home/myl/optix7.6/NVIDIA-OptiX-SDK-7.6.0-linux64-x86_64/include/optix_stubs.h:256:36: warning: missing initializer for member ‘OptixFunctionTable::optixDeviceContextGetCacheDatabaseSizes’ [-Wmissing-field-initializers]
/home/myl/optix7.6/NVIDIA-OptiX-SDK-7.6.0-linux64-x86_64/include/optix_stubs.h:256:36: warning: missing initializer for member ‘OptixFunctionTable::optixModuleCreateFromPTX’ [-Wmissing-field-initializers]
/home/myl/optix7.6/NVIDIA-OptiX-SDK-7.6.0-linux64-x86_64/include/optix_stubs.h:256:36: warning: missing initializer for member ‘OptixFunctionTable::optixModuleCreateFromPTXWithTasks’ [-Wmissing-field-initializers]
/home/myl/optix7.6/NVIDIA-OptiX-SDK-7.6.0-linux64-x86_64/include/optix_stubs.h:256:36: warning: missing initializer for member ‘OptixFunctionTable::optixModuleGetCompilationState’ [-Wmissing-field-initializers]
/home/myl/optix7.6/NVIDIA-OptiX-SDK-7.6.0-linux64-x86_64/include/optix_stubs.h:256:36: warning: missing initializer for member ‘OptixFunctionTable::optixModuleDestroy’ [-Wmissing-field-initializers]
/home/myl/optix7.6/NVIDIA-OptiX-SDK-7.6.0-linux64-x86_64/include/optix_stubs.h:256:36: warning: missing initializer for member ‘OptixFunctionTable::optixBuiltinISModuleGet’ [-Wmissing-field-initializers]
/home/myl/optix7.6/NVIDIA-OptiX-SDK-7.6.0-linux64-x86_64/include/optix_stubs.h:256:36: warning: missing initializer for member ‘OptixFunctionTable::optixTaskExecute’ [-Wmissing-field-initializers]
/home/myl/optix7.6/NVIDIA-OptiX-SDK-7.6.0-linux64-x86_64/include/optix_stubs.h:256:36: warning: missing initializer for member ‘OptixFunctionTable::optixProgramGroupCreate’ [-Wmissing-field-initializers]
/home/myl/optix7.6/NVIDIA-OptiX-SDK-7.6.0-linux64-x86_64/include/optix_stubs.h:256:36: warning: missing initializer for member ‘OptixFunctionTable::optixProgramGroupDestroy’ [-Wmissing-field-initializers]
/home/myl/optix7.6/NVIDIA-OptiX-SDK-7.6.0-linux64-x86_64/include/optix_stubs.h:256:36: warning: missing initializer for member ‘OptixFunctionTable::optixProgramGroupGetStackSize’ [-Wmissing-field-initializers]
/home/myl/optix7.6/NVIDIA-OptiX-SDK-7.6.0-linux64-x86_64/include/optix_stubs.h:256:36: warning: missing initializer for member ‘OptixFunctionTable::optixPipelineCreate’ [-Wmissing-field-initializers]
/home/myl/optix7.6/NVIDIA-OptiX-SDK-7.6.0-linux64-x86_64/include/optix_stubs.h:256:36: warning: missing initializer for member ‘OptixFunctionTable::optixPipelineDestroy’ [-Wmissing-field-initializers]
/home/myl/optix7.6/NVIDIA-OptiX-SDK-7.6.0-linux64-x86_64/include/optix_stubs.h:256:36: warning: missing initializer for member ‘OptixFunctionTable::optixPipelineSetStackSize’ [-Wmissing-field-initializers]
/home/myl/optix7.6/NVIDIA-OptiX-SDK-7.6.0-linux64-x86_64/include/optix_stubs.h:256:36: warning: missing initializer for member ‘OptixFunctionTable::optixAccelComputeMemoryUsage’ [-Wmissing-field-initializers]
/home/myl/optix7.6/NVIDIA-OptiX-SDK-7.6.0-linux64-x86_64/include/optix_stubs.h:256:36: warning: missing initializer for member ‘OptixFunctionTable::optixAccelBuild’ [-Wmissing-field-initializers]
/home/myl/optix7.6/NVIDIA-OptiX-SDK-7.6.0-linux64-x86_64/include/optix_stubs.h:256:36: warning: missing initializer for member ‘OptixFunctionTable::optixAccelGetRelocationInfo’ [-Wmissing-field-initializers]
/home/myl/optix7.6/NVIDIA-OptiX-SDK-7.6.0-linux64-x86_64/include/optix_stubs.h:256:36: warning: missing initializer for member ‘OptixFunctionTable::optixCheckRelocationCompatibility’ [-Wmissing-field-initializers]
/home/myl/optix7.6/NVIDIA-OptiX-SDK-7.6.0-linux64-x86_64/include/optix_stubs.h:256:36: warning: missing initializer for member ‘OptixFunctionTable::optixAccelRelocate’ [-Wmissing-field-initializers]
/home/myl/optix7.6/NVIDIA-OptiX-SDK-7.6.0-linux64-x86_64/include/optix_stubs.h:256:36: warning: missing initializer for member ‘OptixFunctionTable::optixAccelCompact’ [-Wmissing-field-initializers]
/home/myl/optix7.6/NVIDIA-OptiX-SDK-7.6.0-linux64-x86_64/include/optix_stubs.h:256:36: warning: missing initializer for member ‘OptixFunctionTable::optixConvertPointerToTraversableHandle’ [-Wmissing-field-initializers]
/home/myl/optix7.6/NVIDIA-OptiX-SDK-7.6.0-linux64-x86_64/include/optix_stubs.h:256:36: warning: missing initializer for member ‘OptixFunctionTable::optixOpacityMicromapArrayComputeMemoryUsage’ [-Wmissing-field-initializers]
/home/myl/optix7.6/NVIDIA-OptiX-SDK-7.6.0-linux64-x86_64/include/optix_stubs.h:256:36: warning: missing initializer for member ‘OptixFunctionTable::optixOpacityMicromapArrayBuild’ [-Wmissing-field-initializers]
/home/myl/optix7.6/NVIDIA-OptiX-SDK-7.6.0-linux64-x86_64/include/optix_stubs.h:256:36: warning: missing initializer for member ‘OptixFunctionTable::optixOpacityMicromapArrayGetRelocationInfo’ [-Wmissing-field-initializers]
/home/myl/optix7.6/NVIDIA-OptiX-SDK-7.6.0-linux64-x86_64/include/optix_stubs.h:256:36: warning: missing initializer for member ‘OptixFunctionTable::optixOpacityMicromapArrayRelocate’ [-Wmissing-field-initializers]
/home/myl/optix7.6/NVIDIA-OptiX-SDK-7.6.0-linux64-x86_64/include/optix_stubs.h:256:36: warning: missing initializer for member ‘OptixFunctionTable::reserved1’ [-Wmissing-field-initializers]
/home/myl/optix7.6/NVIDIA-OptiX-SDK-7.6.0-linux64-x86_64/include/optix_stubs.h:256:36: warning: missing initializer for member ‘OptixFunctionTable::reserved2’ [-Wmissing-field-initializers]
/home/myl/optix7.6/NVIDIA-OptiX-SDK-7.6.0-linux64-x86_64/include/optix_stubs.h:256:36: warning: missing initializer for member ‘OptixFunctionTable::optixSbtRecordPackHeader’ [-Wmissing-field-initializers]
/home/myl/optix7.6/NVIDIA-OptiX-SDK-7.6.0-linux64-x86_64/include/optix_stubs.h:256:36: warning: missing initializer for member ‘OptixFunctionTable::optixLaunch’ [-Wmissing-field-initializers]
/home/myl/optix7.6/NVIDIA-OptiX-SDK-7.6.0-linux64-x86_64/include/optix_stubs.h:256:36: warning: missing initializer for member ‘OptixFunctionTable::optixDenoiserCreate’ [-Wmissing-field-initializers]
/home/myl/optix7.6/NVIDIA-OptiX-SDK-7.6.0-linux64-x86_64/include/optix_stubs.h:256:36: warning: missing initializer for member ‘OptixFunctionTable::optixDenoiserDestroy’ [-Wmissing-field-initializers]
/home/myl/optix7.6/NVIDIA-OptiX-SDK-7.6.0-linux64-x86_64/include/optix_stubs.h:256:36: warning: missing initializer for member ‘OptixFunctionTable::optixDenoiserComputeMemoryResources’ [-Wmissing-field-initializers]
/home/myl/optix7.6/NVIDIA-OptiX-SDK-7.6.0-linux64-x86_64/include/optix_stubs.h:256:36: warning: missing initializer for member ‘OptixFunctionTable::optixDenoiserSetup’ [-Wmissing-field-initializers]
/home/myl/optix7.6/NVIDIA-OptiX-SDK-7.6.0-linux64-x86_64/include/optix_stubs.h:256:36: warning: missing initializer for member ‘OptixFunctionTable::optixDenoiserInvoke’ [-Wmissing-field-initializers]
/home/myl/optix7.6/NVIDIA-OptiX-SDK-7.6.0-linux64-x86_64/include/optix_stubs.h:256:36: warning: missing initializer for member ‘OptixFunctionTable::optixDenoiserComputeIntensity’ [-Wmissing-field-initializers]
/home/myl/optix7.6/NVIDIA-OptiX-SDK-7.6.0-linux64-x86_64/include/optix_stubs.h:256:36: warning: missing initializer for member ‘OptixFunctionTable::optixDenoiserComputeAverageColor’ [-Wmissing-field-initializers]
/home/myl/optix7.6/NVIDIA-OptiX-SDK-7.6.0-linux64-x86_64/include/optix_stubs.h:256:36: warning: missing initializer for member ‘OptixFunctionTable::optixDenoiserCreateWithUserModel’ [-Wmissing-field-initializers]
/home/myl/cache_search/cache/page_cache.cu:29: warning: "CUDA_CHECK" redefined
   29 | #define CUDA_CHECK(expr) cuda_check((expr), #expr, __FILE__, __LINE__)
      | 
In file included from /home/myl/cache_search/cache/../head.h:21,
                 from /home/myl/cache_search/cache/page_cache.h:7,
                 from /home/myl/cache_search/cache/page_cache.cu:1:
/home/myl/cache_search/cache/../helper.h:14: note: this is the location of the previous definition
   14 | #define CUDA_CHECK(call)                                                   \
      | 
In file included from /home/myl/cache_search/head.h:3,
                 from /home/myl/cache_search/entry.h:8,
                 from /home/myl/cache_search/graph.h:2,
                 from /home/myl/cache_search/main.cpp:3:
/home/myl/optix7.6/NVIDIA-OptiX-SDK-7.6.0-linux64-x86_64/include/optix_stubs.h: In function ‘OptixResult optixUninitWithHandle(void*)’:
/home/myl/optix7.6/NVIDIA-OptiX-SDK-7.6.0-linux64-x86_64/include/optix_stubs.h:256:36: warning: missing initializer for member ‘OptixFunctionTable::optixGetErrorString’ [-Wmissing-field-initializers]
  256 |     OptixFunctionTable empty = { 0 };
      |                                    ^
/home/myl/optix7.6/NVIDIA-OptiX-SDK-7.6.0-linux64-x86_64/include/optix_stubs.h:256:36: warning: missing initializer for member ‘OptixFunctionTable::optixDeviceContextCreate’ [-Wmissing-field-initializers]
/home/myl/optix7.6/NVIDIA-OptiX-SDK-7.6.0-linux64-x86_64/include/optix_stubs.h:256:36: warning: missing initializer for member ‘OptixFunctionTable::optixDeviceContextDestroy’ [-Wmissing-field-initializers]
/home/myl/optix7.6/NVIDIA-OptiX-SDK-7.6.0-linux64-x86_64/include/optix_stubs.h:256:36: warning: missing initializer for member ‘OptixFunctionTable::optixDeviceContextGetProperty’ [-Wmissing-field-initializers]
/home/myl/optix7.6/NVIDIA-OptiX-SDK-7.6.0-linux64-x86_64/include/optix_stubs.h:256:36: warning: missing initializer for member ‘OptixFunctionTable::optixDeviceContextSetLogCallback’ [-Wmissing-field-initializers]
/home/myl/optix7.6/NVIDIA-OptiX-SDK-7.6.0-linux64-x86_64/include/optix_stubs.h:256:36: warning: missing initializer for member ‘OptixFunctionTable::optixDeviceContextSetCacheEnabled’ [-Wmissing-field-initializers]
/home/myl/optix7.6/NVIDIA-OptiX-SDK-7.6.0-linux64-x86_64/include/optix_stubs.h:256:36: warning: missing initializer for member ‘OptixFunctionTable::optixDeviceContextSetCacheLocation’ [-Wmissing-field-initializers]
/home/myl/optix7.6/NVIDIA-OptiX-SDK-7.6.0-linux64-x86_64/include/optix_stubs.h:256:36: warning: missing initializer for member ‘OptixFunctionTable::optixDeviceContextSetCacheDatabaseSizes’ [-Wmissing-field-initializers]
/home/myl/optix7.6/NVIDIA-OptiX-SDK-7.6.0-linux64-x86_64/include/optix_stubs.h:256:36: warning: missing initializer for member ‘OptixFunctionTable::optixDeviceContextGetCacheEnabled’ [-Wmissing-field-initializers]
/home/myl/optix7.6/NVIDIA-OptiX-SDK-7.6.0-linux64-x86_64/include/optix_stubs.h:256:36: warning: missing initializer for member ‘OptixFunctionTable::optixDeviceContextGetCacheLocation’ [-Wmissing-field-initializers]
/home/myl/optix7.6/NVIDIA-OptiX-SDK-7.6.0-linux64-x86_64/include/optix_stubs.h:256:36: warning: missing initializer for member ‘OptixFunctionTable::optixDeviceContextGetCacheDatabaseSizes’ [-Wmissing-field-initializers]
/home/myl/optix7.6/NVIDIA-OptiX-SDK-7.6.0-linux64-x86_64/include/optix_stubs.h:256:36: warning: missing initializer for member ‘OptixFunctionTable::optixModuleCreateFromPTX’ [-Wmissing-field-initializers]
/home/myl/optix7.6/NVIDIA-OptiX-SDK-7.6.0-linux64-x86_64/include/optix_stubs.h:256:36: warning: missing initializer for member ‘OptixFunctionTable::optixModuleCreateFromPTXWithTasks’ [-Wmissing-field-initializers]
/home/myl/optix7.6/NVIDIA-OptiX-SDK-7.6.0-linux64-x86_64/include/optix_stubs.h:256:36: warning: missing initializer for member ‘OptixFunctionTable::optixModuleGetCompilationState’ [-Wmissing-field-initializers]
/home/myl/optix7.6/NVIDIA-OptiX-SDK-7.6.0-linux64-x86_64/include/optix_stubs.h:256:36: warning: missing initializer for member ‘OptixFunctionTable::optixModuleDestroy’ [-Wmissing-field-initializers]
/home/myl/optix7.6/NVIDIA-OptiX-SDK-7.6.0-linux64-x86_64/include/optix_stubs.h:256:36: warning: missing initializer for member ‘OptixFunctionTable::optixBuiltinISModuleGet’ [-Wmissing-field-initializers]
/home/myl/optix7.6/NVIDIA-OptiX-SDK-7.6.0-linux64-x86_64/include/optix_stubs.h:256:36: warning: missing initializer for member ‘OptixFunctionTable::optixTaskExecute’ [-Wmissing-field-initializers]
/home/myl/optix7.6/NVIDIA-OptiX-SDK-7.6.0-linux64-x86_64/include/optix_stubs.h:256:36: warning: missing initializer for member ‘OptixFunctionTable::optixProgramGroupCreate’ [-Wmissing-field-initializers]
/home/myl/optix7.6/NVIDIA-OptiX-SDK-7.6.0-linux64-x86_64/include/optix_stubs.h:256:36: warning: missing initializer for member ‘OptixFunctionTable::optixProgramGroupDestroy’ [-Wmissing-field-initializers]
/home/myl/optix7.6/NVIDIA-OptiX-SDK-7.6.0-linux64-x86_64/include/optix_stubs.h:256:36: warning: missing initializer for member ‘OptixFunctionTable::optixProgramGroupGetStackSize’ [-Wmissing-field-initializers]
/home/myl/optix7.6/NVIDIA-OptiX-SDK-7.6.0-linux64-x86_64/include/optix_stubs.h:256:36: warning: missing initializer for member ‘OptixFunctionTable::optixPipelineCreate’ [-Wmissing-field-initializers]
/home/myl/optix7.6/NVIDIA-OptiX-SDK-7.6.0-linux64-x86_64/include/optix_stubs.h:256:36: warning: missing initializer for member ‘OptixFunctionTable::optixPipelineDestroy’ [-Wmissing-field-initializers]
/home/myl/optix7.6/NVIDIA-OptiX-SDK-7.6.0-linux64-x86_64/include/optix_stubs.h:256:36: warning: missing initializer for member ‘OptixFunctionTable::optixPipelineSetStackSize’ [-Wmissing-field-initializers]
/home/myl/optix7.6/NVIDIA-OptiX-SDK-7.6.0-linux64-x86_64/include/optix_stubs.h:256:36: warning: missing initializer for member ‘OptixFunctionTable::optixAccelComputeMemoryUsage’ [-Wmissing-field-initializers]
/home/myl/optix7.6/NVIDIA-OptiX-SDK-7.6.0-linux64-x86_64/include/optix_stubs.h:256:36: warning: missing initializer for member ‘OptixFunctionTable::optixAccelBuild’ [-Wmissing-field-initializers]
/home/myl/optix7.6/NVIDIA-OptiX-SDK-7.6.0-linux64-x86_64/include/optix_stubs.h:256:36: warning: missing initializer for member ‘OptixFunctionTable::optixAccelGetRelocationInfo’ [-Wmissing-field-initializers]
/home/myl/optix7.6/NVIDIA-OptiX-SDK-7.6.0-linux64-x86_64/include/optix_stubs.h:256:36: warning: missing initializer for member ‘OptixFunctionTable::optixCheckRelocationCompatibility’ [-Wmissing-field-initializers]
/home/myl/optix7.6/NVIDIA-OptiX-SDK-7.6.0-linux64-x86_64/include/optix_stubs.h:256:36: warning: missing initializer for member ‘OptixFunctionTable::optixAccelRelocate’ [-Wmissing-field-initializers]
/home/myl/optix7.6/NVIDIA-OptiX-SDK-7.6.0-linux64-x86_64/include/optix_stubs.h:256:36: warning: missing initializer for member ‘OptixFunctionTable::optixAccelCompact’ [-Wmissing-field-initializers]
/home/myl/optix7.6/NVIDIA-OptiX-SDK-7.6.0-linux64-x86_64/include/optix_stubs.h:256:36: warning: missing initializer for member ‘OptixFunctionTable::optixConvertPointerToTraversableHandle’ [-Wmissing-field-initializers]
/home/myl/optix7.6/NVIDIA-OptiX-SDK-7.6.0-linux64-x86_64/include/optix_stubs.h:256:36: warning: missing initializer for member ‘OptixFunctionTable::optixOpacityMicromapArrayComputeMemoryUsage’ [-Wmissing-field-initializers]
/home/myl/optix7.6/NVIDIA-OptiX-SDK-7.6.0-linux64-x86_64/include/optix_stubs.h:256:36: warning: missing initializer for member ‘OptixFunctionTable::optixOpacityMicromapArrayBuild’ [-Wmissing-field-initializers]
/home/myl/optix7.6/NVIDIA-OptiX-SDK-7.6.0-linux64-x86_64/include/optix_stubs.h:256:36: warning: missing initializer for member ‘OptixFunctionTable::optixOpacityMicromapArrayGetRelocationInfo’ [-Wmissing-field-initializers]
/home/myl/optix7.6/NVIDIA-OptiX-SDK-7.6.0-linux64-x86_64/include/optix_stubs.h:256:36: warning: missing initializer for member ‘OptixFunctionTable::optixOpacityMicromapArrayRelocate’ [-Wmissing-field-initializers]
/home/myl/optix7.6/NVIDIA-OptiX-SDK-7.6.0-linux64-x86_64/include/optix_stubs.h:256:36: warning: missing initializer for member ‘OptixFunctionTable::reserved1’ [-Wmissing-field-initializers]
/home/myl/optix7.6/NVIDIA-OptiX-SDK-7.6.0-linux64-x86_64/include/optix_stubs.h:256:36: warning: missing initializer for member ‘OptixFunctionTable::reserved2’ [-Wmissing-field-initializers]
/home/myl/optix7.6/NVIDIA-OptiX-SDK-7.6.0-linux64-x86_64/include/optix_stubs.h:256:36: warning: missing initializer for member ‘OptixFunctionTable::optixSbtRecordPackHeader’ [-Wmissing-field-initializers]
/home/myl/optix7.6/NVIDIA-OptiX-SDK-7.6.0-linux64-x86_64/include/optix_stubs.h:256:36: warning: missing initializer for member ‘OptixFunctionTable::optixLaunch’ [-Wmissing-field-initializers]
/home/myl/optix7.6/NVIDIA-OptiX-SDK-7.6.0-linux64-x86_64/include/optix_stubs.h:256:36: warning: missing initializer for member ‘OptixFunctionTable::optixDenoiserCreate’ [-Wmissing-field-initializers]
/home/myl/optix7.6/NVIDIA-OptiX-SDK-7.6.0-linux64-x86_64/include/optix_stubs.h:256:36: warning: missing initializer for member ‘OptixFunctionTable::optixDenoiserDestroy’ [-Wmissing-field-initializers]
/home/myl/optix7.6/NVIDIA-OptiX-SDK-7.6.0-linux64-x86_64/include/optix_stubs.h:256:36: warning: missing initializer for member ‘OptixFunctionTable::optixDenoiserComputeMemoryResources’ [-Wmissing-field-initializers]
/home/myl/optix7.6/NVIDIA-OptiX-SDK-7.6.0-linux64-x86_64/include/optix_stubs.h:256:36: warning: missing initializer for member ‘OptixFunctionTable::optixDenoiserSetup’ [-Wmissing-field-initializers]
/home/myl/optix7.6/NVIDIA-OptiX-SDK-7.6.0-linux64-x86_64/include/optix_stubs.h:256:36: warning: missing initializer for member ‘OptixFunctionTable::optixDenoiserInvoke’ [-Wmissing-field-initializers]
/home/myl/optix7.6/NVIDIA-OptiX-SDK-7.6.0-linux64-x86_64/include/optix_stubs.h:256:36: warning: missing initializer for member ‘OptixFunctionTable::optixDenoiserComputeIntensity’ [-Wmissing-field-initializers]
/home/myl/optix7.6/NVIDIA-OptiX-SDK-7.6.0-linux64-x86_64/include/optix_stubs.h:256:36: warning: missing initializer for member ‘OptixFunctionTable::optixDenoiserComputeAverageColor’ [-Wmissing-field-initializers]
/home/myl/optix7.6/NVIDIA-OptiX-SDK-7.6.0-linux64-x86_64/include/optix_stubs.h:256:36: warning: missing initializer for member ‘OptixFunctionTable::optixDenoiserCreateWithUserModel’ [-Wmissing-field-initializers]
/home/myl/cache_search/cache/page_cache.cu:29: warning: "CUDA_CHECK" redefined
   29 | #define CUDA_CHECK(expr) cuda_check((expr), #expr, __FILE__, __LINE__)
      | 
In file included from /home/myl/cache_search/cache/../head.h:21,
                 from /home/myl/cache_search/cache/page_cache.h:7,
                 from /home/myl/cache_search/cache/page_cache.cu:1:
/home/myl/cache_search/cache/../helper.h:14: note: this is the location of the previous definition
   14 | #define CUDA_CHECK(call)                                                   \
      | 
/home/myl/cache_search/cache/page_cache.cu:29: warning: "CUDA_CHECK" redefined
   29 | #define CUDA_CHECK(expr) cuda_check((expr), #expr, __FILE__, __LINE__)
      | 
In file included from /home/myl/cache_search/cache/../head.h:21,
                 from /home/myl/cache_search/cache/page_cache.h:7,
                 from /home/myl/cache_search/cache/page_cache.cu:1:
/home/myl/cache_search/cache/../helper.h:14: note: this is the location of the previous definition
   14 | #define CUDA_CHECK(call)                                                   \
      | 
In file included from /home/myl/cache_search/graph.h:3,
                 from /home/myl/cache_search/main.cpp:3:
/home/myl/cache_search/pca/pca.h: In constructor ‘PCA::PCA(float*, uint, uint)’:
/home/myl/cache_search/pca/pca.h:17:23: warning: comparison of integer expressions of different signedness: ‘int’ and ‘uint’ {aka ‘unsigned int’} [-Wsign-compare]
   17 |     for (int i = 0; i < nb; i++) {
      |                     ~~^~~~
/home/myl/cache_search/pca/pca.h:18:25: warning: comparison of integer expressions of different signedness: ‘int’ and ‘uint’ {aka ‘unsigned int’} [-Wsign-compare]
   18 |       for (int j = 0; j < dim; j++) {
      |                       ~~^~~~~
/home/myl/cache_search/main.cpp: In function ‘int main(int, char**)’:
/home/myl/cache_search/main.cpp:91:9: warning: unused variable ‘datafile’ [-Wunused-variable]
   91 |   char* datafile = (char*)FLAGS_data_path.c_str();
      |         ^~~~~~~~
/home/myl/cache_search/main.cpp:92:9: warning: unused variable ‘queryfile’ [-Wunused-variable]
   92 |   char* queryfile = (char*)FLAGS_query_path.c_str();
      |         ^~~~~~~~~
/home/myl/cache_search/main.cpp:93:9: warning: unused variable ‘gtfile’ [-Wunused-variable]
   93 |   char* gtfile = (char*)FLAGS_gt_path.c_str();
      |         ^~~~~~
/home/myl/cache_search/file_read.cu(138): warning #1650-D: result of call is not used
    fscanf(file, "%d %d", &n, &d);
    ^

Remark: The warnings can be suppressed with "-diag-suppress <warning-number>"

/home/myl/cache_search/file_read.cu(142): warning #1650-D: result of call is not used
        fscanf(file, "%f,", &data[i * d + j]);
        ^

/home/myl/cache_search/file_read.cu(144): warning #1650-D: result of call is not used
      fscanf(file, "%f", &data[i * d + d - 1]);
      ^

/home/myl/cache_search/file_read.cu(206): warning #1650-D: result of call is not used
    fread(&d, sizeof(d), 1, file);
    ^

/home/myl/cache_search/file_read.cu(208): warning #1650-D: result of call is not used
    fread(data_ptr, sizeof(float), n*d, file);
    ^

/home/myl/cache_search/file_read.cu(138): warning #1650-D: result of call is not used
    fscanf(file, "%d %d", &n, &d);
    ^

Remark: The warnings can be suppressed with "-diag-suppress <warning-number>"

/home/myl/cache_search/file_read.cu(142): warning #1650-D: result of call is not used
        fscanf(file, "%f,", &data[i * d + j]);
        ^

/home/myl/cache_search/file_read.cu(144): warning #1650-D: result of call is not used
      fscanf(file, "%f", &data[i * d + d - 1]);
      ^

/home/myl/cache_search/file_read.cu(206): warning #1650-D: result of call is not used
    fread(&d, sizeof(d), 1, file);
    ^

/home/myl/cache_search/file_read.cu(208): warning #1650-D: result of call is not used
    fread(data_ptr, sizeof(float), n*d, file);
    ^

/home/myl/cache_search/graph_helper.cu(222): warning #177-D: variable "max_threads" was declared but never referenced
    int max_threads = 64;
        ^

Remark: The warnings can be suppressed with "-diag-suppress <warning-number>"

/home/myl/cache_search/graph_search.cuh(167): warning #177-D: variable "random_entry_seed" was declared but never referenced
    uint random_entry_seed = b_id*blockSize + t_id;
         ^

Remark: The warnings can be suppressed with "-diag-suppress <warning-number>"

/home/myl/cache_search/file_read.cu(138): warning #1650-D: result of call is not used
    fscanf(file, "%d %d", &n, &d);
    ^

Remark: The warnings can be suppressed with "-diag-suppress <warning-number>"

/home/myl/cache_search/file_read.cu(142): warning #1650-D: result of call is not used
        fscanf(file, "%f,", &data[i * d + j]);
        ^

/home/myl/cache_search/file_read.cu(144): warning #1650-D: result of call is not used
      fscanf(file, "%f", &data[i * d + d - 1]);
      ^

/home/myl/cache_search/file_read.cu(206): warning #1650-D: result of call is not used
    fread(&d, sizeof(d), 1, file);
    ^

/home/myl/cache_search/file_read.cu(208): warning #1650-D: result of call is not used
    fread(data_ptr, sizeof(float), n*d, file);
    ^

/home/myl/cache_search/graph_helper.cu(222): warning #177-D: variable "max_threads" was declared but never referenced
    int max_threads = 64;
        ^

Remark: The warnings can be suppressed with "-diag-suppress <warning-number>"

/home/myl/cache_search/file_read.cu: In static member function ‘static void file_read::read_txt_file(const char*, int&, int&, thrust::host_vector<float>&)’:
/home/myl/cache_search/file_read.cu:138:7: warning: ignoring return value of ‘int fscanf(FILE*, const char*, ...)’ declared with attribute ‘warn_unused_result’ [-Wunused-result]
  138 |   fscanf(file, "%d %d", &n, &d);
      |   ~~~~^~~~~~~~~~~~~~~~~~~~~~~
/home/myl/cache_search/file_read.cu:142:7: warning: ignoring return value of ‘int fscanf(FILE*, const char*, ...)’ declared with attribute ‘warn_unused_result’ [-Wunused-result]
  142 |       fscanf(file, "%f,", &data[i * d + j]);
      |       ^~~~~~~~~~~~~~~~~~~~~~~~~~~~~~~~~
/home/myl/cache_search/file_read.cu:144:7: warning: ignoring return value of ‘int fscanf(FILE*, const char*, ...)’ declared with attribute ‘warn_unused_result’ [-Wunused-result]
  144 |     fscanf(file, "%f", &data[i * d + d - 1]);
      |     ~~^~~~~~~~~~~~~~~~~~~~~~~~~~~~~~~~~~~~~~
/home/myl/cache_search/file_read.cu: In static member function ‘static void file_read::read_hvecs_file(const char*, int&, int&, thrust::host_vector<float>&)’:
/home/myl/cache_search/file_read.cu:206:6: warning: ignoring return value of ‘size_t fread(void*, size_t, size_t, FILE*)’ declared with attribute ‘warn_unused_result’ [-Wunused-result]
  206 |   fread(&d, sizeof(d), 1, file);
      |   ~~~^~~~~~~~~~~~~~~~~~~~~~~
/home/myl/cache_search/file_read.cu:208:6: warning: ignoring return value of ‘size_t fread(void*, size_t, size_t, FILE*)’ declared with attribute ‘warn_unused_result’ [-Wunused-result]
  208 |   fread(data_ptr, sizeof(float), n*d, file);
      |   ~~~^~~~~~~~~~~~~~~~~~~~~~~~~~~~~~~~~~~~~~
/home/myl/cache_search/graph_search.cuh(167): warning #177-D: variable "random_entry_seed" was declared but never referenced
    uint random_entry_seed = b_id*blockSize + t_id;
         ^

Remark: The warnings can be suppressed with "-diag-suppress <warning-number>"

[ 73%] Linking CXX executable /home/myl/cache_search/bin/test
[100%] Built target test
正在运行 ./test --ALGO=1 --topk=0 --n_candidates=1024 --expand_ratio=0.2 --point_ratio=0.00001024 --search_width=4 --t=50 --n_cluster=1000  --max_iter=1000 ...
Total GPUs visible: 6, using [3]: NVIDIA L40
Available Memory: 44940 MB, Total Memory: 45372 MB
Shared memory per block: 49152 bytes
Shared memory per SM   : 102400 bytes
Shared memory per block (optin): 101376 bytes
Input
n = 10000, d = 128
np = 100000000, dim = 128
Cluster number: 10000
Centroids read successfully
Input: copy points to device
Input: finish copy points to device
degree = 64
RB_Graph: finish read or build graph
Projection: reading pca base file /mnt/IntelP5520_8T_1/myl/cache_search/data/sift100M/rotated_base.fbin
read PCA file
sizeof_points = 12800000000
Projection: finish reading pca base file
BlockUp function
reading AABB from file /mnt/IntelP5520_8T_1/myl/cache_search/data/sift100M/1024_0.aabbs
Create context
Create module
Create program groups
Create pipeline
Create SBT
BVH Building Time = 0.478304 ms
batch_size = 5
time build_query_batches: 0.046304 ms
time pca projection: 0.161212 ms
time rt_entry search: 0.06256 ms
time graph search: 40828.2 ms
compute_dim = 26612606041
compute_dis = 543114409
average dimensions per distance computation = 49
time total search time: 40828.5 ms
checking results...
gt_k = 1000
recall1@1024 = 0.999800
recall10@1024 = 0.999290
recall100@1024 = 0.995062
recall1000@1024 = 0.698946
Free memory: 1200 MB
Total memory: 45372 MB
Used memory: 44172 MB
Clean up RT ...
Finish cleaning up RT
完成 DIM = 49 的测试

==================================================
正在处理: DIM = 48
==================================================
[ 13%] Built target compute_pca
[ 17%] Building NVCC ptx file cuda_compile_ptx_1_generated_devicePrograms.cu.ptx
[ 21%] compiling (and embedding ptx from) devicePrograms.cu
[ 26%] Building C object CMakeFiles/test.dir/cuda_compile_ptx_1_generated_devicePrograms.cu.ptx_embedded.c.o
[ 30%] Building CXX object CMakeFiles/test.dir/main.cpp.o
[ 39%] Building CUDA object CMakeFiles/test.dir/entry.cu.o
[ 39%] Building CUDA object CMakeFiles/test.dir/aabb.cu.o
[ 43%] Building CUDA object CMakeFiles/test.dir/entry_helper.cu.o
[ 47%] Building CUDA object CMakeFiles/test.dir/matrix.cu.o
[ 52%] Building CUDA object CMakeFiles/test.dir/file_read.cu.o
[ 56%] Building CXX object CMakeFiles/test.dir/raytracing.cpp.o
nvcc warning : incompatible redefinition for option 'std', the last value of this option was used
nvcc warning : incompatible redefinition for option 'std', the last value of this option was used
nvcc warning : incompatible redefinition for option 'std', the last value of this option was used
[ 60%] Building CUDA object CMakeFiles/test.dir/graph.cu.o
nvcc warning : incompatible redefinition for option 'std', the last value of this option was used
[ 65%] Building CUDA object CMakeFiles/test.dir/graph_helper.cu.o
nvcc warning : incompatible redefinition for option 'std', the last value of this option was used
[ 69%] Building CUDA object CMakeFiles/test.dir/cache/page_cache.cu.o
nvcc warning : incompatible redefinition for option 'std', the last value of this option was used
nvcc warning : incompatible redefinition for option 'std', the last value of this option was used
nvcc warning : incompatible redefinition for option 'std', the last value of this option was used
In file included from /home/myl/cache_search/head.h:3,
                 from /home/myl/cache_search/raytracing.h:3,
                 from /home/myl/cache_search/raytracing.cpp:2:
/home/myl/optix7.6/NVIDIA-OptiX-SDK-7.6.0-linux64-x86_64/include/optix_stubs.h: In function ‘OptixResult optixUninitWithHandle(void*)’:
/home/myl/optix7.6/NVIDIA-OptiX-SDK-7.6.0-linux64-x86_64/include/optix_stubs.h:256:36: warning: missing initializer for member ‘OptixFunctionTable::optixGetErrorString’ [-Wmissing-field-initializers]
  256 |     OptixFunctionTable empty = { 0 };
      |                                    ^
/home/myl/optix7.6/NVIDIA-OptiX-SDK-7.6.0-linux64-x86_64/include/optix_stubs.h:256:36: warning: missing initializer for member ‘OptixFunctionTable::optixDeviceContextCreate’ [-Wmissing-field-initializers]
/home/myl/optix7.6/NVIDIA-OptiX-SDK-7.6.0-linux64-x86_64/include/optix_stubs.h:256:36: warning: missing initializer for member ‘OptixFunctionTable::optixDeviceContextDestroy’ [-Wmissing-field-initializers]
/home/myl/optix7.6/NVIDIA-OptiX-SDK-7.6.0-linux64-x86_64/include/optix_stubs.h:256:36: warning: missing initializer for member ‘OptixFunctionTable::optixDeviceContextGetProperty’ [-Wmissing-field-initializers]
/home/myl/optix7.6/NVIDIA-OptiX-SDK-7.6.0-linux64-x86_64/include/optix_stubs.h:256:36: warning: missing initializer for member ‘OptixFunctionTable::optixDeviceContextSetLogCallback’ [-Wmissing-field-initializers]
/home/myl/optix7.6/NVIDIA-OptiX-SDK-7.6.0-linux64-x86_64/include/optix_stubs.h:256:36: warning: missing initializer for member ‘OptixFunctionTable::optixDeviceContextSetCacheEnabled’ [-Wmissing-field-initializers]
/home/myl/optix7.6/NVIDIA-OptiX-SDK-7.6.0-linux64-x86_64/include/optix_stubs.h:256:36: warning: missing initializer for member ‘OptixFunctionTable::optixDeviceContextSetCacheLocation’ [-Wmissing-field-initializers]
/home/myl/optix7.6/NVIDIA-OptiX-SDK-7.6.0-linux64-x86_64/include/optix_stubs.h:256:36: warning: missing initializer for member ‘OptixFunctionTable::optixDeviceContextSetCacheDatabaseSizes’ [-Wmissing-field-initializers]
/home/myl/optix7.6/NVIDIA-OptiX-SDK-7.6.0-linux64-x86_64/include/optix_stubs.h:256:36: warning: missing initializer for member ‘OptixFunctionTable::optixDeviceContextGetCacheEnabled’ [-Wmissing-field-initializers]
/home/myl/optix7.6/NVIDIA-OptiX-SDK-7.6.0-linux64-x86_64/include/optix_stubs.h:256:36: warning: missing initializer for member ‘OptixFunctionTable::optixDeviceContextGetCacheLocation’ [-Wmissing-field-initializers]
/home/myl/optix7.6/NVIDIA-OptiX-SDK-7.6.0-linux64-x86_64/include/optix_stubs.h:256:36: warning: missing initializer for member ‘OptixFunctionTable::optixDeviceContextGetCacheDatabaseSizes’ [-Wmissing-field-initializers]
/home/myl/optix7.6/NVIDIA-OptiX-SDK-7.6.0-linux64-x86_64/include/optix_stubs.h:256:36: warning: missing initializer for member ‘OptixFunctionTable::optixModuleCreateFromPTX’ [-Wmissing-field-initializers]
/home/myl/optix7.6/NVIDIA-OptiX-SDK-7.6.0-linux64-x86_64/include/optix_stubs.h:256:36: warning: missing initializer for member ‘OptixFunctionTable::optixModuleCreateFromPTXWithTasks’ [-Wmissing-field-initializers]
/home/myl/optix7.6/NVIDIA-OptiX-SDK-7.6.0-linux64-x86_64/include/optix_stubs.h:256:36: warning: missing initializer for member ‘OptixFunctionTable::optixModuleGetCompilationState’ [-Wmissing-field-initializers]
/home/myl/optix7.6/NVIDIA-OptiX-SDK-7.6.0-linux64-x86_64/include/optix_stubs.h:256:36: warning: missing initializer for member ‘OptixFunctionTable::optixModuleDestroy’ [-Wmissing-field-initializers]
/home/myl/optix7.6/NVIDIA-OptiX-SDK-7.6.0-linux64-x86_64/include/optix_stubs.h:256:36: warning: missing initializer for member ‘OptixFunctionTable::optixBuiltinISModuleGet’ [-Wmissing-field-initializers]
/home/myl/optix7.6/NVIDIA-OptiX-SDK-7.6.0-linux64-x86_64/include/optix_stubs.h:256:36: warning: missing initializer for member ‘OptixFunctionTable::optixTaskExecute’ [-Wmissing-field-initializers]
/home/myl/optix7.6/NVIDIA-OptiX-SDK-7.6.0-linux64-x86_64/include/optix_stubs.h:256:36: warning: missing initializer for member ‘OptixFunctionTable::optixProgramGroupCreate’ [-Wmissing-field-initializers]
/home/myl/optix7.6/NVIDIA-OptiX-SDK-7.6.0-linux64-x86_64/include/optix_stubs.h:256:36: warning: missing initializer for member ‘OptixFunctionTable::optixProgramGroupDestroy’ [-Wmissing-field-initializers]
/home/myl/optix7.6/NVIDIA-OptiX-SDK-7.6.0-linux64-x86_64/include/optix_stubs.h:256:36: warning: missing initializer for member ‘OptixFunctionTable::optixProgramGroupGetStackSize’ [-Wmissing-field-initializers]
/home/myl/optix7.6/NVIDIA-OptiX-SDK-7.6.0-linux64-x86_64/include/optix_stubs.h:256:36: warning: missing initializer for member ‘OptixFunctionTable::optixPipelineCreate’ [-Wmissing-field-initializers]
/home/myl/optix7.6/NVIDIA-OptiX-SDK-7.6.0-linux64-x86_64/include/optix_stubs.h:256:36: warning: missing initializer for member ‘OptixFunctionTable::optixPipelineDestroy’ [-Wmissing-field-initializers]
/home/myl/optix7.6/NVIDIA-OptiX-SDK-7.6.0-linux64-x86_64/include/optix_stubs.h:256:36: warning: missing initializer for member ‘OptixFunctionTable::optixPipelineSetStackSize’ [-Wmissing-field-initializers]
/home/myl/optix7.6/NVIDIA-OptiX-SDK-7.6.0-linux64-x86_64/include/optix_stubs.h:256:36: warning: missing initializer for member ‘OptixFunctionTable::optixAccelComputeMemoryUsage’ [-Wmissing-field-initializers]
/home/myl/optix7.6/NVIDIA-OptiX-SDK-7.6.0-linux64-x86_64/include/optix_stubs.h:256:36: warning: missing initializer for member ‘OptixFunctionTable::optixAccelBuild’ [-Wmissing-field-initializers]
/home/myl/optix7.6/NVIDIA-OptiX-SDK-7.6.0-linux64-x86_64/include/optix_stubs.h:256:36: warning: missing initializer for member ‘OptixFunctionTable::optixAccelGetRelocationInfo’ [-Wmissing-field-initializers]
/home/myl/optix7.6/NVIDIA-OptiX-SDK-7.6.0-linux64-x86_64/include/optix_stubs.h:256:36: warning: missing initializer for member ‘OptixFunctionTable::optixCheckRelocationCompatibility’ [-Wmissing-field-initializers]
/home/myl/optix7.6/NVIDIA-OptiX-SDK-7.6.0-linux64-x86_64/include/optix_stubs.h:256:36: warning: missing initializer for member ‘OptixFunctionTable::optixAccelRelocate’ [-Wmissing-field-initializers]
/home/myl/optix7.6/NVIDIA-OptiX-SDK-7.6.0-linux64-x86_64/include/optix_stubs.h:256:36: warning: missing initializer for member ‘OptixFunctionTable::optixAccelCompact’ [-Wmissing-field-initializers]
/home/myl/optix7.6/NVIDIA-OptiX-SDK-7.6.0-linux64-x86_64/include/optix_stubs.h:256:36: warning: missing initializer for member ‘OptixFunctionTable::optixConvertPointerToTraversableHandle’ [-Wmissing-field-initializers]
/home/myl/optix7.6/NVIDIA-OptiX-SDK-7.6.0-linux64-x86_64/include/optix_stubs.h:256:36: warning: missing initializer for member ‘OptixFunctionTable::optixOpacityMicromapArrayComputeMemoryUsage’ [-Wmissing-field-initializers]
/home/myl/optix7.6/NVIDIA-OptiX-SDK-7.6.0-linux64-x86_64/include/optix_stubs.h:256:36: warning: missing initializer for member ‘OptixFunctionTable::optixOpacityMicromapArrayBuild’ [-Wmissing-field-initializers]
/home/myl/optix7.6/NVIDIA-OptiX-SDK-7.6.0-linux64-x86_64/include/optix_stubs.h:256:36: warning: missing initializer for member ‘OptixFunctionTable::optixOpacityMicromapArrayGetRelocationInfo’ [-Wmissing-field-initializers]
/home/myl/optix7.6/NVIDIA-OptiX-SDK-7.6.0-linux64-x86_64/include/optix_stubs.h:256:36: warning: missing initializer for member ‘OptixFunctionTable::optixOpacityMicromapArrayRelocate’ [-Wmissing-field-initializers]
/home/myl/optix7.6/NVIDIA-OptiX-SDK-7.6.0-linux64-x86_64/include/optix_stubs.h:256:36: warning: missing initializer for member ‘OptixFunctionTable::reserved1’ [-Wmissing-field-initializers]
/home/myl/optix7.6/NVIDIA-OptiX-SDK-7.6.0-linux64-x86_64/include/optix_stubs.h:256:36: warning: missing initializer for member ‘OptixFunctionTable::reserved2’ [-Wmissing-field-initializers]
/home/myl/optix7.6/NVIDIA-OptiX-SDK-7.6.0-linux64-x86_64/include/optix_stubs.h:256:36: warning: missing initializer for member ‘OptixFunctionTable::optixSbtRecordPackHeader’ [-Wmissing-field-initializers]
/home/myl/optix7.6/NVIDIA-OptiX-SDK-7.6.0-linux64-x86_64/include/optix_stubs.h:256:36: warning: missing initializer for member ‘OptixFunctionTable::optixLaunch’ [-Wmissing-field-initializers]
/home/myl/optix7.6/NVIDIA-OptiX-SDK-7.6.0-linux64-x86_64/include/optix_stubs.h:256:36: warning: missing initializer for member ‘OptixFunctionTable::optixDenoiserCreate’ [-Wmissing-field-initializers]
/home/myl/optix7.6/NVIDIA-OptiX-SDK-7.6.0-linux64-x86_64/include/optix_stubs.h:256:36: warning: missing initializer for member ‘OptixFunctionTable::optixDenoiserDestroy’ [-Wmissing-field-initializers]
/home/myl/optix7.6/NVIDIA-OptiX-SDK-7.6.0-linux64-x86_64/include/optix_stubs.h:256:36: warning: missing initializer for member ‘OptixFunctionTable::optixDenoiserComputeMemoryResources’ [-Wmissing-field-initializers]
/home/myl/optix7.6/NVIDIA-OptiX-SDK-7.6.0-linux64-x86_64/include/optix_stubs.h:256:36: warning: missing initializer for member ‘OptixFunctionTable::optixDenoiserSetup’ [-Wmissing-field-initializers]
/home/myl/optix7.6/NVIDIA-OptiX-SDK-7.6.0-linux64-x86_64/include/optix_stubs.h:256:36: warning: missing initializer for member ‘OptixFunctionTable::optixDenoiserInvoke’ [-Wmissing-field-initializers]
/home/myl/optix7.6/NVIDIA-OptiX-SDK-7.6.0-linux64-x86_64/include/optix_stubs.h:256:36: warning: missing initializer for member ‘OptixFunctionTable::optixDenoiserComputeIntensity’ [-Wmissing-field-initializers]
/home/myl/optix7.6/NVIDIA-OptiX-SDK-7.6.0-linux64-x86_64/include/optix_stubs.h:256:36: warning: missing initializer for member ‘OptixFunctionTable::optixDenoiserComputeAverageColor’ [-Wmissing-field-initializers]
/home/myl/optix7.6/NVIDIA-OptiX-SDK-7.6.0-linux64-x86_64/include/optix_stubs.h:256:36: warning: missing initializer for member ‘OptixFunctionTable::optixDenoiserCreateWithUserModel’ [-Wmissing-field-initializers]
/home/myl/cache_search/cache/page_cache.cu:29: warning: "CUDA_CHECK" redefined
   29 | #define CUDA_CHECK(expr) cuda_check((expr), #expr, __FILE__, __LINE__)
      | 
In file included from /home/myl/cache_search/cache/../head.h:21,
                 from /home/myl/cache_search/cache/page_cache.h:7,
                 from /home/myl/cache_search/cache/page_cache.cu:1:
/home/myl/cache_search/cache/../helper.h:14: note: this is the location of the previous definition
   14 | #define CUDA_CHECK(call)                                                   \
      | 
In file included from /home/myl/cache_search/head.h:3,
                 from /home/myl/cache_search/entry.h:8,
                 from /home/myl/cache_search/graph.h:2,
                 from /home/myl/cache_search/main.cpp:3:
/home/myl/optix7.6/NVIDIA-OptiX-SDK-7.6.0-linux64-x86_64/include/optix_stubs.h: In function ‘OptixResult optixUninitWithHandle(void*)’:
/home/myl/optix7.6/NVIDIA-OptiX-SDK-7.6.0-linux64-x86_64/include/optix_stubs.h:256:36: warning: missing initializer for member ‘OptixFunctionTable::optixGetErrorString’ [-Wmissing-field-initializers]
  256 |     OptixFunctionTable empty = { 0 };
      |                                    ^
/home/myl/optix7.6/NVIDIA-OptiX-SDK-7.6.0-linux64-x86_64/include/optix_stubs.h:256:36: warning: missing initializer for member ‘OptixFunctionTable::optixDeviceContextCreate’ [-Wmissing-field-initializers]
/home/myl/optix7.6/NVIDIA-OptiX-SDK-7.6.0-linux64-x86_64/include/optix_stubs.h:256:36: warning: missing initializer for member ‘OptixFunctionTable::optixDeviceContextDestroy’ [-Wmissing-field-initializers]
/home/myl/optix7.6/NVIDIA-OptiX-SDK-7.6.0-linux64-x86_64/include/optix_stubs.h:256:36: warning: missing initializer for member ‘OptixFunctionTable::optixDeviceContextGetProperty’ [-Wmissing-field-initializers]
/home/myl/optix7.6/NVIDIA-OptiX-SDK-7.6.0-linux64-x86_64/include/optix_stubs.h:256:36: warning: missing initializer for member ‘OptixFunctionTable::optixDeviceContextSetLogCallback’ [-Wmissing-field-initializers]
/home/myl/optix7.6/NVIDIA-OptiX-SDK-7.6.0-linux64-x86_64/include/optix_stubs.h:256:36: warning: missing initializer for member ‘OptixFunctionTable::optixDeviceContextSetCacheEnabled’ [-Wmissing-field-initializers]
/home/myl/optix7.6/NVIDIA-OptiX-SDK-7.6.0-linux64-x86_64/include/optix_stubs.h:256:36: warning: missing initializer for member ‘OptixFunctionTable::optixDeviceContextSetCacheLocation’ [-Wmissing-field-initializers]
/home/myl/optix7.6/NVIDIA-OptiX-SDK-7.6.0-linux64-x86_64/include/optix_stubs.h:256:36: warning: missing initializer for member ‘OptixFunctionTable::optixDeviceContextSetCacheDatabaseSizes’ [-Wmissing-field-initializers]
/home/myl/optix7.6/NVIDIA-OptiX-SDK-7.6.0-linux64-x86_64/include/optix_stubs.h:256:36: warning: missing initializer for member ‘OptixFunctionTable::optixDeviceContextGetCacheEnabled’ [-Wmissing-field-initializers]
/home/myl/optix7.6/NVIDIA-OptiX-SDK-7.6.0-linux64-x86_64/include/optix_stubs.h:256:36: warning: missing initializer for member ‘OptixFunctionTable::optixDeviceContextGetCacheLocation’ [-Wmissing-field-initializers]
/home/myl/optix7.6/NVIDIA-OptiX-SDK-7.6.0-linux64-x86_64/include/optix_stubs.h:256:36: warning: missing initializer for member ‘OptixFunctionTable::optixDeviceContextGetCacheDatabaseSizes’ [-Wmissing-field-initializers]
/home/myl/optix7.6/NVIDIA-OptiX-SDK-7.6.0-linux64-x86_64/include/optix_stubs.h:256:36: warning: missing initializer for member ‘OptixFunctionTable::optixModuleCreateFromPTX’ [-Wmissing-field-initializers]
/home/myl/optix7.6/NVIDIA-OptiX-SDK-7.6.0-linux64-x86_64/include/optix_stubs.h:256:36: warning: missing initializer for member ‘OptixFunctionTable::optixModuleCreateFromPTXWithTasks’ [-Wmissing-field-initializers]
/home/myl/optix7.6/NVIDIA-OptiX-SDK-7.6.0-linux64-x86_64/include/optix_stubs.h:256:36: warning: missing initializer for member ‘OptixFunctionTable::optixModuleGetCompilationState’ [-Wmissing-field-initializers]
/home/myl/optix7.6/NVIDIA-OptiX-SDK-7.6.0-linux64-x86_64/include/optix_stubs.h:256:36: warning: missing initializer for member ‘OptixFunctionTable::optixModuleDestroy’ [-Wmissing-field-initializers]
/home/myl/optix7.6/NVIDIA-OptiX-SDK-7.6.0-linux64-x86_64/include/optix_stubs.h:256:36: warning: missing initializer for member ‘OptixFunctionTable::optixBuiltinISModuleGet’ [-Wmissing-field-initializers]
/home/myl/optix7.6/NVIDIA-OptiX-SDK-7.6.0-linux64-x86_64/include/optix_stubs.h:256:36: warning: missing initializer for member ‘OptixFunctionTable::optixTaskExecute’ [-Wmissing-field-initializers]
/home/myl/optix7.6/NVIDIA-OptiX-SDK-7.6.0-linux64-x86_64/include/optix_stubs.h:256:36: warning: missing initializer for member ‘OptixFunctionTable::optixProgramGroupCreate’ [-Wmissing-field-initializers]
/home/myl/optix7.6/NVIDIA-OptiX-SDK-7.6.0-linux64-x86_64/include/optix_stubs.h:256:36: warning: missing initializer for member ‘OptixFunctionTable::optixProgramGroupDestroy’ [-Wmissing-field-initializers]
/home/myl/optix7.6/NVIDIA-OptiX-SDK-7.6.0-linux64-x86_64/include/optix_stubs.h:256:36: warning: missing initializer for member ‘OptixFunctionTable::optixProgramGroupGetStackSize’ [-Wmissing-field-initializers]
/home/myl/optix7.6/NVIDIA-OptiX-SDK-7.6.0-linux64-x86_64/include/optix_stubs.h:256:36: warning: missing initializer for member ‘OptixFunctionTable::optixPipelineCreate’ [-Wmissing-field-initializers]
/home/myl/optix7.6/NVIDIA-OptiX-SDK-7.6.0-linux64-x86_64/include/optix_stubs.h:256:36: warning: missing initializer for member ‘OptixFunctionTable::optixPipelineDestroy’ [-Wmissing-field-initializers]
/home/myl/optix7.6/NVIDIA-OptiX-SDK-7.6.0-linux64-x86_64/include/optix_stubs.h:256:36: warning: missing initializer for member ‘OptixFunctionTable::optixPipelineSetStackSize’ [-Wmissing-field-initializers]
/home/myl/optix7.6/NVIDIA-OptiX-SDK-7.6.0-linux64-x86_64/include/optix_stubs.h:256:36: warning: missing initializer for member ‘OptixFunctionTable::optixAccelComputeMemoryUsage’ [-Wmissing-field-initializers]
/home/myl/optix7.6/NVIDIA-OptiX-SDK-7.6.0-linux64-x86_64/include/optix_stubs.h:256:36: warning: missing initializer for member ‘OptixFunctionTable::optixAccelBuild’ [-Wmissing-field-initializers]
/home/myl/optix7.6/NVIDIA-OptiX-SDK-7.6.0-linux64-x86_64/include/optix_stubs.h:256:36: warning: missing initializer for member ‘OptixFunctionTable::optixAccelGetRelocationInfo’ [-Wmissing-field-initializers]
/home/myl/optix7.6/NVIDIA-OptiX-SDK-7.6.0-linux64-x86_64/include/optix_stubs.h:256:36: warning: missing initializer for member ‘OptixFunctionTable::optixCheckRelocationCompatibility’ [-Wmissing-field-initializers]
/home/myl/optix7.6/NVIDIA-OptiX-SDK-7.6.0-linux64-x86_64/include/optix_stubs.h:256:36: warning: missing initializer for member ‘OptixFunctionTable::optixAccelRelocate’ [-Wmissing-field-initializers]
/home/myl/optix7.6/NVIDIA-OptiX-SDK-7.6.0-linux64-x86_64/include/optix_stubs.h:256:36: warning: missing initializer for member ‘OptixFunctionTable::optixAccelCompact’ [-Wmissing-field-initializers]
/home/myl/optix7.6/NVIDIA-OptiX-SDK-7.6.0-linux64-x86_64/include/optix_stubs.h:256:36: warning: missing initializer for member ‘OptixFunctionTable::optixConvertPointerToTraversableHandle’ [-Wmissing-field-initializers]
/home/myl/optix7.6/NVIDIA-OptiX-SDK-7.6.0-linux64-x86_64/include/optix_stubs.h:256:36: warning: missing initializer for member ‘OptixFunctionTable::optixOpacityMicromapArrayComputeMemoryUsage’ [-Wmissing-field-initializers]
/home/myl/optix7.6/NVIDIA-OptiX-SDK-7.6.0-linux64-x86_64/include/optix_stubs.h:256:36: warning: missing initializer for member ‘OptixFunctionTable::optixOpacityMicromapArrayBuild’ [-Wmissing-field-initializers]
/home/myl/optix7.6/NVIDIA-OptiX-SDK-7.6.0-linux64-x86_64/include/optix_stubs.h:256:36: warning: missing initializer for member ‘OptixFunctionTable::optixOpacityMicromapArrayGetRelocationInfo’ [-Wmissing-field-initializers]
/home/myl/optix7.6/NVIDIA-OptiX-SDK-7.6.0-linux64-x86_64/include/optix_stubs.h:256:36: warning: missing initializer for member ‘OptixFunctionTable::optixOpacityMicromapArrayRelocate’ [-Wmissing-field-initializers]
/home/myl/optix7.6/NVIDIA-OptiX-SDK-7.6.0-linux64-x86_64/include/optix_stubs.h:256:36: warning: missing initializer for member ‘OptixFunctionTable::reserved1’ [-Wmissing-field-initializers]
/home/myl/optix7.6/NVIDIA-OptiX-SDK-7.6.0-linux64-x86_64/include/optix_stubs.h:256:36: warning: missing initializer for member ‘OptixFunctionTable::reserved2’ [-Wmissing-field-initializers]
/home/myl/optix7.6/NVIDIA-OptiX-SDK-7.6.0-linux64-x86_64/include/optix_stubs.h:256:36: warning: missing initializer for member ‘OptixFunctionTable::optixSbtRecordPackHeader’ [-Wmissing-field-initializers]
/home/myl/optix7.6/NVIDIA-OptiX-SDK-7.6.0-linux64-x86_64/include/optix_stubs.h:256:36: warning: missing initializer for member ‘OptixFunctionTable::optixLaunch’ [-Wmissing-field-initializers]
/home/myl/optix7.6/NVIDIA-OptiX-SDK-7.6.0-linux64-x86_64/include/optix_stubs.h:256:36: warning: missing initializer for member ‘OptixFunctionTable::optixDenoiserCreate’ [-Wmissing-field-initializers]
/home/myl/optix7.6/NVIDIA-OptiX-SDK-7.6.0-linux64-x86_64/include/optix_stubs.h:256:36: warning: missing initializer for member ‘OptixFunctionTable::optixDenoiserDestroy’ [-Wmissing-field-initializers]
/home/myl/optix7.6/NVIDIA-OptiX-SDK-7.6.0-linux64-x86_64/include/optix_stubs.h:256:36: warning: missing initializer for member ‘OptixFunctionTable::optixDenoiserComputeMemoryResources’ [-Wmissing-field-initializers]
/home/myl/optix7.6/NVIDIA-OptiX-SDK-7.6.0-linux64-x86_64/include/optix_stubs.h:256:36: warning: missing initializer for member ‘OptixFunctionTable::optixDenoiserSetup’ [-Wmissing-field-initializers]
/home/myl/optix7.6/NVIDIA-OptiX-SDK-7.6.0-linux64-x86_64/include/optix_stubs.h:256:36: warning: missing initializer for member ‘OptixFunctionTable::optixDenoiserInvoke’ [-Wmissing-field-initializers]
/home/myl/optix7.6/NVIDIA-OptiX-SDK-7.6.0-linux64-x86_64/include/optix_stubs.h:256:36: warning: missing initializer for member ‘OptixFunctionTable::optixDenoiserComputeIntensity’ [-Wmissing-field-initializers]
/home/myl/optix7.6/NVIDIA-OptiX-SDK-7.6.0-linux64-x86_64/include/optix_stubs.h:256:36: warning: missing initializer for member ‘OptixFunctionTable::optixDenoiserComputeAverageColor’ [-Wmissing-field-initializers]
/home/myl/optix7.6/NVIDIA-OptiX-SDK-7.6.0-linux64-x86_64/include/optix_stubs.h:256:36: warning: missing initializer for member ‘OptixFunctionTable::optixDenoiserCreateWithUserModel’ [-Wmissing-field-initializers]
/home/myl/cache_search/cache/page_cache.cu:29: warning: "CUDA_CHECK" redefined
   29 | #define CUDA_CHECK(expr) cuda_check((expr), #expr, __FILE__, __LINE__)
      | 
In file included from /home/myl/cache_search/cache/../head.h:21,
                 from /home/myl/cache_search/cache/page_cache.h:7,
                 from /home/myl/cache_search/cache/page_cache.cu:1:
/home/myl/cache_search/cache/../helper.h:14: note: this is the location of the previous definition
   14 | #define CUDA_CHECK(call)                                                   \
      | 
/home/myl/cache_search/cache/page_cache.cu:29: warning: "CUDA_CHECK" redefined
   29 | #define CUDA_CHECK(expr) cuda_check((expr), #expr, __FILE__, __LINE__)
      | 
In file included from /home/myl/cache_search/cache/../head.h:21,
                 from /home/myl/cache_search/cache/page_cache.h:7,
                 from /home/myl/cache_search/cache/page_cache.cu:1:
/home/myl/cache_search/cache/../helper.h:14: note: this is the location of the previous definition
   14 | #define CUDA_CHECK(call)                                                   \
      | 
In file included from /home/myl/cache_search/graph.h:3,
                 from /home/myl/cache_search/main.cpp:3:
/home/myl/cache_search/pca/pca.h: In constructor ‘PCA::PCA(float*, uint, uint)’:
/home/myl/cache_search/pca/pca.h:17:23: warning: comparison of integer expressions of different signedness: ‘int’ and ‘uint’ {aka ‘unsigned int’} [-Wsign-compare]
   17 |     for (int i = 0; i < nb; i++) {
      |                     ~~^~~~
/home/myl/cache_search/pca/pca.h:18:25: warning: comparison of integer expressions of different signedness: ‘int’ and ‘uint’ {aka ‘unsigned int’} [-Wsign-compare]
   18 |       for (int j = 0; j < dim; j++) {
      |                       ~~^~~~~
/home/myl/cache_search/main.cpp: In function ‘int main(int, char**)’:
/home/myl/cache_search/main.cpp:91:9: warning: unused variable ‘datafile’ [-Wunused-variable]
   91 |   char* datafile = (char*)FLAGS_data_path.c_str();
      |         ^~~~~~~~
/home/myl/cache_search/main.cpp:92:9: warning: unused variable ‘queryfile’ [-Wunused-variable]
   92 |   char* queryfile = (char*)FLAGS_query_path.c_str();
      |         ^~~~~~~~~
/home/myl/cache_search/main.cpp:93:9: warning: unused variable ‘gtfile’ [-Wunused-variable]
   93 |   char* gtfile = (char*)FLAGS_gt_path.c_str();
      |         ^~~~~~
/home/myl/cache_search/file_read.cu(138): warning #1650-D: result of call is not used
    fscanf(file, "%d %d", &n, &d);
    ^

Remark: The warnings can be suppressed with "-diag-suppress <warning-number>"

/home/myl/cache_search/file_read.cu(142): warning #1650-D: result of call is not used
        fscanf(file, "%f,", &data[i * d + j]);
        ^

/home/myl/cache_search/file_read.cu(144): warning #1650-D: result of call is not used
      fscanf(file, "%f", &data[i * d + d - 1]);
      ^

/home/myl/cache_search/file_read.cu(206): warning #1650-D: result of call is not used
    fread(&d, sizeof(d), 1, file);
    ^

/home/myl/cache_search/file_read.cu(208): warning #1650-D: result of call is not used
    fread(data_ptr, sizeof(float), n*d, file);
    ^

/home/myl/cache_search/file_read.cu(138): warning #1650-D: result of call is not used
    fscanf(file, "%d %d", &n, &d);
    ^

Remark: The warnings can be suppressed with "-diag-suppress <warning-number>"

/home/myl/cache_search/file_read.cu(142): warning #1650-D: result of call is not used
        fscanf(file, "%f,", &data[i * d + j]);
        ^

/home/myl/cache_search/file_read.cu(144): warning #1650-D: result of call is not used
      fscanf(file, "%f", &data[i * d + d - 1]);
      ^

/home/myl/cache_search/file_read.cu(206): warning #1650-D: result of call is not used
    fread(&d, sizeof(d), 1, file);
    ^

/home/myl/cache_search/file_read.cu(208): warning #1650-D: result of call is not used
    fread(data_ptr, sizeof(float), n*d, file);
    ^

/home/myl/cache_search/graph_helper.cu(222): warning #177-D: variable "max_threads" was declared but never referenced
    int max_threads = 64;
        ^

Remark: The warnings can be suppressed with "-diag-suppress <warning-number>"

/home/myl/cache_search/graph_search.cuh(167): warning #177-D: variable "random_entry_seed" was declared but never referenced
    uint random_entry_seed = b_id*blockSize + t_id;
         ^

Remark: The warnings can be suppressed with "-diag-suppress <warning-number>"

/home/myl/cache_search/file_read.cu(138): warning #1650-D: result of call is not used
    fscanf(file, "%d %d", &n, &d);
    ^

Remark: The warnings can be suppressed with "-diag-suppress <warning-number>"

/home/myl/cache_search/file_read.cu(142): warning #1650-D: result of call is not used
        fscanf(file, "%f,", &data[i * d + j]);
        ^

/home/myl/cache_search/file_read.cu(144): warning #1650-D: result of call is not used
      fscanf(file, "%f", &data[i * d + d - 1]);
      ^

/home/myl/cache_search/file_read.cu(206): warning #1650-D: result of call is not used
    fread(&d, sizeof(d), 1, file);
    ^

/home/myl/cache_search/file_read.cu(208): warning #1650-D: result of call is not used
    fread(data_ptr, sizeof(float), n*d, file);
    ^

/home/myl/cache_search/graph_helper.cu(222): warning #177-D: variable "max_threads" was declared but never referenced
    int max_threads = 64;
        ^

Remark: The warnings can be suppressed with "-diag-suppress <warning-number>"

/home/myl/cache_search/file_read.cu: In static member function ‘static void file_read::read_txt_file(const char*, int&, int&, thrust::host_vector<float>&)’:
/home/myl/cache_search/file_read.cu:138:7: warning: ignoring return value of ‘int fscanf(FILE*, const char*, ...)’ declared with attribute ‘warn_unused_result’ [-Wunused-result]
  138 |   fscanf(file, "%d %d", &n, &d);
      |   ~~~~^~~~~~~~~~~~~~~~~~~~~~~
/home/myl/cache_search/file_read.cu:142:7: warning: ignoring return value of ‘int fscanf(FILE*, const char*, ...)’ declared with attribute ‘warn_unused_result’ [-Wunused-result]
  142 |       fscanf(file, "%f,", &data[i * d + j]);
      |       ^~~~~~~~~~~~~~~~~~~~~~~~~~~~~~~~~
/home/myl/cache_search/file_read.cu:144:7: warning: ignoring return value of ‘int fscanf(FILE*, const char*, ...)’ declared with attribute ‘warn_unused_result’ [-Wunused-result]
  144 |     fscanf(file, "%f", &data[i * d + d - 1]);
      |     ~~^~~~~~~~~~~~~~~~~~~~~~~~~~~~~~~~~~~~~~
/home/myl/cache_search/file_read.cu: In static member function ‘static void file_read::read_hvecs_file(const char*, int&, int&, thrust::host_vector<float>&)’:
/home/myl/cache_search/file_read.cu:206:6: warning: ignoring return value of ‘size_t fread(void*, size_t, size_t, FILE*)’ declared with attribute ‘warn_unused_result’ [-Wunused-result]
  206 |   fread(&d, sizeof(d), 1, file);
      |   ~~~^~~~~~~~~~~~~~~~~~~~~~~
/home/myl/cache_search/file_read.cu:208:6: warning: ignoring return value of ‘size_t fread(void*, size_t, size_t, FILE*)’ declared with attribute ‘warn_unused_result’ [-Wunused-result]
  208 |   fread(data_ptr, sizeof(float), n*d, file);
      |   ~~~^~~~~~~~~~~~~~~~~~~~~~~~~~~~~~~~~~~~~~
/home/myl/cache_search/graph_search.cuh(167): warning #177-D: variable "random_entry_seed" was declared but never referenced
    uint random_entry_seed = b_id*blockSize + t_id;
         ^

Remark: The warnings can be suppressed with "-diag-suppress <warning-number>"

[ 73%] Linking CXX executable /home/myl/cache_search/bin/test
[100%] Built target test
正在运行 ./test --ALGO=1 --topk=0 --n_candidates=1024 --expand_ratio=0.2 --point_ratio=0.00001024 --search_width=4 --t=50 --n_cluster=1000  --max_iter=1000 ...
Total GPUs visible: 6, using [3]: NVIDIA L40
Available Memory: 44940 MB, Total Memory: 45372 MB
Shared memory per block: 49152 bytes
Shared memory per SM   : 102400 bytes
Shared memory per block (optin): 101376 bytes
Input
n = 10000, d = 128
np = 100000000, dim = 128
Cluster number: 10000
Centroids read successfully
Input: copy points to device
Input: finish copy points to device
degree = 64
RB_Graph: finish read or build graph
Projection: reading pca base file /mnt/IntelP5520_8T_1/myl/cache_search/data/sift100M/rotated_base.fbin
read PCA file
sizeof_points = 12800000000
Projection: finish reading pca base file
BlockUp function
reading AABB from file /mnt/IntelP5520_8T_1/myl/cache_search/data/sift100M/1024_0.aabbs
Create context
Create module
Create program groups
Create pipeline
Create SBT
BVH Building Time = 0.498176 ms
batch_size = 5
time build_query_batches: 0.040064 ms
time pca projection: 0.167228 ms
time rt_entry search: 0.057041 ms
time graph search: 40755.9 ms
compute_dim = 26077527888
compute_dis = 543281831
average dimensions per distance computation = 48
time total search time: 40756.2 ms
checking results...
gt_k = 1000
recall1@1024 = 0.999900
recall10@1024 = 0.999190
recall100@1024 = 0.994335
recall1000@1024 = 0.691226
Free memory: 1582 MB
Total memory: 45372 MB
Used memory: 43790 MB
Clean up RT ...
Finish cleaning up RT
完成 DIM = 48 的测试

==================================================
正在处理: DIM = 47
==================================================
[ 13%] Built target compute_pca
[ 17%] Building NVCC ptx file cuda_compile_ptx_1_generated_devicePrograms.cu.ptx
[ 21%] compiling (and embedding ptx from) devicePrograms.cu
[ 26%] Building C object CMakeFiles/test.dir/cuda_compile_ptx_1_generated_devicePrograms.cu.ptx_embedded.c.o
[ 34%] Building CUDA object CMakeFiles/test.dir/aabb.cu.o
[ 34%] Building CXX object CMakeFiles/test.dir/main.cpp.o
[ 39%] Building CUDA object CMakeFiles/test.dir/entry.cu.o
[ 43%] Building CUDA object CMakeFiles/test.dir/entry_helper.cu.o
[ 47%] Building CUDA object CMakeFiles/test.dir/matrix.cu.o
[ 52%] Building CUDA object CMakeFiles/test.dir/file_read.cu.o
nvcc warning : incompatible redefinition for option 'std', the last value of this option was used
[ 56%] Building CXX object CMakeFiles/test.dir/raytracing.cpp.o
nvcc warning : incompatible redefinition for option 'std', the last value of this option was used
nvcc warning : incompatible redefinition for option 'std', the last value of this option was used
[ 60%] Building CUDA object CMakeFiles/test.dir/graph.cu.o
nvcc warning : incompatible redefinition for option 'std', the last value of this option was used
[ 65%] Building CUDA object CMakeFiles/test.dir/graph_helper.cu.o
[ 69%] Building CUDA object CMakeFiles/test.dir/cache/page_cache.cu.o
nvcc warning : incompatible redefinition for option 'std', the last value of this option was used
nvcc warning : incompatible redefinition for option 'std', the last value of this option was used
nvcc warning : incompatible redefinition for option 'std', the last value of this option was used
nvcc warning : incompatible redefinition for option 'std', the last value of this option was used
In file included from /home/myl/cache_search/head.h:3,
                 from /home/myl/cache_search/raytracing.h:3,
                 from /home/myl/cache_search/raytracing.cpp:2:
/home/myl/optix7.6/NVIDIA-OptiX-SDK-7.6.0-linux64-x86_64/include/optix_stubs.h: In function ‘OptixResult optixUninitWithHandle(void*)’:
/home/myl/optix7.6/NVIDIA-OptiX-SDK-7.6.0-linux64-x86_64/include/optix_stubs.h:256:36: warning: missing initializer for member ‘OptixFunctionTable::optixGetErrorString’ [-Wmissing-field-initializers]
  256 |     OptixFunctionTable empty = { 0 };
      |                                    ^
/home/myl/optix7.6/NVIDIA-OptiX-SDK-7.6.0-linux64-x86_64/include/optix_stubs.h:256:36: warning: missing initializer for member ‘OptixFunctionTable::optixDeviceContextCreate’ [-Wmissing-field-initializers]
/home/myl/optix7.6/NVIDIA-OptiX-SDK-7.6.0-linux64-x86_64/include/optix_stubs.h:256:36: warning: missing initializer for member ‘OptixFunctionTable::optixDeviceContextDestroy’ [-Wmissing-field-initializers]
/home/myl/optix7.6/NVIDIA-OptiX-SDK-7.6.0-linux64-x86_64/include/optix_stubs.h:256:36: warning: missing initializer for member ‘OptixFunctionTable::optixDeviceContextGetProperty’ [-Wmissing-field-initializers]
/home/myl/optix7.6/NVIDIA-OptiX-SDK-7.6.0-linux64-x86_64/include/optix_stubs.h:256:36: warning: missing initializer for member ‘OptixFunctionTable::optixDeviceContextSetLogCallback’ [-Wmissing-field-initializers]
/home/myl/optix7.6/NVIDIA-OptiX-SDK-7.6.0-linux64-x86_64/include/optix_stubs.h:256:36: warning: missing initializer for member ‘OptixFunctionTable::optixDeviceContextSetCacheEnabled’ [-Wmissing-field-initializers]
/home/myl/optix7.6/NVIDIA-OptiX-SDK-7.6.0-linux64-x86_64/include/optix_stubs.h:256:36: warning: missing initializer for member ‘OptixFunctionTable::optixDeviceContextSetCacheLocation’ [-Wmissing-field-initializers]
/home/myl/optix7.6/NVIDIA-OptiX-SDK-7.6.0-linux64-x86_64/include/optix_stubs.h:256:36: warning: missing initializer for member ‘OptixFunctionTable::optixDeviceContextSetCacheDatabaseSizes’ [-Wmissing-field-initializers]
/home/myl/optix7.6/NVIDIA-OptiX-SDK-7.6.0-linux64-x86_64/include/optix_stubs.h:256:36: warning: missing initializer for member ‘OptixFunctionTable::optixDeviceContextGetCacheEnabled’ [-Wmissing-field-initializers]
/home/myl/optix7.6/NVIDIA-OptiX-SDK-7.6.0-linux64-x86_64/include/optix_stubs.h:256:36: warning: missing initializer for member ‘OptixFunctionTable::optixDeviceContextGetCacheLocation’ [-Wmissing-field-initializers]
/home/myl/optix7.6/NVIDIA-OptiX-SDK-7.6.0-linux64-x86_64/include/optix_stubs.h:256:36: warning: missing initializer for member ‘OptixFunctionTable::optixDeviceContextGetCacheDatabaseSizes’ [-Wmissing-field-initializers]
/home/myl/optix7.6/NVIDIA-OptiX-SDK-7.6.0-linux64-x86_64/include/optix_stubs.h:256:36: warning: missing initializer for member ‘OptixFunctionTable::optixModuleCreateFromPTX’ [-Wmissing-field-initializers]
/home/myl/optix7.6/NVIDIA-OptiX-SDK-7.6.0-linux64-x86_64/include/optix_stubs.h:256:36: warning: missing initializer for member ‘OptixFunctionTable::optixModuleCreateFromPTXWithTasks’ [-Wmissing-field-initializers]
/home/myl/optix7.6/NVIDIA-OptiX-SDK-7.6.0-linux64-x86_64/include/optix_stubs.h:256:36: warning: missing initializer for member ‘OptixFunctionTable::optixModuleGetCompilationState’ [-Wmissing-field-initializers]
/home/myl/optix7.6/NVIDIA-OptiX-SDK-7.6.0-linux64-x86_64/include/optix_stubs.h:256:36: warning: missing initializer for member ‘OptixFunctionTable::optixModuleDestroy’ [-Wmissing-field-initializers]
/home/myl/optix7.6/NVIDIA-OptiX-SDK-7.6.0-linux64-x86_64/include/optix_stubs.h:256:36: warning: missing initializer for member ‘OptixFunctionTable::optixBuiltinISModuleGet’ [-Wmissing-field-initializers]
/home/myl/optix7.6/NVIDIA-OptiX-SDK-7.6.0-linux64-x86_64/include/optix_stubs.h:256:36: warning: missing initializer for member ‘OptixFunctionTable::optixTaskExecute’ [-Wmissing-field-initializers]
/home/myl/optix7.6/NVIDIA-OptiX-SDK-7.6.0-linux64-x86_64/include/optix_stubs.h:256:36: warning: missing initializer for member ‘OptixFunctionTable::optixProgramGroupCreate’ [-Wmissing-field-initializers]
/home/myl/optix7.6/NVIDIA-OptiX-SDK-7.6.0-linux64-x86_64/include/optix_stubs.h:256:36: warning: missing initializer for member ‘OptixFunctionTable::optixProgramGroupDestroy’ [-Wmissing-field-initializers]
/home/myl/optix7.6/NVIDIA-OptiX-SDK-7.6.0-linux64-x86_64/include/optix_stubs.h:256:36: warning: missing initializer for member ‘OptixFunctionTable::optixProgramGroupGetStackSize’ [-Wmissing-field-initializers]
/home/myl/optix7.6/NVIDIA-OptiX-SDK-7.6.0-linux64-x86_64/include/optix_stubs.h:256:36: warning: missing initializer for member ‘OptixFunctionTable::optixPipelineCreate’ [-Wmissing-field-initializers]
/home/myl/optix7.6/NVIDIA-OptiX-SDK-7.6.0-linux64-x86_64/include/optix_stubs.h:256:36: warning: missing initializer for member ‘OptixFunctionTable::optixPipelineDestroy’ [-Wmissing-field-initializers]
/home/myl/optix7.6/NVIDIA-OptiX-SDK-7.6.0-linux64-x86_64/include/optix_stubs.h:256:36: warning: missing initializer for member ‘OptixFunctionTable::optixPipelineSetStackSize’ [-Wmissing-field-initializers]
/home/myl/optix7.6/NVIDIA-OptiX-SDK-7.6.0-linux64-x86_64/include/optix_stubs.h:256:36: warning: missing initializer for member ‘OptixFunctionTable::optixAccelComputeMemoryUsage’ [-Wmissing-field-initializers]
/home/myl/optix7.6/NVIDIA-OptiX-SDK-7.6.0-linux64-x86_64/include/optix_stubs.h:256:36: warning: missing initializer for member ‘OptixFunctionTable::optixAccelBuild’ [-Wmissing-field-initializers]
/home/myl/optix7.6/NVIDIA-OptiX-SDK-7.6.0-linux64-x86_64/include/optix_stubs.h:256:36: warning: missing initializer for member ‘OptixFunctionTable::optixAccelGetRelocationInfo’ [-Wmissing-field-initializers]
/home/myl/optix7.6/NVIDIA-OptiX-SDK-7.6.0-linux64-x86_64/include/optix_stubs.h:256:36: warning: missing initializer for member ‘OptixFunctionTable::optixCheckRelocationCompatibility’ [-Wmissing-field-initializers]
/home/myl/optix7.6/NVIDIA-OptiX-SDK-7.6.0-linux64-x86_64/include/optix_stubs.h:256:36: warning: missing initializer for member ‘OptixFunctionTable::optixAccelRelocate’ [-Wmissing-field-initializers]
/home/myl/optix7.6/NVIDIA-OptiX-SDK-7.6.0-linux64-x86_64/include/optix_stubs.h:256:36: warning: missing initializer for member ‘OptixFunctionTable::optixAccelCompact’ [-Wmissing-field-initializers]
/home/myl/optix7.6/NVIDIA-OptiX-SDK-7.6.0-linux64-x86_64/include/optix_stubs.h:256:36: warning: missing initializer for member ‘OptixFunctionTable::optixConvertPointerToTraversableHandle’ [-Wmissing-field-initializers]
/home/myl/optix7.6/NVIDIA-OptiX-SDK-7.6.0-linux64-x86_64/include/optix_stubs.h:256:36: warning: missing initializer for member ‘OptixFunctionTable::optixOpacityMicromapArrayComputeMemoryUsage’ [-Wmissing-field-initializers]
/home/myl/optix7.6/NVIDIA-OptiX-SDK-7.6.0-linux64-x86_64/include/optix_stubs.h:256:36: warning: missing initializer for member ‘OptixFunctionTable::optixOpacityMicromapArrayBuild’ [-Wmissing-field-initializers]
/home/myl/optix7.6/NVIDIA-OptiX-SDK-7.6.0-linux64-x86_64/include/optix_stubs.h:256:36: warning: missing initializer for member ‘OptixFunctionTable::optixOpacityMicromapArrayGetRelocationInfo’ [-Wmissing-field-initializers]
/home/myl/optix7.6/NVIDIA-OptiX-SDK-7.6.0-linux64-x86_64/include/optix_stubs.h:256:36: warning: missing initializer for member ‘OptixFunctionTable::optixOpacityMicromapArrayRelocate’ [-Wmissing-field-initializers]
/home/myl/optix7.6/NVIDIA-OptiX-SDK-7.6.0-linux64-x86_64/include/optix_stubs.h:256:36: warning: missing initializer for member ‘OptixFunctionTable::reserved1’ [-Wmissing-field-initializers]
/home/myl/optix7.6/NVIDIA-OptiX-SDK-7.6.0-linux64-x86_64/include/optix_stubs.h:256:36: warning: missing initializer for member ‘OptixFunctionTable::reserved2’ [-Wmissing-field-initializers]
/home/myl/optix7.6/NVIDIA-OptiX-SDK-7.6.0-linux64-x86_64/include/optix_stubs.h:256:36: warning: missing initializer for member ‘OptixFunctionTable::optixSbtRecordPackHeader’ [-Wmissing-field-initializers]
/home/myl/optix7.6/NVIDIA-OptiX-SDK-7.6.0-linux64-x86_64/include/optix_stubs.h:256:36: warning: missing initializer for member ‘OptixFunctionTable::optixLaunch’ [-Wmissing-field-initializers]
/home/myl/optix7.6/NVIDIA-OptiX-SDK-7.6.0-linux64-x86_64/include/optix_stubs.h:256:36: warning: missing initializer for member ‘OptixFunctionTable::optixDenoiserCreate’ [-Wmissing-field-initializers]
/home/myl/optix7.6/NVIDIA-OptiX-SDK-7.6.0-linux64-x86_64/include/optix_stubs.h:256:36: warning: missing initializer for member ‘OptixFunctionTable::optixDenoiserDestroy’ [-Wmissing-field-initializers]
/home/myl/optix7.6/NVIDIA-OptiX-SDK-7.6.0-linux64-x86_64/include/optix_stubs.h:256:36: warning: missing initializer for member ‘OptixFunctionTable::optixDenoiserComputeMemoryResources’ [-Wmissing-field-initializers]
/home/myl/optix7.6/NVIDIA-OptiX-SDK-7.6.0-linux64-x86_64/include/optix_stubs.h:256:36: warning: missing initializer for member ‘OptixFunctionTable::optixDenoiserSetup’ [-Wmissing-field-initializers]
/home/myl/optix7.6/NVIDIA-OptiX-SDK-7.6.0-linux64-x86_64/include/optix_stubs.h:256:36: warning: missing initializer for member ‘OptixFunctionTable::optixDenoiserInvoke’ [-Wmissing-field-initializers]
/home/myl/optix7.6/NVIDIA-OptiX-SDK-7.6.0-linux64-x86_64/include/optix_stubs.h:256:36: warning: missing initializer for member ‘OptixFunctionTable::optixDenoiserComputeIntensity’ [-Wmissing-field-initializers]
/home/myl/optix7.6/NVIDIA-OptiX-SDK-7.6.0-linux64-x86_64/include/optix_stubs.h:256:36: warning: missing initializer for member ‘OptixFunctionTable::optixDenoiserComputeAverageColor’ [-Wmissing-field-initializers]
/home/myl/optix7.6/NVIDIA-OptiX-SDK-7.6.0-linux64-x86_64/include/optix_stubs.h:256:36: warning: missing initializer for member ‘OptixFunctionTable::optixDenoiserCreateWithUserModel’ [-Wmissing-field-initializers]
/home/myl/cache_search/cache/page_cache.cu:29: warning: "CUDA_CHECK" redefined
   29 | #define CUDA_CHECK(expr) cuda_check((expr), #expr, __FILE__, __LINE__)
      | 
In file included from /home/myl/cache_search/cache/../head.h:21,
                 from /home/myl/cache_search/cache/page_cache.h:7,
                 from /home/myl/cache_search/cache/page_cache.cu:1:
/home/myl/cache_search/cache/../helper.h:14: note: this is the location of the previous definition
   14 | #define CUDA_CHECK(call)                                                   \
      | 
In file included from /home/myl/cache_search/head.h:3,
                 from /home/myl/cache_search/entry.h:8,
                 from /home/myl/cache_search/graph.h:2,
                 from /home/myl/cache_search/main.cpp:3:
/home/myl/optix7.6/NVIDIA-OptiX-SDK-7.6.0-linux64-x86_64/include/optix_stubs.h: In function ‘OptixResult optixUninitWithHandle(void*)’:
/home/myl/optix7.6/NVIDIA-OptiX-SDK-7.6.0-linux64-x86_64/include/optix_stubs.h:256:36: warning: missing initializer for member ‘OptixFunctionTable::optixGetErrorString’ [-Wmissing-field-initializers]
  256 |     OptixFunctionTable empty = { 0 };
      |                                    ^
/home/myl/optix7.6/NVIDIA-OptiX-SDK-7.6.0-linux64-x86_64/include/optix_stubs.h:256:36: warning: missing initializer for member ‘OptixFunctionTable::optixDeviceContextCreate’ [-Wmissing-field-initializers]
/home/myl/optix7.6/NVIDIA-OptiX-SDK-7.6.0-linux64-x86_64/include/optix_stubs.h:256:36: warning: missing initializer for member ‘OptixFunctionTable::optixDeviceContextDestroy’ [-Wmissing-field-initializers]
/home/myl/optix7.6/NVIDIA-OptiX-SDK-7.6.0-linux64-x86_64/include/optix_stubs.h:256:36: warning: missing initializer for member ‘OptixFunctionTable::optixDeviceContextGetProperty’ [-Wmissing-field-initializers]
/home/myl/optix7.6/NVIDIA-OptiX-SDK-7.6.0-linux64-x86_64/include/optix_stubs.h:256:36: warning: missing initializer for member ‘OptixFunctionTable::optixDeviceContextSetLogCallback’ [-Wmissing-field-initializers]
/home/myl/optix7.6/NVIDIA-OptiX-SDK-7.6.0-linux64-x86_64/include/optix_stubs.h:256:36: warning: missing initializer for member ‘OptixFunctionTable::optixDeviceContextSetCacheEnabled’ [-Wmissing-field-initializers]
/home/myl/optix7.6/NVIDIA-OptiX-SDK-7.6.0-linux64-x86_64/include/optix_stubs.h:256:36: warning: missing initializer for member ‘OptixFunctionTable::optixDeviceContextSetCacheLocation’ [-Wmissing-field-initializers]
/home/myl/optix7.6/NVIDIA-OptiX-SDK-7.6.0-linux64-x86_64/include/optix_stubs.h:256:36: warning: missing initializer for member ‘OptixFunctionTable::optixDeviceContextSetCacheDatabaseSizes’ [-Wmissing-field-initializers]
/home/myl/optix7.6/NVIDIA-OptiX-SDK-7.6.0-linux64-x86_64/include/optix_stubs.h:256:36: warning: missing initializer for member ‘OptixFunctionTable::optixDeviceContextGetCacheEnabled’ [-Wmissing-field-initializers]
/home/myl/optix7.6/NVIDIA-OptiX-SDK-7.6.0-linux64-x86_64/include/optix_stubs.h:256:36: warning: missing initializer for member ‘OptixFunctionTable::optixDeviceContextGetCacheLocation’ [-Wmissing-field-initializers]
/home/myl/optix7.6/NVIDIA-OptiX-SDK-7.6.0-linux64-x86_64/include/optix_stubs.h:256:36: warning: missing initializer for member ‘OptixFunctionTable::optixDeviceContextGetCacheDatabaseSizes’ [-Wmissing-field-initializers]
/home/myl/optix7.6/NVIDIA-OptiX-SDK-7.6.0-linux64-x86_64/include/optix_stubs.h:256:36: warning: missing initializer for member ‘OptixFunctionTable::optixModuleCreateFromPTX’ [-Wmissing-field-initializers]
/home/myl/optix7.6/NVIDIA-OptiX-SDK-7.6.0-linux64-x86_64/include/optix_stubs.h:256:36: warning: missing initializer for member ‘OptixFunctionTable::optixModuleCreateFromPTXWithTasks’ [-Wmissing-field-initializers]
/home/myl/optix7.6/NVIDIA-OptiX-SDK-7.6.0-linux64-x86_64/include/optix_stubs.h:256:36: warning: missing initializer for member ‘OptixFunctionTable::optixModuleGetCompilationState’ [-Wmissing-field-initializers]
/home/myl/optix7.6/NVIDIA-OptiX-SDK-7.6.0-linux64-x86_64/include/optix_stubs.h:256:36: warning: missing initializer for member ‘OptixFunctionTable::optixModuleDestroy’ [-Wmissing-field-initializers]
/home/myl/optix7.6/NVIDIA-OptiX-SDK-7.6.0-linux64-x86_64/include/optix_stubs.h:256:36: warning: missing initializer for member ‘OptixFunctionTable::optixBuiltinISModuleGet’ [-Wmissing-field-initializers]
/home/myl/optix7.6/NVIDIA-OptiX-SDK-7.6.0-linux64-x86_64/include/optix_stubs.h:256:36: warning: missing initializer for member ‘OptixFunctionTable::optixTaskExecute’ [-Wmissing-field-initializers]
/home/myl/optix7.6/NVIDIA-OptiX-SDK-7.6.0-linux64-x86_64/include/optix_stubs.h:256:36: warning: missing initializer for member ‘OptixFunctionTable::optixProgramGroupCreate’ [-Wmissing-field-initializers]
/home/myl/optix7.6/NVIDIA-OptiX-SDK-7.6.0-linux64-x86_64/include/optix_stubs.h:256:36: warning: missing initializer for member ‘OptixFunctionTable::optixProgramGroupDestroy’ [-Wmissing-field-initializers]
/home/myl/optix7.6/NVIDIA-OptiX-SDK-7.6.0-linux64-x86_64/include/optix_stubs.h:256:36: warning: missing initializer for member ‘OptixFunctionTable::optixProgramGroupGetStackSize’ [-Wmissing-field-initializers]
/home/myl/optix7.6/NVIDIA-OptiX-SDK-7.6.0-linux64-x86_64/include/optix_stubs.h:256:36: warning: missing initializer for member ‘OptixFunctionTable::optixPipelineCreate’ [-Wmissing-field-initializers]
/home/myl/optix7.6/NVIDIA-OptiX-SDK-7.6.0-linux64-x86_64/include/optix_stubs.h:256:36: warning: missing initializer for member ‘OptixFunctionTable::optixPipelineDestroy’ [-Wmissing-field-initializers]
/home/myl/optix7.6/NVIDIA-OptiX-SDK-7.6.0-linux64-x86_64/include/optix_stubs.h:256:36: warning: missing initializer for member ‘OptixFunctionTable::optixPipelineSetStackSize’ [-Wmissing-field-initializers]
/home/myl/optix7.6/NVIDIA-OptiX-SDK-7.6.0-linux64-x86_64/include/optix_stubs.h:256:36: warning: missing initializer for member ‘OptixFunctionTable::optixAccelComputeMemoryUsage’ [-Wmissing-field-initializers]
/home/myl/optix7.6/NVIDIA-OptiX-SDK-7.6.0-linux64-x86_64/include/optix_stubs.h:256:36: warning: missing initializer for member ‘OptixFunctionTable::optixAccelBuild’ [-Wmissing-field-initializers]
/home/myl/optix7.6/NVIDIA-OptiX-SDK-7.6.0-linux64-x86_64/include/optix_stubs.h:256:36: warning: missing initializer for member ‘OptixFunctionTable::optixAccelGetRelocationInfo’ [-Wmissing-field-initializers]
/home/myl/optix7.6/NVIDIA-OptiX-SDK-7.6.0-linux64-x86_64/include/optix_stubs.h:256:36: warning: missing initializer for member ‘OptixFunctionTable::optixCheckRelocationCompatibility’ [-Wmissing-field-initializers]
/home/myl/optix7.6/NVIDIA-OptiX-SDK-7.6.0-linux64-x86_64/include/optix_stubs.h:256:36: warning: missing initializer for member ‘OptixFunctionTable::optixAccelRelocate’ [-Wmissing-field-initializers]
/home/myl/optix7.6/NVIDIA-OptiX-SDK-7.6.0-linux64-x86_64/include/optix_stubs.h:256:36: warning: missing initializer for member ‘OptixFunctionTable::optixAccelCompact’ [-Wmissing-field-initializers]
/home/myl/optix7.6/NVIDIA-OptiX-SDK-7.6.0-linux64-x86_64/include/optix_stubs.h:256:36: warning: missing initializer for member ‘OptixFunctionTable::optixConvertPointerToTraversableHandle’ [-Wmissing-field-initializers]
/home/myl/optix7.6/NVIDIA-OptiX-SDK-7.6.0-linux64-x86_64/include/optix_stubs.h:256:36: warning: missing initializer for member ‘OptixFunctionTable::optixOpacityMicromapArrayComputeMemoryUsage’ [-Wmissing-field-initializers]
/home/myl/optix7.6/NVIDIA-OptiX-SDK-7.6.0-linux64-x86_64/include/optix_stubs.h:256:36: warning: missing initializer for member ‘OptixFunctionTable::optixOpacityMicromapArrayBuild’ [-Wmissing-field-initializers]
/home/myl/optix7.6/NVIDIA-OptiX-SDK-7.6.0-linux64-x86_64/include/optix_stubs.h:256:36: warning: missing initializer for member ‘OptixFunctionTable::optixOpacityMicromapArrayGetRelocationInfo’ [-Wmissing-field-initializers]
/home/myl/optix7.6/NVIDIA-OptiX-SDK-7.6.0-linux64-x86_64/include/optix_stubs.h:256:36: warning: missing initializer for member ‘OptixFunctionTable::optixOpacityMicromapArrayRelocate’ [-Wmissing-field-initializers]
/home/myl/optix7.6/NVIDIA-OptiX-SDK-7.6.0-linux64-x86_64/include/optix_stubs.h:256:36: warning: missing initializer for member ‘OptixFunctionTable::reserved1’ [-Wmissing-field-initializers]
/home/myl/optix7.6/NVIDIA-OptiX-SDK-7.6.0-linux64-x86_64/include/optix_stubs.h:256:36: warning: missing initializer for member ‘OptixFunctionTable::reserved2’ [-Wmissing-field-initializers]
/home/myl/optix7.6/NVIDIA-OptiX-SDK-7.6.0-linux64-x86_64/include/optix_stubs.h:256:36: warning: missing initializer for member ‘OptixFunctionTable::optixSbtRecordPackHeader’ [-Wmissing-field-initializers]
/home/myl/optix7.6/NVIDIA-OptiX-SDK-7.6.0-linux64-x86_64/include/optix_stubs.h:256:36: warning: missing initializer for member ‘OptixFunctionTable::optixLaunch’ [-Wmissing-field-initializers]
/home/myl/optix7.6/NVIDIA-OptiX-SDK-7.6.0-linux64-x86_64/include/optix_stubs.h:256:36: warning: missing initializer for member ‘OptixFunctionTable::optixDenoiserCreate’ [-Wmissing-field-initializers]
/home/myl/optix7.6/NVIDIA-OptiX-SDK-7.6.0-linux64-x86_64/include/optix_stubs.h:256:36: warning: missing initializer for member ‘OptixFunctionTable::optixDenoiserDestroy’ [-Wmissing-field-initializers]
/home/myl/optix7.6/NVIDIA-OptiX-SDK-7.6.0-linux64-x86_64/include/optix_stubs.h:256:36: warning: missing initializer for member ‘OptixFunctionTable::optixDenoiserComputeMemoryResources’ [-Wmissing-field-initializers]
/home/myl/optix7.6/NVIDIA-OptiX-SDK-7.6.0-linux64-x86_64/include/optix_stubs.h:256:36: warning: missing initializer for member ‘OptixFunctionTable::optixDenoiserSetup’ [-Wmissing-field-initializers]
/home/myl/optix7.6/NVIDIA-OptiX-SDK-7.6.0-linux64-x86_64/include/optix_stubs.h:256:36: warning: missing initializer for member ‘OptixFunctionTable::optixDenoiserInvoke’ [-Wmissing-field-initializers]
/home/myl/optix7.6/NVIDIA-OptiX-SDK-7.6.0-linux64-x86_64/include/optix_stubs.h:256:36: warning: missing initializer for member ‘OptixFunctionTable::optixDenoiserComputeIntensity’ [-Wmissing-field-initializers]
/home/myl/optix7.6/NVIDIA-OptiX-SDK-7.6.0-linux64-x86_64/include/optix_stubs.h:256:36: warning: missing initializer for member ‘OptixFunctionTable::optixDenoiserComputeAverageColor’ [-Wmissing-field-initializers]
/home/myl/optix7.6/NVIDIA-OptiX-SDK-7.6.0-linux64-x86_64/include/optix_stubs.h:256:36: warning: missing initializer for member ‘OptixFunctionTable::optixDenoiserCreateWithUserModel’ [-Wmissing-field-initializers]
/home/myl/cache_search/cache/page_cache.cu:29: warning: "CUDA_CHECK" redefined
   29 | #define CUDA_CHECK(expr) cuda_check((expr), #expr, __FILE__, __LINE__)
      | 
In file included from /home/myl/cache_search/cache/../head.h:21,
                 from /home/myl/cache_search/cache/page_cache.h:7,
                 from /home/myl/cache_search/cache/page_cache.cu:1:
/home/myl/cache_search/cache/../helper.h:14: note: this is the location of the previous definition
   14 | #define CUDA_CHECK(call)                                                   \
      | 
/home/myl/cache_search/cache/page_cache.cu:29: warning: "CUDA_CHECK" redefined
   29 | #define CUDA_CHECK(expr) cuda_check((expr), #expr, __FILE__, __LINE__)
      | 
In file included from /home/myl/cache_search/cache/../head.h:21,
                 from /home/myl/cache_search/cache/page_cache.h:7,
                 from /home/myl/cache_search/cache/page_cache.cu:1:
/home/myl/cache_search/cache/../helper.h:14: note: this is the location of the previous definition
   14 | #define CUDA_CHECK(call)                                                   \
      | 
In file included from /home/myl/cache_search/graph.h:3,
                 from /home/myl/cache_search/main.cpp:3:
/home/myl/cache_search/pca/pca.h: In constructor ‘PCA::PCA(float*, uint, uint)’:
/home/myl/cache_search/pca/pca.h:17:23: warning: comparison of integer expressions of different signedness: ‘int’ and ‘uint’ {aka ‘unsigned int’} [-Wsign-compare]
   17 |     for (int i = 0; i < nb; i++) {
      |                     ~~^~~~
/home/myl/cache_search/pca/pca.h:18:25: warning: comparison of integer expressions of different signedness: ‘int’ and ‘uint’ {aka ‘unsigned int’} [-Wsign-compare]
   18 |       for (int j = 0; j < dim; j++) {
      |                       ~~^~~~~
/home/myl/cache_search/main.cpp: In function ‘int main(int, char**)’:
/home/myl/cache_search/main.cpp:91:9: warning: unused variable ‘datafile’ [-Wunused-variable]
   91 |   char* datafile = (char*)FLAGS_data_path.c_str();
      |         ^~~~~~~~
/home/myl/cache_search/main.cpp:92:9: warning: unused variable ‘queryfile’ [-Wunused-variable]
   92 |   char* queryfile = (char*)FLAGS_query_path.c_str();
      |         ^~~~~~~~~
/home/myl/cache_search/main.cpp:93:9: warning: unused variable ‘gtfile’ [-Wunused-variable]
   93 |   char* gtfile = (char*)FLAGS_gt_path.c_str();
      |         ^~~~~~
/home/myl/cache_search/file_read.cu(138): warning #1650-D: result of call is not used
    fscanf(file, "%d %d", &n, &d);
    ^

Remark: The warnings can be suppressed with "-diag-suppress <warning-number>"

/home/myl/cache_search/file_read.cu(142): warning #1650-D: result of call is not used
        fscanf(file, "%f,", &data[i * d + j]);
        ^

/home/myl/cache_search/file_read.cu(144): warning #1650-D: result of call is not used
      fscanf(file, "%f", &data[i * d + d - 1]);
      ^

/home/myl/cache_search/file_read.cu(206): warning #1650-D: result of call is not used
    fread(&d, sizeof(d), 1, file);
    ^

/home/myl/cache_search/file_read.cu(208): warning #1650-D: result of call is not used
    fread(data_ptr, sizeof(float), n*d, file);
    ^

/home/myl/cache_search/file_read.cu(138): warning #1650-D: result of call is not used
    fscanf(file, "%d %d", &n, &d);
    ^

Remark: The warnings can be suppressed with "-diag-suppress <warning-number>"

/home/myl/cache_search/file_read.cu(142): warning #1650-D: result of call is not used
        fscanf(file, "%f,", &data[i * d + j]);
        ^

/home/myl/cache_search/file_read.cu(144): warning #1650-D: result of call is not used
      fscanf(file, "%f", &data[i * d + d - 1]);
      ^

/home/myl/cache_search/file_read.cu(206): warning #1650-D: result of call is not used
    fread(&d, sizeof(d), 1, file);
    ^

/home/myl/cache_search/file_read.cu(208): warning #1650-D: result of call is not used
    fread(data_ptr, sizeof(float), n*d, file);
    ^

/home/myl/cache_search/graph_helper.cu(222): warning #177-D: variable "max_threads" was declared but never referenced
    int max_threads = 64;
        ^

Remark: The warnings can be suppressed with "-diag-suppress <warning-number>"

/home/myl/cache_search/graph_search.cuh(167): warning #177-D: variable "random_entry_seed" was declared but never referenced
    uint random_entry_seed = b_id*blockSize + t_id;
         ^

Remark: The warnings can be suppressed with "-diag-suppress <warning-number>"

/home/myl/cache_search/file_read.cu(138): warning #1650-D: result of call is not used
    fscanf(file, "%d %d", &n, &d);
    ^

Remark: The warnings can be suppressed with "-diag-suppress <warning-number>"

/home/myl/cache_search/file_read.cu(142): warning #1650-D: result of call is not used
        fscanf(file, "%f,", &data[i * d + j]);
        ^

/home/myl/cache_search/file_read.cu(144): warning #1650-D: result of call is not used
      fscanf(file, "%f", &data[i * d + d - 1]);
      ^

/home/myl/cache_search/file_read.cu(206): warning #1650-D: result of call is not used
    fread(&d, sizeof(d), 1, file);
    ^

/home/myl/cache_search/file_read.cu(208): warning #1650-D: result of call is not used
    fread(data_ptr, sizeof(float), n*d, file);
    ^

/home/myl/cache_search/graph_helper.cu(222): warning #177-D: variable "max_threads" was declared but never referenced
    int max_threads = 64;
        ^

Remark: The warnings can be suppressed with "-diag-suppress <warning-number>"

/home/myl/cache_search/file_read.cu: In static member function ‘static void file_read::read_txt_file(const char*, int&, int&, thrust::host_vector<float>&)’:
/home/myl/cache_search/file_read.cu:138:7: warning: ignoring return value of ‘int fscanf(FILE*, const char*, ...)’ declared with attribute ‘warn_unused_result’ [-Wunused-result]
  138 |   fscanf(file, "%d %d", &n, &d);
      |   ~~~~^~~~~~~~~~~~~~~~~~~~~~~
/home/myl/cache_search/file_read.cu:142:7: warning: ignoring return value of ‘int fscanf(FILE*, const char*, ...)’ declared with attribute ‘warn_unused_result’ [-Wunused-result]
  142 |       fscanf(file, "%f,", &data[i * d + j]);
      |       ^~~~~~~~~~~~~~~~~~~~~~~~~~~~~~~~~
/home/myl/cache_search/file_read.cu:144:7: warning: ignoring return value of ‘int fscanf(FILE*, const char*, ...)’ declared with attribute ‘warn_unused_result’ [-Wunused-result]
  144 |     fscanf(file, "%f", &data[i * d + d - 1]);
      |     ~~^~~~~~~~~~~~~~~~~~~~~~~~~~~~~~~~~~~~~~
/home/myl/cache_search/file_read.cu: In static member function ‘static void file_read::read_hvecs_file(const char*, int&, int&, thrust::host_vector<float>&)’:
/home/myl/cache_search/file_read.cu:206:6: warning: ignoring return value of ‘size_t fread(void*, size_t, size_t, FILE*)’ declared with attribute ‘warn_unused_result’ [-Wunused-result]
  206 |   fread(&d, sizeof(d), 1, file);
      |   ~~~^~~~~~~~~~~~~~~~~~~~~~~
/home/myl/cache_search/file_read.cu:208:6: warning: ignoring return value of ‘size_t fread(void*, size_t, size_t, FILE*)’ declared with attribute ‘warn_unused_result’ [-Wunused-result]
  208 |   fread(data_ptr, sizeof(float), n*d, file);
      |   ~~~^~~~~~~~~~~~~~~~~~~~~~~~~~~~~~~~~~~~~~
/home/myl/cache_search/graph_search.cuh(167): warning #177-D: variable "random_entry_seed" was declared but never referenced
    uint random_entry_seed = b_id*blockSize + t_id;
         ^

Remark: The warnings can be suppressed with "-diag-suppress <warning-number>"

[ 73%] Linking CXX executable /home/myl/cache_search/bin/test
[100%] Built target test
正在运行 ./test --ALGO=1 --topk=0 --n_candidates=1024 --expand_ratio=0.2 --point_ratio=0.00001024 --search_width=4 --t=50 --n_cluster=1000  --max_iter=1000 ...
Total GPUs visible: 6, using [3]: NVIDIA L40
Available Memory: 44940 MB, Total Memory: 45372 MB
Shared memory per block: 49152 bytes
Shared memory per SM   : 102400 bytes
Shared memory per block (optin): 101376 bytes
Input
n = 10000, d = 128
np = 100000000, dim = 128
Cluster number: 10000
Centroids read successfully
Input: copy points to device
Input: finish copy points to device
degree = 64
RB_Graph: finish read or build graph
Projection: reading pca base file /mnt/IntelP5520_8T_1/myl/cache_search/data/sift100M/rotated_base.fbin
read PCA file
sizeof_points = 12800000000
Projection: finish reading pca base file
BlockUp function
reading AABB from file /mnt/IntelP5520_8T_1/myl/cache_search/data/sift100M/1024_0.aabbs
Create context
Create module
Create program groups
Create pipeline
Create SBT
BVH Building Time = 0.460736 ms
batch_size = 5
time build_query_batches: 0.049025 ms
time pca projection: 0.150342 ms
time rt_entry search: 0.051161 ms
time graph search: 40808.5 ms
compute_dim = 25540114665
compute_dis = 543406695
average dimensions per distance computation = 47
time total search time: 40808.7 ms
checking results...
gt_k = 1000
recall1@1024 = 0.999800
recall10@1024 = 0.999070
recall100@1024 = 0.993560
recall1000@1024 = 0.682900
Free memory: 1964 MB
Total memory: 45372 MB
Used memory: 43408 MB
Clean up RT ...
Finish cleaning up RT
完成 DIM = 47 的测试

==================================================
正在处理: DIM = 46
==================================================
[ 13%] Built target compute_pca
[ 17%] Building NVCC ptx file cuda_compile_ptx_1_generated_devicePrograms.cu.ptx
[ 21%] compiling (and embedding ptx from) devicePrograms.cu
[ 30%] Building CXX object CMakeFiles/test.dir/main.cpp.o
[ 30%] Building C object CMakeFiles/test.dir/cuda_compile_ptx_1_generated_devicePrograms.cu.ptx_embedded.c.o
[ 34%] Building CUDA object CMakeFiles/test.dir/aabb.cu.o
[ 39%] Building CUDA object CMakeFiles/test.dir/entry.cu.o
[ 43%] Building CUDA object CMakeFiles/test.dir/entry_helper.cu.o
[ 47%] Building CUDA object CMakeFiles/test.dir/matrix.cu.o
[ 52%] Building CUDA object CMakeFiles/test.dir/file_read.cu.o
nvcc warning : incompatible redefinition for option 'std', the last value of this option was used
[ 56%] Building CXX object CMakeFiles/test.dir/raytracing.cpp.o
nvcc warning : incompatible redefinition for option 'std', the last value of this option was used
[ 60%] Building CUDA object CMakeFiles/test.dir/graph.cu.o
nvcc warning : incompatible redefinition for option 'std', the last value of this option was used
nvcc warning : incompatible redefinition for option 'std', the last value of this option was used
[ 65%] Building CUDA object CMakeFiles/test.dir/graph_helper.cu.o
nvcc warning : incompatible redefinition for option 'std', the last value of this option was used
[ 69%] Building CUDA object CMakeFiles/test.dir/cache/page_cache.cu.o
nvcc warning : incompatible redefinition for option 'std', the last value of this option was used
nvcc warning : incompatible redefinition for option 'std', the last value of this option was used
nvcc warning : incompatible redefinition for option 'std', the last value of this option was used
In file included from /home/myl/cache_search/head.h:3,
                 from /home/myl/cache_search/raytracing.h:3,
                 from /home/myl/cache_search/raytracing.cpp:2:
/home/myl/optix7.6/NVIDIA-OptiX-SDK-7.6.0-linux64-x86_64/include/optix_stubs.h: In function ‘OptixResult optixUninitWithHandle(void*)’:
/home/myl/optix7.6/NVIDIA-OptiX-SDK-7.6.0-linux64-x86_64/include/optix_stubs.h:256:36: warning: missing initializer for member ‘OptixFunctionTable::optixGetErrorString’ [-Wmissing-field-initializers]
  256 |     OptixFunctionTable empty = { 0 };
      |                                    ^
/home/myl/optix7.6/NVIDIA-OptiX-SDK-7.6.0-linux64-x86_64/include/optix_stubs.h:256:36: warning: missing initializer for member ‘OptixFunctionTable::optixDeviceContextCreate’ [-Wmissing-field-initializers]
/home/myl/optix7.6/NVIDIA-OptiX-SDK-7.6.0-linux64-x86_64/include/optix_stubs.h:256:36: warning: missing initializer for member ‘OptixFunctionTable::optixDeviceContextDestroy’ [-Wmissing-field-initializers]
/home/myl/optix7.6/NVIDIA-OptiX-SDK-7.6.0-linux64-x86_64/include/optix_stubs.h:256:36: warning: missing initializer for member ‘OptixFunctionTable::optixDeviceContextGetProperty’ [-Wmissing-field-initializers]
/home/myl/optix7.6/NVIDIA-OptiX-SDK-7.6.0-linux64-x86_64/include/optix_stubs.h:256:36: warning: missing initializer for member ‘OptixFunctionTable::optixDeviceContextSetLogCallback’ [-Wmissing-field-initializers]
/home/myl/optix7.6/NVIDIA-OptiX-SDK-7.6.0-linux64-x86_64/include/optix_stubs.h:256:36: warning: missing initializer for member ‘OptixFunctionTable::optixDeviceContextSetCacheEnabled’ [-Wmissing-field-initializers]
/home/myl/optix7.6/NVIDIA-OptiX-SDK-7.6.0-linux64-x86_64/include/optix_stubs.h:256:36: warning: missing initializer for member ‘OptixFunctionTable::optixDeviceContextSetCacheLocation’ [-Wmissing-field-initializers]
/home/myl/optix7.6/NVIDIA-OptiX-SDK-7.6.0-linux64-x86_64/include/optix_stubs.h:256:36: warning: missing initializer for member ‘OptixFunctionTable::optixDeviceContextSetCacheDatabaseSizes’ [-Wmissing-field-initializers]
/home/myl/optix7.6/NVIDIA-OptiX-SDK-7.6.0-linux64-x86_64/include/optix_stubs.h:256:36: warning: missing initializer for member ‘OptixFunctionTable::optixDeviceContextGetCacheEnabled’ [-Wmissing-field-initializers]
/home/myl/optix7.6/NVIDIA-OptiX-SDK-7.6.0-linux64-x86_64/include/optix_stubs.h:256:36: warning: missing initializer for member ‘OptixFunctionTable::optixDeviceContextGetCacheLocation’ [-Wmissing-field-initializers]
/home/myl/optix7.6/NVIDIA-OptiX-SDK-7.6.0-linux64-x86_64/include/optix_stubs.h:256:36: warning: missing initializer for member ‘OptixFunctionTable::optixDeviceContextGetCacheDatabaseSizes’ [-Wmissing-field-initializers]
/home/myl/optix7.6/NVIDIA-OptiX-SDK-7.6.0-linux64-x86_64/include/optix_stubs.h:256:36: warning: missing initializer for member ‘OptixFunctionTable::optixModuleCreateFromPTX’ [-Wmissing-field-initializers]
/home/myl/optix7.6/NVIDIA-OptiX-SDK-7.6.0-linux64-x86_64/include/optix_stubs.h:256:36: warning: missing initializer for member ‘OptixFunctionTable::optixModuleCreateFromPTXWithTasks’ [-Wmissing-field-initializers]
/home/myl/optix7.6/NVIDIA-OptiX-SDK-7.6.0-linux64-x86_64/include/optix_stubs.h:256:36: warning: missing initializer for member ‘OptixFunctionTable::optixModuleGetCompilationState’ [-Wmissing-field-initializers]
/home/myl/optix7.6/NVIDIA-OptiX-SDK-7.6.0-linux64-x86_64/include/optix_stubs.h:256:36: warning: missing initializer for member ‘OptixFunctionTable::optixModuleDestroy’ [-Wmissing-field-initializers]
/home/myl/optix7.6/NVIDIA-OptiX-SDK-7.6.0-linux64-x86_64/include/optix_stubs.h:256:36: warning: missing initializer for member ‘OptixFunctionTable::optixBuiltinISModuleGet’ [-Wmissing-field-initializers]
/home/myl/optix7.6/NVIDIA-OptiX-SDK-7.6.0-linux64-x86_64/include/optix_stubs.h:256:36: warning: missing initializer for member ‘OptixFunctionTable::optixTaskExecute’ [-Wmissing-field-initializers]
/home/myl/optix7.6/NVIDIA-OptiX-SDK-7.6.0-linux64-x86_64/include/optix_stubs.h:256:36: warning: missing initializer for member ‘OptixFunctionTable::optixProgramGroupCreate’ [-Wmissing-field-initializers]
/home/myl/optix7.6/NVIDIA-OptiX-SDK-7.6.0-linux64-x86_64/include/optix_stubs.h:256:36: warning: missing initializer for member ‘OptixFunctionTable::optixProgramGroupDestroy’ [-Wmissing-field-initializers]
/home/myl/optix7.6/NVIDIA-OptiX-SDK-7.6.0-linux64-x86_64/include/optix_stubs.h:256:36: warning: missing initializer for member ‘OptixFunctionTable::optixProgramGroupGetStackSize’ [-Wmissing-field-initializers]
/home/myl/optix7.6/NVIDIA-OptiX-SDK-7.6.0-linux64-x86_64/include/optix_stubs.h:256:36: warning: missing initializer for member ‘OptixFunctionTable::optixPipelineCreate’ [-Wmissing-field-initializers]
/home/myl/optix7.6/NVIDIA-OptiX-SDK-7.6.0-linux64-x86_64/include/optix_stubs.h:256:36: warning: missing initializer for member ‘OptixFunctionTable::optixPipelineDestroy’ [-Wmissing-field-initializers]
/home/myl/optix7.6/NVIDIA-OptiX-SDK-7.6.0-linux64-x86_64/include/optix_stubs.h:256:36: warning: missing initializer for member ‘OptixFunctionTable::optixPipelineSetStackSize’ [-Wmissing-field-initializers]
/home/myl/optix7.6/NVIDIA-OptiX-SDK-7.6.0-linux64-x86_64/include/optix_stubs.h:256:36: warning: missing initializer for member ‘OptixFunctionTable::optixAccelComputeMemoryUsage’ [-Wmissing-field-initializers]
/home/myl/optix7.6/NVIDIA-OptiX-SDK-7.6.0-linux64-x86_64/include/optix_stubs.h:256:36: warning: missing initializer for member ‘OptixFunctionTable::optixAccelBuild’ [-Wmissing-field-initializers]
/home/myl/optix7.6/NVIDIA-OptiX-SDK-7.6.0-linux64-x86_64/include/optix_stubs.h:256:36: warning: missing initializer for member ‘OptixFunctionTable::optixAccelGetRelocationInfo’ [-Wmissing-field-initializers]
/home/myl/optix7.6/NVIDIA-OptiX-SDK-7.6.0-linux64-x86_64/include/optix_stubs.h:256:36: warning: missing initializer for member ‘OptixFunctionTable::optixCheckRelocationCompatibility’ [-Wmissing-field-initializers]
/home/myl/optix7.6/NVIDIA-OptiX-SDK-7.6.0-linux64-x86_64/include/optix_stubs.h:256:36: warning: missing initializer for member ‘OptixFunctionTable::optixAccelRelocate’ [-Wmissing-field-initializers]
/home/myl/optix7.6/NVIDIA-OptiX-SDK-7.6.0-linux64-x86_64/include/optix_stubs.h:256:36: warning: missing initializer for member ‘OptixFunctionTable::optixAccelCompact’ [-Wmissing-field-initializers]
/home/myl/optix7.6/NVIDIA-OptiX-SDK-7.6.0-linux64-x86_64/include/optix_stubs.h:256:36: warning: missing initializer for member ‘OptixFunctionTable::optixConvertPointerToTraversableHandle’ [-Wmissing-field-initializers]
/home/myl/optix7.6/NVIDIA-OptiX-SDK-7.6.0-linux64-x86_64/include/optix_stubs.h:256:36: warning: missing initializer for member ‘OptixFunctionTable::optixOpacityMicromapArrayComputeMemoryUsage’ [-Wmissing-field-initializers]
/home/myl/optix7.6/NVIDIA-OptiX-SDK-7.6.0-linux64-x86_64/include/optix_stubs.h:256:36: warning: missing initializer for member ‘OptixFunctionTable::optixOpacityMicromapArrayBuild’ [-Wmissing-field-initializers]
/home/myl/optix7.6/NVIDIA-OptiX-SDK-7.6.0-linux64-x86_64/include/optix_stubs.h:256:36: warning: missing initializer for member ‘OptixFunctionTable::optixOpacityMicromapArrayGetRelocationInfo’ [-Wmissing-field-initializers]
/home/myl/optix7.6/NVIDIA-OptiX-SDK-7.6.0-linux64-x86_64/include/optix_stubs.h:256:36: warning: missing initializer for member ‘OptixFunctionTable::optixOpacityMicromapArrayRelocate’ [-Wmissing-field-initializers]
/home/myl/optix7.6/NVIDIA-OptiX-SDK-7.6.0-linux64-x86_64/include/optix_stubs.h:256:36: warning: missing initializer for member ‘OptixFunctionTable::reserved1’ [-Wmissing-field-initializers]
/home/myl/optix7.6/NVIDIA-OptiX-SDK-7.6.0-linux64-x86_64/include/optix_stubs.h:256:36: warning: missing initializer for member ‘OptixFunctionTable::reserved2’ [-Wmissing-field-initializers]
/home/myl/optix7.6/NVIDIA-OptiX-SDK-7.6.0-linux64-x86_64/include/optix_stubs.h:256:36: warning: missing initializer for member ‘OptixFunctionTable::optixSbtRecordPackHeader’ [-Wmissing-field-initializers]
/home/myl/optix7.6/NVIDIA-OptiX-SDK-7.6.0-linux64-x86_64/include/optix_stubs.h:256:36: warning: missing initializer for member ‘OptixFunctionTable::optixLaunch’ [-Wmissing-field-initializers]
/home/myl/optix7.6/NVIDIA-OptiX-SDK-7.6.0-linux64-x86_64/include/optix_stubs.h:256:36: warning: missing initializer for member ‘OptixFunctionTable::optixDenoiserCreate’ [-Wmissing-field-initializers]
/home/myl/optix7.6/NVIDIA-OptiX-SDK-7.6.0-linux64-x86_64/include/optix_stubs.h:256:36: warning: missing initializer for member ‘OptixFunctionTable::optixDenoiserDestroy’ [-Wmissing-field-initializers]
/home/myl/optix7.6/NVIDIA-OptiX-SDK-7.6.0-linux64-x86_64/include/optix_stubs.h:256:36: warning: missing initializer for member ‘OptixFunctionTable::optixDenoiserComputeMemoryResources’ [-Wmissing-field-initializers]
/home/myl/optix7.6/NVIDIA-OptiX-SDK-7.6.0-linux64-x86_64/include/optix_stubs.h:256:36: warning: missing initializer for member ‘OptixFunctionTable::optixDenoiserSetup’ [-Wmissing-field-initializers]
/home/myl/optix7.6/NVIDIA-OptiX-SDK-7.6.0-linux64-x86_64/include/optix_stubs.h:256:36: warning: missing initializer for member ‘OptixFunctionTable::optixDenoiserInvoke’ [-Wmissing-field-initializers]
/home/myl/optix7.6/NVIDIA-OptiX-SDK-7.6.0-linux64-x86_64/include/optix_stubs.h:256:36: warning: missing initializer for member ‘OptixFunctionTable::optixDenoiserComputeIntensity’ [-Wmissing-field-initializers]
/home/myl/optix7.6/NVIDIA-OptiX-SDK-7.6.0-linux64-x86_64/include/optix_stubs.h:256:36: warning: missing initializer for member ‘OptixFunctionTable::optixDenoiserComputeAverageColor’ [-Wmissing-field-initializers]
/home/myl/optix7.6/NVIDIA-OptiX-SDK-7.6.0-linux64-x86_64/include/optix_stubs.h:256:36: warning: missing initializer for member ‘OptixFunctionTable::optixDenoiserCreateWithUserModel’ [-Wmissing-field-initializers]
/home/myl/cache_search/cache/page_cache.cu:29: warning: "CUDA_CHECK" redefined
   29 | #define CUDA_CHECK(expr) cuda_check((expr), #expr, __FILE__, __LINE__)
      | 
In file included from /home/myl/cache_search/cache/../head.h:21,
                 from /home/myl/cache_search/cache/page_cache.h:7,
                 from /home/myl/cache_search/cache/page_cache.cu:1:
/home/myl/cache_search/cache/../helper.h:14: note: this is the location of the previous definition
   14 | #define CUDA_CHECK(call)                                                   \
      | 
In file included from /home/myl/cache_search/head.h:3,
                 from /home/myl/cache_search/entry.h:8,
                 from /home/myl/cache_search/graph.h:2,
                 from /home/myl/cache_search/main.cpp:3:
/home/myl/optix7.6/NVIDIA-OptiX-SDK-7.6.0-linux64-x86_64/include/optix_stubs.h: In function ‘OptixResult optixUninitWithHandle(void*)’:
/home/myl/optix7.6/NVIDIA-OptiX-SDK-7.6.0-linux64-x86_64/include/optix_stubs.h:256:36: warning: missing initializer for member ‘OptixFunctionTable::optixGetErrorString’ [-Wmissing-field-initializers]
  256 |     OptixFunctionTable empty = { 0 };
      |                                    ^
/home/myl/optix7.6/NVIDIA-OptiX-SDK-7.6.0-linux64-x86_64/include/optix_stubs.h:256:36: warning: missing initializer for member ‘OptixFunctionTable::optixDeviceContextCreate’ [-Wmissing-field-initializers]
/home/myl/optix7.6/NVIDIA-OptiX-SDK-7.6.0-linux64-x86_64/include/optix_stubs.h:256:36: warning: missing initializer for member ‘OptixFunctionTable::optixDeviceContextDestroy’ [-Wmissing-field-initializers]
/home/myl/optix7.6/NVIDIA-OptiX-SDK-7.6.0-linux64-x86_64/include/optix_stubs.h:256:36: warning: missing initializer for member ‘OptixFunctionTable::optixDeviceContextGetProperty’ [-Wmissing-field-initializers]
/home/myl/optix7.6/NVIDIA-OptiX-SDK-7.6.0-linux64-x86_64/include/optix_stubs.h:256:36: warning: missing initializer for member ‘OptixFunctionTable::optixDeviceContextSetLogCallback’ [-Wmissing-field-initializers]
/home/myl/optix7.6/NVIDIA-OptiX-SDK-7.6.0-linux64-x86_64/include/optix_stubs.h:256:36: warning: missing initializer for member ‘OptixFunctionTable::optixDeviceContextSetCacheEnabled’ [-Wmissing-field-initializers]
/home/myl/optix7.6/NVIDIA-OptiX-SDK-7.6.0-linux64-x86_64/include/optix_stubs.h:256:36: warning: missing initializer for member ‘OptixFunctionTable::optixDeviceContextSetCacheLocation’ [-Wmissing-field-initializers]
/home/myl/optix7.6/NVIDIA-OptiX-SDK-7.6.0-linux64-x86_64/include/optix_stubs.h:256:36: warning: missing initializer for member ‘OptixFunctionTable::optixDeviceContextSetCacheDatabaseSizes’ [-Wmissing-field-initializers]
/home/myl/optix7.6/NVIDIA-OptiX-SDK-7.6.0-linux64-x86_64/include/optix_stubs.h:256:36: warning: missing initializer for member ‘OptixFunctionTable::optixDeviceContextGetCacheEnabled’ [-Wmissing-field-initializers]
/home/myl/optix7.6/NVIDIA-OptiX-SDK-7.6.0-linux64-x86_64/include/optix_stubs.h:256:36: warning: missing initializer for member ‘OptixFunctionTable::optixDeviceContextGetCacheLocation’ [-Wmissing-field-initializers]
/home/myl/optix7.6/NVIDIA-OptiX-SDK-7.6.0-linux64-x86_64/include/optix_stubs.h:256:36: warning: missing initializer for member ‘OptixFunctionTable::optixDeviceContextGetCacheDatabaseSizes’ [-Wmissing-field-initializers]
/home/myl/optix7.6/NVIDIA-OptiX-SDK-7.6.0-linux64-x86_64/include/optix_stubs.h:256:36: warning: missing initializer for member ‘OptixFunctionTable::optixModuleCreateFromPTX’ [-Wmissing-field-initializers]
/home/myl/optix7.6/NVIDIA-OptiX-SDK-7.6.0-linux64-x86_64/include/optix_stubs.h:256:36: warning: missing initializer for member ‘OptixFunctionTable::optixModuleCreateFromPTXWithTasks’ [-Wmissing-field-initializers]
/home/myl/optix7.6/NVIDIA-OptiX-SDK-7.6.0-linux64-x86_64/include/optix_stubs.h:256:36: warning: missing initializer for member ‘OptixFunctionTable::optixModuleGetCompilationState’ [-Wmissing-field-initializers]
/home/myl/optix7.6/NVIDIA-OptiX-SDK-7.6.0-linux64-x86_64/include/optix_stubs.h:256:36: warning: missing initializer for member ‘OptixFunctionTable::optixModuleDestroy’ [-Wmissing-field-initializers]
/home/myl/optix7.6/NVIDIA-OptiX-SDK-7.6.0-linux64-x86_64/include/optix_stubs.h:256:36: warning: missing initializer for member ‘OptixFunctionTable::optixBuiltinISModuleGet’ [-Wmissing-field-initializers]
/home/myl/optix7.6/NVIDIA-OptiX-SDK-7.6.0-linux64-x86_64/include/optix_stubs.h:256:36: warning: missing initializer for member ‘OptixFunctionTable::optixTaskExecute’ [-Wmissing-field-initializers]
/home/myl/optix7.6/NVIDIA-OptiX-SDK-7.6.0-linux64-x86_64/include/optix_stubs.h:256:36: warning: missing initializer for member ‘OptixFunctionTable::optixProgramGroupCreate’ [-Wmissing-field-initializers]
/home/myl/optix7.6/NVIDIA-OptiX-SDK-7.6.0-linux64-x86_64/include/optix_stubs.h:256:36: warning: missing initializer for member ‘OptixFunctionTable::optixProgramGroupDestroy’ [-Wmissing-field-initializers]
/home/myl/optix7.6/NVIDIA-OptiX-SDK-7.6.0-linux64-x86_64/include/optix_stubs.h:256:36: warning: missing initializer for member ‘OptixFunctionTable::optixProgramGroupGetStackSize’ [-Wmissing-field-initializers]
/home/myl/optix7.6/NVIDIA-OptiX-SDK-7.6.0-linux64-x86_64/include/optix_stubs.h:256:36: warning: missing initializer for member ‘OptixFunctionTable::optixPipelineCreate’ [-Wmissing-field-initializers]
/home/myl/optix7.6/NVIDIA-OptiX-SDK-7.6.0-linux64-x86_64/include/optix_stubs.h:256:36: warning: missing initializer for member ‘OptixFunctionTable::optixPipelineDestroy’ [-Wmissing-field-initializers]
/home/myl/optix7.6/NVIDIA-OptiX-SDK-7.6.0-linux64-x86_64/include/optix_stubs.h:256:36: warning: missing initializer for member ‘OptixFunctionTable::optixPipelineSetStackSize’ [-Wmissing-field-initializers]
/home/myl/optix7.6/NVIDIA-OptiX-SDK-7.6.0-linux64-x86_64/include/optix_stubs.h:256:36: warning: missing initializer for member ‘OptixFunctionTable::optixAccelComputeMemoryUsage’ [-Wmissing-field-initializers]
/home/myl/optix7.6/NVIDIA-OptiX-SDK-7.6.0-linux64-x86_64/include/optix_stubs.h:256:36: warning: missing initializer for member ‘OptixFunctionTable::optixAccelBuild’ [-Wmissing-field-initializers]
/home/myl/optix7.6/NVIDIA-OptiX-SDK-7.6.0-linux64-x86_64/include/optix_stubs.h:256:36: warning: missing initializer for member ‘OptixFunctionTable::optixAccelGetRelocationInfo’ [-Wmissing-field-initializers]
/home/myl/optix7.6/NVIDIA-OptiX-SDK-7.6.0-linux64-x86_64/include/optix_stubs.h:256:36: warning: missing initializer for member ‘OptixFunctionTable::optixCheckRelocationCompatibility’ [-Wmissing-field-initializers]
/home/myl/optix7.6/NVIDIA-OptiX-SDK-7.6.0-linux64-x86_64/include/optix_stubs.h:256:36: warning: missing initializer for member ‘OptixFunctionTable::optixAccelRelocate’ [-Wmissing-field-initializers]
/home/myl/optix7.6/NVIDIA-OptiX-SDK-7.6.0-linux64-x86_64/include/optix_stubs.h:256:36: warning: missing initializer for member ‘OptixFunctionTable::optixAccelCompact’ [-Wmissing-field-initializers]
/home/myl/optix7.6/NVIDIA-OptiX-SDK-7.6.0-linux64-x86_64/include/optix_stubs.h:256:36: warning: missing initializer for member ‘OptixFunctionTable::optixConvertPointerToTraversableHandle’ [-Wmissing-field-initializers]
/home/myl/optix7.6/NVIDIA-OptiX-SDK-7.6.0-linux64-x86_64/include/optix_stubs.h:256:36: warning: missing initializer for member ‘OptixFunctionTable::optixOpacityMicromapArrayComputeMemoryUsage’ [-Wmissing-field-initializers]
/home/myl/optix7.6/NVIDIA-OptiX-SDK-7.6.0-linux64-x86_64/include/optix_stubs.h:256:36: warning: missing initializer for member ‘OptixFunctionTable::optixOpacityMicromapArrayBuild’ [-Wmissing-field-initializers]
/home/myl/optix7.6/NVIDIA-OptiX-SDK-7.6.0-linux64-x86_64/include/optix_stubs.h:256:36: warning: missing initializer for member ‘OptixFunctionTable::optixOpacityMicromapArrayGetRelocationInfo’ [-Wmissing-field-initializers]
/home/myl/optix7.6/NVIDIA-OptiX-SDK-7.6.0-linux64-x86_64/include/optix_stubs.h:256:36: warning: missing initializer for member ‘OptixFunctionTable::optixOpacityMicromapArrayRelocate’ [-Wmissing-field-initializers]
/home/myl/optix7.6/NVIDIA-OptiX-SDK-7.6.0-linux64-x86_64/include/optix_stubs.h:256:36: warning: missing initializer for member ‘OptixFunctionTable::reserved1’ [-Wmissing-field-initializers]
/home/myl/optix7.6/NVIDIA-OptiX-SDK-7.6.0-linux64-x86_64/include/optix_stubs.h:256:36: warning: missing initializer for member ‘OptixFunctionTable::reserved2’ [-Wmissing-field-initializers]
/home/myl/optix7.6/NVIDIA-OptiX-SDK-7.6.0-linux64-x86_64/include/optix_stubs.h:256:36: warning: missing initializer for member ‘OptixFunctionTable::optixSbtRecordPackHeader’ [-Wmissing-field-initializers]
/home/myl/optix7.6/NVIDIA-OptiX-SDK-7.6.0-linux64-x86_64/include/optix_stubs.h:256:36: warning: missing initializer for member ‘OptixFunctionTable::optixLaunch’ [-Wmissing-field-initializers]
/home/myl/optix7.6/NVIDIA-OptiX-SDK-7.6.0-linux64-x86_64/include/optix_stubs.h:256:36: warning: missing initializer for member ‘OptixFunctionTable::optixDenoiserCreate’ [-Wmissing-field-initializers]
/home/myl/optix7.6/NVIDIA-OptiX-SDK-7.6.0-linux64-x86_64/include/optix_stubs.h:256:36: warning: missing initializer for member ‘OptixFunctionTable::optixDenoiserDestroy’ [-Wmissing-field-initializers]
/home/myl/optix7.6/NVIDIA-OptiX-SDK-7.6.0-linux64-x86_64/include/optix_stubs.h:256:36: warning: missing initializer for member ‘OptixFunctionTable::optixDenoiserComputeMemoryResources’ [-Wmissing-field-initializers]
/home/myl/optix7.6/NVIDIA-OptiX-SDK-7.6.0-linux64-x86_64/include/optix_stubs.h:256:36: warning: missing initializer for member ‘OptixFunctionTable::optixDenoiserSetup’ [-Wmissing-field-initializers]
/home/myl/optix7.6/NVIDIA-OptiX-SDK-7.6.0-linux64-x86_64/include/optix_stubs.h:256:36: warning: missing initializer for member ‘OptixFunctionTable::optixDenoiserInvoke’ [-Wmissing-field-initializers]
/home/myl/optix7.6/NVIDIA-OptiX-SDK-7.6.0-linux64-x86_64/include/optix_stubs.h:256:36: warning: missing initializer for member ‘OptixFunctionTable::optixDenoiserComputeIntensity’ [-Wmissing-field-initializers]
/home/myl/optix7.6/NVIDIA-OptiX-SDK-7.6.0-linux64-x86_64/include/optix_stubs.h:256:36: warning: missing initializer for member ‘OptixFunctionTable::optixDenoiserComputeAverageColor’ [-Wmissing-field-initializers]
/home/myl/optix7.6/NVIDIA-OptiX-SDK-7.6.0-linux64-x86_64/include/optix_stubs.h:256:36: warning: missing initializer for member ‘OptixFunctionTable::optixDenoiserCreateWithUserModel’ [-Wmissing-field-initializers]
/home/myl/cache_search/cache/page_cache.cu:29: warning: "CUDA_CHECK" redefined
   29 | #define CUDA_CHECK(expr) cuda_check((expr), #expr, __FILE__, __LINE__)
      | 
In file included from /home/myl/cache_search/cache/../head.h:21,
                 from /home/myl/cache_search/cache/page_cache.h:7,
                 from /home/myl/cache_search/cache/page_cache.cu:1:
/home/myl/cache_search/cache/../helper.h:14: note: this is the location of the previous definition
   14 | #define CUDA_CHECK(call)                                                   \
      | 
/home/myl/cache_search/cache/page_cache.cu:29: warning: "CUDA_CHECK" redefined
   29 | #define CUDA_CHECK(expr) cuda_check((expr), #expr, __FILE__, __LINE__)
      | 
In file included from /home/myl/cache_search/cache/../head.h:21,
                 from /home/myl/cache_search/cache/page_cache.h:7,
                 from /home/myl/cache_search/cache/page_cache.cu:1:
/home/myl/cache_search/cache/../helper.h:14: note: this is the location of the previous definition
   14 | #define CUDA_CHECK(call)                                                   \
      | 
In file included from /home/myl/cache_search/graph.h:3,
                 from /home/myl/cache_search/main.cpp:3:
/home/myl/cache_search/pca/pca.h: In constructor ‘PCA::PCA(float*, uint, uint)’:
/home/myl/cache_search/pca/pca.h:17:23: warning: comparison of integer expressions of different signedness: ‘int’ and ‘uint’ {aka ‘unsigned int’} [-Wsign-compare]
   17 |     for (int i = 0; i < nb; i++) {
      |                     ~~^~~~
/home/myl/cache_search/pca/pca.h:18:25: warning: comparison of integer expressions of different signedness: ‘int’ and ‘uint’ {aka ‘unsigned int’} [-Wsign-compare]
   18 |       for (int j = 0; j < dim; j++) {
      |                       ~~^~~~~
/home/myl/cache_search/main.cpp: In function ‘int main(int, char**)’:
/home/myl/cache_search/main.cpp:91:9: warning: unused variable ‘datafile’ [-Wunused-variable]
   91 |   char* datafile = (char*)FLAGS_data_path.c_str();
      |         ^~~~~~~~
/home/myl/cache_search/main.cpp:92:9: warning: unused variable ‘queryfile’ [-Wunused-variable]
   92 |   char* queryfile = (char*)FLAGS_query_path.c_str();
      |         ^~~~~~~~~
/home/myl/cache_search/main.cpp:93:9: warning: unused variable ‘gtfile’ [-Wunused-variable]
   93 |   char* gtfile = (char*)FLAGS_gt_path.c_str();
      |         ^~~~~~
/home/myl/cache_search/file_read.cu(138): warning #1650-D: result of call is not used
    fscanf(file, "%d %d", &n, &d);
    ^

Remark: The warnings can be suppressed with "-diag-suppress <warning-number>"

/home/myl/cache_search/file_read.cu(142): warning #1650-D: result of call is not used
        fscanf(file, "%f,", &data[i * d + j]);
        ^

/home/myl/cache_search/file_read.cu(144): warning #1650-D: result of call is not used
      fscanf(file, "%f", &data[i * d + d - 1]);
      ^

/home/myl/cache_search/file_read.cu(206): warning #1650-D: result of call is not used
    fread(&d, sizeof(d), 1, file);
    ^

/home/myl/cache_search/file_read.cu(208): warning #1650-D: result of call is not used
    fread(data_ptr, sizeof(float), n*d, file);
    ^

/home/myl/cache_search/file_read.cu(138): warning #1650-D: result of call is not used
    fscanf(file, "%d %d", &n, &d);
    ^

Remark: The warnings can be suppressed with "-diag-suppress <warning-number>"

/home/myl/cache_search/file_read.cu(142): warning #1650-D: result of call is not used
        fscanf(file, "%f,", &data[i * d + j]);
        ^

/home/myl/cache_search/file_read.cu(144): warning #1650-D: result of call is not used
      fscanf(file, "%f", &data[i * d + d - 1]);
      ^

/home/myl/cache_search/file_read.cu(206): warning #1650-D: result of call is not used
    fread(&d, sizeof(d), 1, file);
    ^

/home/myl/cache_search/file_read.cu(208): warning #1650-D: result of call is not used
    fread(data_ptr, sizeof(float), n*d, file);
    ^

/home/myl/cache_search/graph_helper.cu(222): warning #177-D: variable "max_threads" was declared but never referenced
    int max_threads = 64;
        ^

Remark: The warnings can be suppressed with "-diag-suppress <warning-number>"

/home/myl/cache_search/graph_search.cuh(167): warning #177-D: variable "random_entry_seed" was declared but never referenced
    uint random_entry_seed = b_id*blockSize + t_id;
         ^

Remark: The warnings can be suppressed with "-diag-suppress <warning-number>"

/home/myl/cache_search/file_read.cu(138): warning #1650-D: result of call is not used
    fscanf(file, "%d %d", &n, &d);
    ^

Remark: The warnings can be suppressed with "-diag-suppress <warning-number>"

/home/myl/cache_search/file_read.cu(142): warning #1650-D: result of call is not used
        fscanf(file, "%f,", &data[i * d + j]);
        ^

/home/myl/cache_search/file_read.cu(144): warning #1650-D: result of call is not used
      fscanf(file, "%f", &data[i * d + d - 1]);
      ^

/home/myl/cache_search/file_read.cu(206): warning #1650-D: result of call is not used
    fread(&d, sizeof(d), 1, file);
    ^

/home/myl/cache_search/file_read.cu(208): warning #1650-D: result of call is not used
    fread(data_ptr, sizeof(float), n*d, file);
    ^

/home/myl/cache_search/graph_helper.cu(222): warning #177-D: variable "max_threads" was declared but never referenced
    int max_threads = 64;
        ^

Remark: The warnings can be suppressed with "-diag-suppress <warning-number>"

/home/myl/cache_search/file_read.cu: In static member function ‘static void file_read::read_txt_file(const char*, int&, int&, thrust::host_vector<float>&)’:
/home/myl/cache_search/file_read.cu:138:7: warning: ignoring return value of ‘int fscanf(FILE*, const char*, ...)’ declared with attribute ‘warn_unused_result’ [-Wunused-result]
  138 |   fscanf(file, "%d %d", &n, &d);
      |   ~~~~^~~~~~~~~~~~~~~~~~~~~~~
/home/myl/cache_search/file_read.cu:142:7: warning: ignoring return value of ‘int fscanf(FILE*, const char*, ...)’ declared with attribute ‘warn_unused_result’ [-Wunused-result]
  142 |       fscanf(file, "%f,", &data[i * d + j]);
      |       ^~~~~~~~~~~~~~~~~~~~~~~~~~~~~~~~~
/home/myl/cache_search/file_read.cu:144:7: warning: ignoring return value of ‘int fscanf(FILE*, const char*, ...)’ declared with attribute ‘warn_unused_result’ [-Wunused-result]
  144 |     fscanf(file, "%f", &data[i * d + d - 1]);
      |     ~~^~~~~~~~~~~~~~~~~~~~~~~~~~~~~~~~~~~~~~
/home/myl/cache_search/file_read.cu: In static member function ‘static void file_read::read_hvecs_file(const char*, int&, int&, thrust::host_vector<float>&)’:
/home/myl/cache_search/file_read.cu:206:6: warning: ignoring return value of ‘size_t fread(void*, size_t, size_t, FILE*)’ declared with attribute ‘warn_unused_result’ [-Wunused-result]
  206 |   fread(&d, sizeof(d), 1, file);
      |   ~~~^~~~~~~~~~~~~~~~~~~~~~~
/home/myl/cache_search/file_read.cu:208:6: warning: ignoring return value of ‘size_t fread(void*, size_t, size_t, FILE*)’ declared with attribute ‘warn_unused_result’ [-Wunused-result]
  208 |   fread(data_ptr, sizeof(float), n*d, file);
      |   ~~~^~~~~~~~~~~~~~~~~~~~~~~~~~~~~~~~~~~~~~
/home/myl/cache_search/graph_search.cuh(167): warning #177-D: variable "random_entry_seed" was declared but never referenced
    uint random_entry_seed = b_id*blockSize + t_id;
         ^

Remark: The warnings can be suppressed with "-diag-suppress <warning-number>"

[ 73%] Linking CXX executable /home/myl/cache_search/bin/test
[100%] Built target test
正在运行 ./test --ALGO=1 --topk=0 --n_candidates=1024 --expand_ratio=0.2 --point_ratio=0.00001024 --search_width=4 --t=50 --n_cluster=1000  --max_iter=1000 ...
Total GPUs visible: 6, using [3]: NVIDIA L40
Available Memory: 44940 MB, Total Memory: 45372 MB
Shared memory per block: 49152 bytes
Shared memory per SM   : 102400 bytes
Shared memory per block (optin): 101376 bytes
Input
n = 10000, d = 128
np = 100000000, dim = 128
Cluster number: 10000
Centroids read successfully
Input: copy points to device
Input: finish copy points to device
degree = 64
RB_Graph: finish read or build graph
Projection: reading pca base file /mnt/IntelP5520_8T_1/myl/cache_search/data/sift100M/rotated_base.fbin
read PCA file
sizeof_points = 12800000000
Projection: finish reading pca base file
BlockUp function
reading AABB from file /mnt/IntelP5520_8T_1/myl/cache_search/data/sift100M/1024_0.aabbs
Create context
Create module
Create program groups
Create pipeline
Create SBT
BVH Building Time = 0.470720 ms
batch_size = 5
time build_query_batches: 0.087815 ms
time pca projection: 0.140846 ms
time rt_entry search: 0.050936 ms
time graph search: 40796.7 ms
compute_dim = 25005842926
compute_dis = 543605281
average dimensions per distance computation = 46
time total search time: 40796.9 ms
checking results...
gt_k = 1000
recall1@1024 = 0.999900
recall10@1024 = 0.999090
recall100@1024 = 0.992649
recall1000@1024 = 0.674329
Free memory: 2346 MB
Total memory: 45372 MB
Used memory: 43026 MB
Clean up RT ...
Finish cleaning up RT
完成 DIM = 46 的测试

==================================================
正在处理: DIM = 45
==================================================
[ 13%] Built target compute_pca
[ 17%] Building NVCC ptx file cuda_compile_ptx_1_generated_devicePrograms.cu.ptx
[ 21%] compiling (and embedding ptx from) devicePrograms.cu
[ 26%] Building C object CMakeFiles/test.dir/cuda_compile_ptx_1_generated_devicePrograms.cu.ptx_embedded.c.o
[ 30%] Building CXX object CMakeFiles/test.dir/main.cpp.o
[ 34%] Building CUDA object CMakeFiles/test.dir/aabb.cu.o
[ 39%] Building CUDA object CMakeFiles/test.dir/entry.cu.o
[ 43%] Building CUDA object CMakeFiles/test.dir/entry_helper.cu.o
[ 47%] Building CUDA object CMakeFiles/test.dir/matrix.cu.o
[ 52%] Building CUDA object CMakeFiles/test.dir/file_read.cu.o
nvcc warning : incompatible redefinition for option 'std', the last value of this option was used
[ 56%] Building CXX object CMakeFiles/test.dir/raytracing.cpp.o
nvcc warning : incompatible redefinition for option 'std', the last value of this option was used
[ 60%] Building CUDA object CMakeFiles/test.dir/graph.cu.o
nvcc warning : incompatible redefinition for option 'std', the last value of this option was used
nvcc warning : incompatible redefinition for option 'std', the last value of this option was used
nvcc warning : incompatible redefinition for option 'std', the last value of this option was used
[ 65%] Building CUDA object CMakeFiles/test.dir/graph_helper.cu.o
[ 69%] Building CUDA object CMakeFiles/test.dir/cache/page_cache.cu.o
nvcc warning : incompatible redefinition for option 'std', the last value of this option was used
nvcc warning : incompatible redefinition for option 'std', the last value of this option was used
nvcc warning : incompatible redefinition for option 'std', the last value of this option was used
In file included from /home/myl/cache_search/head.h:3,
                 from /home/myl/cache_search/raytracing.h:3,
                 from /home/myl/cache_search/raytracing.cpp:2:
/home/myl/optix7.6/NVIDIA-OptiX-SDK-7.6.0-linux64-x86_64/include/optix_stubs.h: In function ‘OptixResult optixUninitWithHandle(void*)’:
/home/myl/optix7.6/NVIDIA-OptiX-SDK-7.6.0-linux64-x86_64/include/optix_stubs.h:256:36: warning: missing initializer for member ‘OptixFunctionTable::optixGetErrorString’ [-Wmissing-field-initializers]
  256 |     OptixFunctionTable empty = { 0 };
      |                                    ^
/home/myl/optix7.6/NVIDIA-OptiX-SDK-7.6.0-linux64-x86_64/include/optix_stubs.h:256:36: warning: missing initializer for member ‘OptixFunctionTable::optixDeviceContextCreate’ [-Wmissing-field-initializers]
/home/myl/optix7.6/NVIDIA-OptiX-SDK-7.6.0-linux64-x86_64/include/optix_stubs.h:256:36: warning: missing initializer for member ‘OptixFunctionTable::optixDeviceContextDestroy’ [-Wmissing-field-initializers]
/home/myl/optix7.6/NVIDIA-OptiX-SDK-7.6.0-linux64-x86_64/include/optix_stubs.h:256:36: warning: missing initializer for member ‘OptixFunctionTable::optixDeviceContextGetProperty’ [-Wmissing-field-initializers]
/home/myl/optix7.6/NVIDIA-OptiX-SDK-7.6.0-linux64-x86_64/include/optix_stubs.h:256:36: warning: missing initializer for member ‘OptixFunctionTable::optixDeviceContextSetLogCallback’ [-Wmissing-field-initializers]
/home/myl/optix7.6/NVIDIA-OptiX-SDK-7.6.0-linux64-x86_64/include/optix_stubs.h:256:36: warning: missing initializer for member ‘OptixFunctionTable::optixDeviceContextSetCacheEnabled’ [-Wmissing-field-initializers]
/home/myl/optix7.6/NVIDIA-OptiX-SDK-7.6.0-linux64-x86_64/include/optix_stubs.h:256:36: warning: missing initializer for member ‘OptixFunctionTable::optixDeviceContextSetCacheLocation’ [-Wmissing-field-initializers]
/home/myl/optix7.6/NVIDIA-OptiX-SDK-7.6.0-linux64-x86_64/include/optix_stubs.h:256:36: warning: missing initializer for member ‘OptixFunctionTable::optixDeviceContextSetCacheDatabaseSizes’ [-Wmissing-field-initializers]
/home/myl/optix7.6/NVIDIA-OptiX-SDK-7.6.0-linux64-x86_64/include/optix_stubs.h:256:36: warning: missing initializer for member ‘OptixFunctionTable::optixDeviceContextGetCacheEnabled’ [-Wmissing-field-initializers]
/home/myl/optix7.6/NVIDIA-OptiX-SDK-7.6.0-linux64-x86_64/include/optix_stubs.h:256:36: warning: missing initializer for member ‘OptixFunctionTable::optixDeviceContextGetCacheLocation’ [-Wmissing-field-initializers]
/home/myl/optix7.6/NVIDIA-OptiX-SDK-7.6.0-linux64-x86_64/include/optix_stubs.h:256:36: warning: missing initializer for member ‘OptixFunctionTable::optixDeviceContextGetCacheDatabaseSizes’ [-Wmissing-field-initializers]
/home/myl/optix7.6/NVIDIA-OptiX-SDK-7.6.0-linux64-x86_64/include/optix_stubs.h:256:36: warning: missing initializer for member ‘OptixFunctionTable::optixModuleCreateFromPTX’ [-Wmissing-field-initializers]
/home/myl/optix7.6/NVIDIA-OptiX-SDK-7.6.0-linux64-x86_64/include/optix_stubs.h:256:36: warning: missing initializer for member ‘OptixFunctionTable::optixModuleCreateFromPTXWithTasks’ [-Wmissing-field-initializers]
/home/myl/optix7.6/NVIDIA-OptiX-SDK-7.6.0-linux64-x86_64/include/optix_stubs.h:256:36: warning: missing initializer for member ‘OptixFunctionTable::optixModuleGetCompilationState’ [-Wmissing-field-initializers]
/home/myl/optix7.6/NVIDIA-OptiX-SDK-7.6.0-linux64-x86_64/include/optix_stubs.h:256:36: warning: missing initializer for member ‘OptixFunctionTable::optixModuleDestroy’ [-Wmissing-field-initializers]
/home/myl/optix7.6/NVIDIA-OptiX-SDK-7.6.0-linux64-x86_64/include/optix_stubs.h:256:36: warning: missing initializer for member ‘OptixFunctionTable::optixBuiltinISModuleGet’ [-Wmissing-field-initializers]
/home/myl/optix7.6/NVIDIA-OptiX-SDK-7.6.0-linux64-x86_64/include/optix_stubs.h:256:36: warning: missing initializer for member ‘OptixFunctionTable::optixTaskExecute’ [-Wmissing-field-initializers]
/home/myl/optix7.6/NVIDIA-OptiX-SDK-7.6.0-linux64-x86_64/include/optix_stubs.h:256:36: warning: missing initializer for member ‘OptixFunctionTable::optixProgramGroupCreate’ [-Wmissing-field-initializers]
/home/myl/optix7.6/NVIDIA-OptiX-SDK-7.6.0-linux64-x86_64/include/optix_stubs.h:256:36: warning: missing initializer for member ‘OptixFunctionTable::optixProgramGroupDestroy’ [-Wmissing-field-initializers]
/home/myl/optix7.6/NVIDIA-OptiX-SDK-7.6.0-linux64-x86_64/include/optix_stubs.h:256:36: warning: missing initializer for member ‘OptixFunctionTable::optixProgramGroupGetStackSize’ [-Wmissing-field-initializers]
/home/myl/optix7.6/NVIDIA-OptiX-SDK-7.6.0-linux64-x86_64/include/optix_stubs.h:256:36: warning: missing initializer for member ‘OptixFunctionTable::optixPipelineCreate’ [-Wmissing-field-initializers]
/home/myl/optix7.6/NVIDIA-OptiX-SDK-7.6.0-linux64-x86_64/include/optix_stubs.h:256:36: warning: missing initializer for member ‘OptixFunctionTable::optixPipelineDestroy’ [-Wmissing-field-initializers]
/home/myl/optix7.6/NVIDIA-OptiX-SDK-7.6.0-linux64-x86_64/include/optix_stubs.h:256:36: warning: missing initializer for member ‘OptixFunctionTable::optixPipelineSetStackSize’ [-Wmissing-field-initializers]
/home/myl/optix7.6/NVIDIA-OptiX-SDK-7.6.0-linux64-x86_64/include/optix_stubs.h:256:36: warning: missing initializer for member ‘OptixFunctionTable::optixAccelComputeMemoryUsage’ [-Wmissing-field-initializers]
/home/myl/optix7.6/NVIDIA-OptiX-SDK-7.6.0-linux64-x86_64/include/optix_stubs.h:256:36: warning: missing initializer for member ‘OptixFunctionTable::optixAccelBuild’ [-Wmissing-field-initializers]
/home/myl/optix7.6/NVIDIA-OptiX-SDK-7.6.0-linux64-x86_64/include/optix_stubs.h:256:36: warning: missing initializer for member ‘OptixFunctionTable::optixAccelGetRelocationInfo’ [-Wmissing-field-initializers]
/home/myl/optix7.6/NVIDIA-OptiX-SDK-7.6.0-linux64-x86_64/include/optix_stubs.h:256:36: warning: missing initializer for member ‘OptixFunctionTable::optixCheckRelocationCompatibility’ [-Wmissing-field-initializers]
/home/myl/optix7.6/NVIDIA-OptiX-SDK-7.6.0-linux64-x86_64/include/optix_stubs.h:256:36: warning: missing initializer for member ‘OptixFunctionTable::optixAccelRelocate’ [-Wmissing-field-initializers]
/home/myl/optix7.6/NVIDIA-OptiX-SDK-7.6.0-linux64-x86_64/include/optix_stubs.h:256:36: warning: missing initializer for member ‘OptixFunctionTable::optixAccelCompact’ [-Wmissing-field-initializers]
/home/myl/optix7.6/NVIDIA-OptiX-SDK-7.6.0-linux64-x86_64/include/optix_stubs.h:256:36: warning: missing initializer for member ‘OptixFunctionTable::optixConvertPointerToTraversableHandle’ [-Wmissing-field-initializers]
/home/myl/optix7.6/NVIDIA-OptiX-SDK-7.6.0-linux64-x86_64/include/optix_stubs.h:256:36: warning: missing initializer for member ‘OptixFunctionTable::optixOpacityMicromapArrayComputeMemoryUsage’ [-Wmissing-field-initializers]
/home/myl/optix7.6/NVIDIA-OptiX-SDK-7.6.0-linux64-x86_64/include/optix_stubs.h:256:36: warning: missing initializer for member ‘OptixFunctionTable::optixOpacityMicromapArrayBuild’ [-Wmissing-field-initializers]
/home/myl/optix7.6/NVIDIA-OptiX-SDK-7.6.0-linux64-x86_64/include/optix_stubs.h:256:36: warning: missing initializer for member ‘OptixFunctionTable::optixOpacityMicromapArrayGetRelocationInfo’ [-Wmissing-field-initializers]
/home/myl/optix7.6/NVIDIA-OptiX-SDK-7.6.0-linux64-x86_64/include/optix_stubs.h:256:36: warning: missing initializer for member ‘OptixFunctionTable::optixOpacityMicromapArrayRelocate’ [-Wmissing-field-initializers]
/home/myl/optix7.6/NVIDIA-OptiX-SDK-7.6.0-linux64-x86_64/include/optix_stubs.h:256:36: warning: missing initializer for member ‘OptixFunctionTable::reserved1’ [-Wmissing-field-initializers]
/home/myl/optix7.6/NVIDIA-OptiX-SDK-7.6.0-linux64-x86_64/include/optix_stubs.h:256:36: warning: missing initializer for member ‘OptixFunctionTable::reserved2’ [-Wmissing-field-initializers]
/home/myl/optix7.6/NVIDIA-OptiX-SDK-7.6.0-linux64-x86_64/include/optix_stubs.h:256:36: warning: missing initializer for member ‘OptixFunctionTable::optixSbtRecordPackHeader’ [-Wmissing-field-initializers]
/home/myl/optix7.6/NVIDIA-OptiX-SDK-7.6.0-linux64-x86_64/include/optix_stubs.h:256:36: warning: missing initializer for member ‘OptixFunctionTable::optixLaunch’ [-Wmissing-field-initializers]
/home/myl/optix7.6/NVIDIA-OptiX-SDK-7.6.0-linux64-x86_64/include/optix_stubs.h:256:36: warning: missing initializer for member ‘OptixFunctionTable::optixDenoiserCreate’ [-Wmissing-field-initializers]
/home/myl/optix7.6/NVIDIA-OptiX-SDK-7.6.0-linux64-x86_64/include/optix_stubs.h:256:36: warning: missing initializer for member ‘OptixFunctionTable::optixDenoiserDestroy’ [-Wmissing-field-initializers]
/home/myl/optix7.6/NVIDIA-OptiX-SDK-7.6.0-linux64-x86_64/include/optix_stubs.h:256:36: warning: missing initializer for member ‘OptixFunctionTable::optixDenoiserComputeMemoryResources’ [-Wmissing-field-initializers]
/home/myl/optix7.6/NVIDIA-OptiX-SDK-7.6.0-linux64-x86_64/include/optix_stubs.h:256:36: warning: missing initializer for member ‘OptixFunctionTable::optixDenoiserSetup’ [-Wmissing-field-initializers]
/home/myl/optix7.6/NVIDIA-OptiX-SDK-7.6.0-linux64-x86_64/include/optix_stubs.h:256:36: warning: missing initializer for member ‘OptixFunctionTable::optixDenoiserInvoke’ [-Wmissing-field-initializers]
/home/myl/optix7.6/NVIDIA-OptiX-SDK-7.6.0-linux64-x86_64/include/optix_stubs.h:256:36: warning: missing initializer for member ‘OptixFunctionTable::optixDenoiserComputeIntensity’ [-Wmissing-field-initializers]
/home/myl/optix7.6/NVIDIA-OptiX-SDK-7.6.0-linux64-x86_64/include/optix_stubs.h:256:36: warning: missing initializer for member ‘OptixFunctionTable::optixDenoiserComputeAverageColor’ [-Wmissing-field-initializers]
/home/myl/optix7.6/NVIDIA-OptiX-SDK-7.6.0-linux64-x86_64/include/optix_stubs.h:256:36: warning: missing initializer for member ‘OptixFunctionTable::optixDenoiserCreateWithUserModel’ [-Wmissing-field-initializers]
/home/myl/cache_search/cache/page_cache.cu:29: warning: "CUDA_CHECK" redefined
   29 | #define CUDA_CHECK(expr) cuda_check((expr), #expr, __FILE__, __LINE__)
      | 
In file included from /home/myl/cache_search/cache/../head.h:21,
                 from /home/myl/cache_search/cache/page_cache.h:7,
                 from /home/myl/cache_search/cache/page_cache.cu:1:
/home/myl/cache_search/cache/../helper.h:14: note: this is the location of the previous definition
   14 | #define CUDA_CHECK(call)                                                   \
      | 
In file included from /home/myl/cache_search/head.h:3,
                 from /home/myl/cache_search/entry.h:8,
                 from /home/myl/cache_search/graph.h:2,
                 from /home/myl/cache_search/main.cpp:3:
/home/myl/optix7.6/NVIDIA-OptiX-SDK-7.6.0-linux64-x86_64/include/optix_stubs.h: In function ‘OptixResult optixUninitWithHandle(void*)’:
/home/myl/optix7.6/NVIDIA-OptiX-SDK-7.6.0-linux64-x86_64/include/optix_stubs.h:256:36: warning: missing initializer for member ‘OptixFunctionTable::optixGetErrorString’ [-Wmissing-field-initializers]
  256 |     OptixFunctionTable empty = { 0 };
      |                                    ^
/home/myl/optix7.6/NVIDIA-OptiX-SDK-7.6.0-linux64-x86_64/include/optix_stubs.h:256:36: warning: missing initializer for member ‘OptixFunctionTable::optixDeviceContextCreate’ [-Wmissing-field-initializers]
/home/myl/optix7.6/NVIDIA-OptiX-SDK-7.6.0-linux64-x86_64/include/optix_stubs.h:256:36: warning: missing initializer for member ‘OptixFunctionTable::optixDeviceContextDestroy’ [-Wmissing-field-initializers]
/home/myl/optix7.6/NVIDIA-OptiX-SDK-7.6.0-linux64-x86_64/include/optix_stubs.h:256:36: warning: missing initializer for member ‘OptixFunctionTable::optixDeviceContextGetProperty’ [-Wmissing-field-initializers]
/home/myl/optix7.6/NVIDIA-OptiX-SDK-7.6.0-linux64-x86_64/include/optix_stubs.h:256:36: warning: missing initializer for member ‘OptixFunctionTable::optixDeviceContextSetLogCallback’ [-Wmissing-field-initializers]
/home/myl/optix7.6/NVIDIA-OptiX-SDK-7.6.0-linux64-x86_64/include/optix_stubs.h:256:36: warning: missing initializer for member ‘OptixFunctionTable::optixDeviceContextSetCacheEnabled’ [-Wmissing-field-initializers]
/home/myl/optix7.6/NVIDIA-OptiX-SDK-7.6.0-linux64-x86_64/include/optix_stubs.h:256:36: warning: missing initializer for member ‘OptixFunctionTable::optixDeviceContextSetCacheLocation’ [-Wmissing-field-initializers]
/home/myl/optix7.6/NVIDIA-OptiX-SDK-7.6.0-linux64-x86_64/include/optix_stubs.h:256:36: warning: missing initializer for member ‘OptixFunctionTable::optixDeviceContextSetCacheDatabaseSizes’ [-Wmissing-field-initializers]
/home/myl/optix7.6/NVIDIA-OptiX-SDK-7.6.0-linux64-x86_64/include/optix_stubs.h:256:36: warning: missing initializer for member ‘OptixFunctionTable::optixDeviceContextGetCacheEnabled’ [-Wmissing-field-initializers]
/home/myl/optix7.6/NVIDIA-OptiX-SDK-7.6.0-linux64-x86_64/include/optix_stubs.h:256:36: warning: missing initializer for member ‘OptixFunctionTable::optixDeviceContextGetCacheLocation’ [-Wmissing-field-initializers]
/home/myl/optix7.6/NVIDIA-OptiX-SDK-7.6.0-linux64-x86_64/include/optix_stubs.h:256:36: warning: missing initializer for member ‘OptixFunctionTable::optixDeviceContextGetCacheDatabaseSizes’ [-Wmissing-field-initializers]
/home/myl/optix7.6/NVIDIA-OptiX-SDK-7.6.0-linux64-x86_64/include/optix_stubs.h:256:36: warning: missing initializer for member ‘OptixFunctionTable::optixModuleCreateFromPTX’ [-Wmissing-field-initializers]
/home/myl/optix7.6/NVIDIA-OptiX-SDK-7.6.0-linux64-x86_64/include/optix_stubs.h:256:36: warning: missing initializer for member ‘OptixFunctionTable::optixModuleCreateFromPTXWithTasks’ [-Wmissing-field-initializers]
/home/myl/optix7.6/NVIDIA-OptiX-SDK-7.6.0-linux64-x86_64/include/optix_stubs.h:256:36: warning: missing initializer for member ‘OptixFunctionTable::optixModuleGetCompilationState’ [-Wmissing-field-initializers]
/home/myl/optix7.6/NVIDIA-OptiX-SDK-7.6.0-linux64-x86_64/include/optix_stubs.h:256:36: warning: missing initializer for member ‘OptixFunctionTable::optixModuleDestroy’ [-Wmissing-field-initializers]
/home/myl/optix7.6/NVIDIA-OptiX-SDK-7.6.0-linux64-x86_64/include/optix_stubs.h:256:36: warning: missing initializer for member ‘OptixFunctionTable::optixBuiltinISModuleGet’ [-Wmissing-field-initializers]
/home/myl/optix7.6/NVIDIA-OptiX-SDK-7.6.0-linux64-x86_64/include/optix_stubs.h:256:36: warning: missing initializer for member ‘OptixFunctionTable::optixTaskExecute’ [-Wmissing-field-initializers]
/home/myl/optix7.6/NVIDIA-OptiX-SDK-7.6.0-linux64-x86_64/include/optix_stubs.h:256:36: warning: missing initializer for member ‘OptixFunctionTable::optixProgramGroupCreate’ [-Wmissing-field-initializers]
/home/myl/optix7.6/NVIDIA-OptiX-SDK-7.6.0-linux64-x86_64/include/optix_stubs.h:256:36: warning: missing initializer for member ‘OptixFunctionTable::optixProgramGroupDestroy’ [-Wmissing-field-initializers]
/home/myl/optix7.6/NVIDIA-OptiX-SDK-7.6.0-linux64-x86_64/include/optix_stubs.h:256:36: warning: missing initializer for member ‘OptixFunctionTable::optixProgramGroupGetStackSize’ [-Wmissing-field-initializers]
/home/myl/optix7.6/NVIDIA-OptiX-SDK-7.6.0-linux64-x86_64/include/optix_stubs.h:256:36: warning: missing initializer for member ‘OptixFunctionTable::optixPipelineCreate’ [-Wmissing-field-initializers]
/home/myl/optix7.6/NVIDIA-OptiX-SDK-7.6.0-linux64-x86_64/include/optix_stubs.h:256:36: warning: missing initializer for member ‘OptixFunctionTable::optixPipelineDestroy’ [-Wmissing-field-initializers]
/home/myl/optix7.6/NVIDIA-OptiX-SDK-7.6.0-linux64-x86_64/include/optix_stubs.h:256:36: warning: missing initializer for member ‘OptixFunctionTable::optixPipelineSetStackSize’ [-Wmissing-field-initializers]
/home/myl/optix7.6/NVIDIA-OptiX-SDK-7.6.0-linux64-x86_64/include/optix_stubs.h:256:36: warning: missing initializer for member ‘OptixFunctionTable::optixAccelComputeMemoryUsage’ [-Wmissing-field-initializers]
/home/myl/optix7.6/NVIDIA-OptiX-SDK-7.6.0-linux64-x86_64/include/optix_stubs.h:256:36: warning: missing initializer for member ‘OptixFunctionTable::optixAccelBuild’ [-Wmissing-field-initializers]
/home/myl/optix7.6/NVIDIA-OptiX-SDK-7.6.0-linux64-x86_64/include/optix_stubs.h:256:36: warning: missing initializer for member ‘OptixFunctionTable::optixAccelGetRelocationInfo’ [-Wmissing-field-initializers]
/home/myl/optix7.6/NVIDIA-OptiX-SDK-7.6.0-linux64-x86_64/include/optix_stubs.h:256:36: warning: missing initializer for member ‘OptixFunctionTable::optixCheckRelocationCompatibility’ [-Wmissing-field-initializers]
/home/myl/optix7.6/NVIDIA-OptiX-SDK-7.6.0-linux64-x86_64/include/optix_stubs.h:256:36: warning: missing initializer for member ‘OptixFunctionTable::optixAccelRelocate’ [-Wmissing-field-initializers]
/home/myl/optix7.6/NVIDIA-OptiX-SDK-7.6.0-linux64-x86_64/include/optix_stubs.h:256:36: warning: missing initializer for member ‘OptixFunctionTable::optixAccelCompact’ [-Wmissing-field-initializers]
/home/myl/optix7.6/NVIDIA-OptiX-SDK-7.6.0-linux64-x86_64/include/optix_stubs.h:256:36: warning: missing initializer for member ‘OptixFunctionTable::optixConvertPointerToTraversableHandle’ [-Wmissing-field-initializers]
/home/myl/optix7.6/NVIDIA-OptiX-SDK-7.6.0-linux64-x86_64/include/optix_stubs.h:256:36: warning: missing initializer for member ‘OptixFunctionTable::optixOpacityMicromapArrayComputeMemoryUsage’ [-Wmissing-field-initializers]
/home/myl/optix7.6/NVIDIA-OptiX-SDK-7.6.0-linux64-x86_64/include/optix_stubs.h:256:36: warning: missing initializer for member ‘OptixFunctionTable::optixOpacityMicromapArrayBuild’ [-Wmissing-field-initializers]
/home/myl/optix7.6/NVIDIA-OptiX-SDK-7.6.0-linux64-x86_64/include/optix_stubs.h:256:36: warning: missing initializer for member ‘OptixFunctionTable::optixOpacityMicromapArrayGetRelocationInfo’ [-Wmissing-field-initializers]
/home/myl/optix7.6/NVIDIA-OptiX-SDK-7.6.0-linux64-x86_64/include/optix_stubs.h:256:36: warning: missing initializer for member ‘OptixFunctionTable::optixOpacityMicromapArrayRelocate’ [-Wmissing-field-initializers]
/home/myl/optix7.6/NVIDIA-OptiX-SDK-7.6.0-linux64-x86_64/include/optix_stubs.h:256:36: warning: missing initializer for member ‘OptixFunctionTable::reserved1’ [-Wmissing-field-initializers]
/home/myl/optix7.6/NVIDIA-OptiX-SDK-7.6.0-linux64-x86_64/include/optix_stubs.h:256:36: warning: missing initializer for member ‘OptixFunctionTable::reserved2’ [-Wmissing-field-initializers]
/home/myl/optix7.6/NVIDIA-OptiX-SDK-7.6.0-linux64-x86_64/include/optix_stubs.h:256:36: warning: missing initializer for member ‘OptixFunctionTable::optixSbtRecordPackHeader’ [-Wmissing-field-initializers]
/home/myl/optix7.6/NVIDIA-OptiX-SDK-7.6.0-linux64-x86_64/include/optix_stubs.h:256:36: warning: missing initializer for member ‘OptixFunctionTable::optixLaunch’ [-Wmissing-field-initializers]
/home/myl/optix7.6/NVIDIA-OptiX-SDK-7.6.0-linux64-x86_64/include/optix_stubs.h:256:36: warning: missing initializer for member ‘OptixFunctionTable::optixDenoiserCreate’ [-Wmissing-field-initializers]
/home/myl/optix7.6/NVIDIA-OptiX-SDK-7.6.0-linux64-x86_64/include/optix_stubs.h:256:36: warning: missing initializer for member ‘OptixFunctionTable::optixDenoiserDestroy’ [-Wmissing-field-initializers]
/home/myl/optix7.6/NVIDIA-OptiX-SDK-7.6.0-linux64-x86_64/include/optix_stubs.h:256:36: warning: missing initializer for member ‘OptixFunctionTable::optixDenoiserComputeMemoryResources’ [-Wmissing-field-initializers]
/home/myl/optix7.6/NVIDIA-OptiX-SDK-7.6.0-linux64-x86_64/include/optix_stubs.h:256:36: warning: missing initializer for member ‘OptixFunctionTable::optixDenoiserSetup’ [-Wmissing-field-initializers]
/home/myl/optix7.6/NVIDIA-OptiX-SDK-7.6.0-linux64-x86_64/include/optix_stubs.h:256:36: warning: missing initializer for member ‘OptixFunctionTable::optixDenoiserInvoke’ [-Wmissing-field-initializers]
/home/myl/optix7.6/NVIDIA-OptiX-SDK-7.6.0-linux64-x86_64/include/optix_stubs.h:256:36: warning: missing initializer for member ‘OptixFunctionTable::optixDenoiserComputeIntensity’ [-Wmissing-field-initializers]
/home/myl/optix7.6/NVIDIA-OptiX-SDK-7.6.0-linux64-x86_64/include/optix_stubs.h:256:36: warning: missing initializer for member ‘OptixFunctionTable::optixDenoiserComputeAverageColor’ [-Wmissing-field-initializers]
/home/myl/optix7.6/NVIDIA-OptiX-SDK-7.6.0-linux64-x86_64/include/optix_stubs.h:256:36: warning: missing initializer for member ‘OptixFunctionTable::optixDenoiserCreateWithUserModel’ [-Wmissing-field-initializers]
/home/myl/cache_search/cache/page_cache.cu:29: warning: "CUDA_CHECK" redefined
   29 | #define CUDA_CHECK(expr) cuda_check((expr), #expr, __FILE__, __LINE__)
      | 
In file included from /home/myl/cache_search/cache/../head.h:21,
                 from /home/myl/cache_search/cache/page_cache.h:7,
                 from /home/myl/cache_search/cache/page_cache.cu:1:
/home/myl/cache_search/cache/../helper.h:14: note: this is the location of the previous definition
   14 | #define CUDA_CHECK(call)                                                   \
      | 
/home/myl/cache_search/cache/page_cache.cu:29: warning: "CUDA_CHECK" redefined
   29 | #define CUDA_CHECK(expr) cuda_check((expr), #expr, __FILE__, __LINE__)
      | 
In file included from /home/myl/cache_search/cache/../head.h:21,
                 from /home/myl/cache_search/cache/page_cache.h:7,
                 from /home/myl/cache_search/cache/page_cache.cu:1:
/home/myl/cache_search/cache/../helper.h:14: note: this is the location of the previous definition
   14 | #define CUDA_CHECK(call)                                                   \
      | 
In file included from /home/myl/cache_search/graph.h:3,
                 from /home/myl/cache_search/main.cpp:3:
/home/myl/cache_search/pca/pca.h: In constructor ‘PCA::PCA(float*, uint, uint)’:
/home/myl/cache_search/pca/pca.h:17:23: warning: comparison of integer expressions of different signedness: ‘int’ and ‘uint’ {aka ‘unsigned int’} [-Wsign-compare]
   17 |     for (int i = 0; i < nb; i++) {
      |                     ~~^~~~
/home/myl/cache_search/pca/pca.h:18:25: warning: comparison of integer expressions of different signedness: ‘int’ and ‘uint’ {aka ‘unsigned int’} [-Wsign-compare]
   18 |       for (int j = 0; j < dim; j++) {
      |                       ~~^~~~~
/home/myl/cache_search/main.cpp: In function ‘int main(int, char**)’:
/home/myl/cache_search/main.cpp:91:9: warning: unused variable ‘datafile’ [-Wunused-variable]
   91 |   char* datafile = (char*)FLAGS_data_path.c_str();
      |         ^~~~~~~~
/home/myl/cache_search/main.cpp:92:9: warning: unused variable ‘queryfile’ [-Wunused-variable]
   92 |   char* queryfile = (char*)FLAGS_query_path.c_str();
      |         ^~~~~~~~~
/home/myl/cache_search/main.cpp:93:9: warning: unused variable ‘gtfile’ [-Wunused-variable]
   93 |   char* gtfile = (char*)FLAGS_gt_path.c_str();
      |         ^~~~~~
/home/myl/cache_search/file_read.cu(138): warning #1650-D: result of call is not used
    fscanf(file, "%d %d", &n, &d);
    ^

Remark: The warnings can be suppressed with "-diag-suppress <warning-number>"

/home/myl/cache_search/file_read.cu(142): warning #1650-D: result of call is not used
        fscanf(file, "%f,", &data[i * d + j]);
        ^

/home/myl/cache_search/file_read.cu(144): warning #1650-D: result of call is not used
      fscanf(file, "%f", &data[i * d + d - 1]);
      ^

/home/myl/cache_search/file_read.cu(206): warning #1650-D: result of call is not used
    fread(&d, sizeof(d), 1, file);
    ^

/home/myl/cache_search/file_read.cu(208): warning #1650-D: result of call is not used
    fread(data_ptr, sizeof(float), n*d, file);
    ^

/home/myl/cache_search/file_read.cu(138): warning #1650-D: result of call is not used
    fscanf(file, "%d %d", &n, &d);
    ^

Remark: The warnings can be suppressed with "-diag-suppress <warning-number>"

/home/myl/cache_search/file_read.cu(142): warning #1650-D: result of call is not used
        fscanf(file, "%f,", &data[i * d + j]);
        ^

/home/myl/cache_search/file_read.cu(144): warning #1650-D: result of call is not used
      fscanf(file, "%f", &data[i * d + d - 1]);
      ^

/home/myl/cache_search/file_read.cu(206): warning #1650-D: result of call is not used
    fread(&d, sizeof(d), 1, file);
    ^

/home/myl/cache_search/file_read.cu(208): warning #1650-D: result of call is not used
    fread(data_ptr, sizeof(float), n*d, file);
    ^

/home/myl/cache_search/graph_helper.cu(222): warning #177-D: variable "max_threads" was declared but never referenced
    int max_threads = 64;
        ^

Remark: The warnings can be suppressed with "-diag-suppress <warning-number>"

/home/myl/cache_search/graph_search.cuh(167): warning #177-D: variable "random_entry_seed" was declared but never referenced
    uint random_entry_seed = b_id*blockSize + t_id;
         ^

Remark: The warnings can be suppressed with "-diag-suppress <warning-number>"

/home/myl/cache_search/file_read.cu(138): warning #1650-D: result of call is not used
    fscanf(file, "%d %d", &n, &d);
    ^

Remark: The warnings can be suppressed with "-diag-suppress <warning-number>"

/home/myl/cache_search/file_read.cu(142): warning #1650-D: result of call is not used
        fscanf(file, "%f,", &data[i * d + j]);
        ^

/home/myl/cache_search/file_read.cu(144): warning #1650-D: result of call is not used
      fscanf(file, "%f", &data[i * d + d - 1]);
      ^

/home/myl/cache_search/file_read.cu(206): warning #1650-D: result of call is not used
    fread(&d, sizeof(d), 1, file);
    ^

/home/myl/cache_search/file_read.cu(208): warning #1650-D: result of call is not used
    fread(data_ptr, sizeof(float), n*d, file);
    ^

/home/myl/cache_search/graph_helper.cu(222): warning #177-D: variable "max_threads" was declared but never referenced
    int max_threads = 64;
        ^

Remark: The warnings can be suppressed with "-diag-suppress <warning-number>"

/home/myl/cache_search/file_read.cu: In static member function ‘static void file_read::read_txt_file(const char*, int&, int&, thrust::host_vector<float>&)’:
/home/myl/cache_search/file_read.cu:138:7: warning: ignoring return value of ‘int fscanf(FILE*, const char*, ...)’ declared with attribute ‘warn_unused_result’ [-Wunused-result]
  138 |   fscanf(file, "%d %d", &n, &d);
      |   ~~~~^~~~~~~~~~~~~~~~~~~~~~~
/home/myl/cache_search/file_read.cu:142:7: warning: ignoring return value of ‘int fscanf(FILE*, const char*, ...)’ declared with attribute ‘warn_unused_result’ [-Wunused-result]
  142 |       fscanf(file, "%f,", &data[i * d + j]);
      |       ^~~~~~~~~~~~~~~~~~~~~~~~~~~~~~~~~
/home/myl/cache_search/file_read.cu:144:7: warning: ignoring return value of ‘int fscanf(FILE*, const char*, ...)’ declared with attribute ‘warn_unused_result’ [-Wunused-result]
  144 |     fscanf(file, "%f", &data[i * d + d - 1]);
      |     ~~^~~~~~~~~~~~~~~~~~~~~~~~~~~~~~~~~~~~~~
/home/myl/cache_search/file_read.cu: In static member function ‘static void file_read::read_hvecs_file(const char*, int&, int&, thrust::host_vector<float>&)’:
/home/myl/cache_search/file_read.cu:206:6: warning: ignoring return value of ‘size_t fread(void*, size_t, size_t, FILE*)’ declared with attribute ‘warn_unused_result’ [-Wunused-result]
  206 |   fread(&d, sizeof(d), 1, file);
      |   ~~~^~~~~~~~~~~~~~~~~~~~~~~
/home/myl/cache_search/file_read.cu:208:6: warning: ignoring return value of ‘size_t fread(void*, size_t, size_t, FILE*)’ declared with attribute ‘warn_unused_result’ [-Wunused-result]
  208 |   fread(data_ptr, sizeof(float), n*d, file);
      |   ~~~^~~~~~~~~~~~~~~~~~~~~~~~~~~~~~~~~~~~~~
/home/myl/cache_search/graph_search.cuh(167): warning #177-D: variable "random_entry_seed" was declared but never referenced
    uint random_entry_seed = b_id*blockSize + t_id;
         ^

Remark: The warnings can be suppressed with "-diag-suppress <warning-number>"

[ 73%] Linking CXX executable /home/myl/cache_search/bin/test
[100%] Built target test
正在运行 ./test --ALGO=1 --topk=0 --n_candidates=1024 --expand_ratio=0.2 --point_ratio=0.00001024 --search_width=4 --t=50 --n_cluster=1000  --max_iter=1000 ...
Total GPUs visible: 6, using [3]: NVIDIA L40
Available Memory: 44940 MB, Total Memory: 45372 MB
Shared memory per block: 49152 bytes
Shared memory per SM   : 102400 bytes
Shared memory per block (optin): 101376 bytes
Input
n = 10000, d = 128
np = 100000000, dim = 128
Cluster number: 10000
Centroids read successfully
Input: copy points to device
Input: finish copy points to device
degree = 64
RB_Graph: finish read or build graph
Projection: reading pca base file /mnt/IntelP5520_8T_1/myl/cache_search/data/sift100M/rotated_base.fbin
read PCA file
sizeof_points = 12800000000
Projection: finish reading pca base file
BlockUp function
reading AABB from file /mnt/IntelP5520_8T_1/myl/cache_search/data/sift100M/1024_0.aabbs
Create context
Create module
Create program groups
Create pipeline
Create SBT
BVH Building Time = 0.461696 ms
batch_size = 5
time build_query_batches: 0.037945 ms
time pca projection: 0.137522 ms
time rt_entry search: 0.062213 ms
time graph search: 40815.5 ms
compute_dim = 24470871030
compute_dis = 543797134
average dimensions per distance computation = 45
time total search time: 40815.7 ms
checking results...
gt_k = 1000
recall1@1024 = 0.999900
recall10@1024 = 0.999090
recall100@1024 = 0.991475
recall1000@1024 = 0.665448
Free memory: 2726 MB
Total memory: 45372 MB
Used memory: 42646 MB
Clean up RT ...
Finish cleaning up RT
完成 DIM = 45 的测试

==================================================
正在处理: DIM = 44
==================================================
[ 13%] Built target compute_pca
[ 17%] Building NVCC ptx file cuda_compile_ptx_1_generated_devicePrograms.cu.ptx
[ 21%] compiling (and embedding ptx from) devicePrograms.cu
[ 26%] Building C object CMakeFiles/test.dir/cuda_compile_ptx_1_generated_devicePrograms.cu.ptx_embedded.c.o
[ 30%] Building CXX object CMakeFiles/test.dir/main.cpp.o
[ 34%] Building CUDA object CMakeFiles/test.dir/aabb.cu.o
[ 39%] Building CUDA object CMakeFiles/test.dir/entry.cu.o
[ 43%] Building CUDA object CMakeFiles/test.dir/entry_helper.cu.o
[ 47%] Building CUDA object CMakeFiles/test.dir/matrix.cu.o
[ 52%] Building CUDA object CMakeFiles/test.dir/file_read.cu.o
nvcc warning : incompatible redefinition for option 'std', the last value of this option was used
[ 56%] Building CXX object CMakeFiles/test.dir/raytracing.cpp.o
nvcc warning : incompatible redefinition for option 'std', the last value of this option was used
nvcc warning : incompatible redefinition for option 'std', the last value of this option was used
[ 60%] Building CUDA object CMakeFiles/test.dir/graph.cu.o
nvcc warning : incompatible redefinition for option 'std', the last value of this option was used
[ 65%] Building CUDA object CMakeFiles/test.dir/graph_helper.cu.o
nvcc warning : incompatible redefinition for option 'std', the last value of this option was used
[ 69%] Building CUDA object CMakeFiles/test.dir/cache/page_cache.cu.o
nvcc warning : incompatible redefinition for option 'std', the last value of this option was used
nvcc warning : incompatible redefinition for option 'std', the last value of this option was used
nvcc warning : incompatible redefinition for option 'std', the last value of this option was used
In file included from /home/myl/cache_search/head.h:3,
                 from /home/myl/cache_search/raytracing.h:3,
                 from /home/myl/cache_search/raytracing.cpp:2:
/home/myl/optix7.6/NVIDIA-OptiX-SDK-7.6.0-linux64-x86_64/include/optix_stubs.h: In function ‘OptixResult optixUninitWithHandle(void*)’:
/home/myl/optix7.6/NVIDIA-OptiX-SDK-7.6.0-linux64-x86_64/include/optix_stubs.h:256:36: warning: missing initializer for member ‘OptixFunctionTable::optixGetErrorString’ [-Wmissing-field-initializers]
  256 |     OptixFunctionTable empty = { 0 };
      |                                    ^
/home/myl/optix7.6/NVIDIA-OptiX-SDK-7.6.0-linux64-x86_64/include/optix_stubs.h:256:36: warning: missing initializer for member ‘OptixFunctionTable::optixDeviceContextCreate’ [-Wmissing-field-initializers]
/home/myl/optix7.6/NVIDIA-OptiX-SDK-7.6.0-linux64-x86_64/include/optix_stubs.h:256:36: warning: missing initializer for member ‘OptixFunctionTable::optixDeviceContextDestroy’ [-Wmissing-field-initializers]
/home/myl/optix7.6/NVIDIA-OptiX-SDK-7.6.0-linux64-x86_64/include/optix_stubs.h:256:36: warning: missing initializer for member ‘OptixFunctionTable::optixDeviceContextGetProperty’ [-Wmissing-field-initializers]
/home/myl/optix7.6/NVIDIA-OptiX-SDK-7.6.0-linux64-x86_64/include/optix_stubs.h:256:36: warning: missing initializer for member ‘OptixFunctionTable::optixDeviceContextSetLogCallback’ [-Wmissing-field-initializers]
/home/myl/optix7.6/NVIDIA-OptiX-SDK-7.6.0-linux64-x86_64/include/optix_stubs.h:256:36: warning: missing initializer for member ‘OptixFunctionTable::optixDeviceContextSetCacheEnabled’ [-Wmissing-field-initializers]
/home/myl/optix7.6/NVIDIA-OptiX-SDK-7.6.0-linux64-x86_64/include/optix_stubs.h:256:36: warning: missing initializer for member ‘OptixFunctionTable::optixDeviceContextSetCacheLocation’ [-Wmissing-field-initializers]
/home/myl/optix7.6/NVIDIA-OptiX-SDK-7.6.0-linux64-x86_64/include/optix_stubs.h:256:36: warning: missing initializer for member ‘OptixFunctionTable::optixDeviceContextSetCacheDatabaseSizes’ [-Wmissing-field-initializers]
/home/myl/optix7.6/NVIDIA-OptiX-SDK-7.6.0-linux64-x86_64/include/optix_stubs.h:256:36: warning: missing initializer for member ‘OptixFunctionTable::optixDeviceContextGetCacheEnabled’ [-Wmissing-field-initializers]
/home/myl/optix7.6/NVIDIA-OptiX-SDK-7.6.0-linux64-x86_64/include/optix_stubs.h:256:36: warning: missing initializer for member ‘OptixFunctionTable::optixDeviceContextGetCacheLocation’ [-Wmissing-field-initializers]
/home/myl/optix7.6/NVIDIA-OptiX-SDK-7.6.0-linux64-x86_64/include/optix_stubs.h:256:36: warning: missing initializer for member ‘OptixFunctionTable::optixDeviceContextGetCacheDatabaseSizes’ [-Wmissing-field-initializers]
/home/myl/optix7.6/NVIDIA-OptiX-SDK-7.6.0-linux64-x86_64/include/optix_stubs.h:256:36: warning: missing initializer for member ‘OptixFunctionTable::optixModuleCreateFromPTX’ [-Wmissing-field-initializers]
/home/myl/optix7.6/NVIDIA-OptiX-SDK-7.6.0-linux64-x86_64/include/optix_stubs.h:256:36: warning: missing initializer for member ‘OptixFunctionTable::optixModuleCreateFromPTXWithTasks’ [-Wmissing-field-initializers]
/home/myl/optix7.6/NVIDIA-OptiX-SDK-7.6.0-linux64-x86_64/include/optix_stubs.h:256:36: warning: missing initializer for member ‘OptixFunctionTable::optixModuleGetCompilationState’ [-Wmissing-field-initializers]
/home/myl/optix7.6/NVIDIA-OptiX-SDK-7.6.0-linux64-x86_64/include/optix_stubs.h:256:36: warning: missing initializer for member ‘OptixFunctionTable::optixModuleDestroy’ [-Wmissing-field-initializers]
/home/myl/optix7.6/NVIDIA-OptiX-SDK-7.6.0-linux64-x86_64/include/optix_stubs.h:256:36: warning: missing initializer for member ‘OptixFunctionTable::optixBuiltinISModuleGet’ [-Wmissing-field-initializers]
/home/myl/optix7.6/NVIDIA-OptiX-SDK-7.6.0-linux64-x86_64/include/optix_stubs.h:256:36: warning: missing initializer for member ‘OptixFunctionTable::optixTaskExecute’ [-Wmissing-field-initializers]
/home/myl/optix7.6/NVIDIA-OptiX-SDK-7.6.0-linux64-x86_64/include/optix_stubs.h:256:36: warning: missing initializer for member ‘OptixFunctionTable::optixProgramGroupCreate’ [-Wmissing-field-initializers]
/home/myl/optix7.6/NVIDIA-OptiX-SDK-7.6.0-linux64-x86_64/include/optix_stubs.h:256:36: warning: missing initializer for member ‘OptixFunctionTable::optixProgramGroupDestroy’ [-Wmissing-field-initializers]
/home/myl/optix7.6/NVIDIA-OptiX-SDK-7.6.0-linux64-x86_64/include/optix_stubs.h:256:36: warning: missing initializer for member ‘OptixFunctionTable::optixProgramGroupGetStackSize’ [-Wmissing-field-initializers]
/home/myl/optix7.6/NVIDIA-OptiX-SDK-7.6.0-linux64-x86_64/include/optix_stubs.h:256:36: warning: missing initializer for member ‘OptixFunctionTable::optixPipelineCreate’ [-Wmissing-field-initializers]
/home/myl/optix7.6/NVIDIA-OptiX-SDK-7.6.0-linux64-x86_64/include/optix_stubs.h:256:36: warning: missing initializer for member ‘OptixFunctionTable::optixPipelineDestroy’ [-Wmissing-field-initializers]
/home/myl/optix7.6/NVIDIA-OptiX-SDK-7.6.0-linux64-x86_64/include/optix_stubs.h:256:36: warning: missing initializer for member ‘OptixFunctionTable::optixPipelineSetStackSize’ [-Wmissing-field-initializers]
/home/myl/optix7.6/NVIDIA-OptiX-SDK-7.6.0-linux64-x86_64/include/optix_stubs.h:256:36: warning: missing initializer for member ‘OptixFunctionTable::optixAccelComputeMemoryUsage’ [-Wmissing-field-initializers]
/home/myl/optix7.6/NVIDIA-OptiX-SDK-7.6.0-linux64-x86_64/include/optix_stubs.h:256:36: warning: missing initializer for member ‘OptixFunctionTable::optixAccelBuild’ [-Wmissing-field-initializers]
/home/myl/optix7.6/NVIDIA-OptiX-SDK-7.6.0-linux64-x86_64/include/optix_stubs.h:256:36: warning: missing initializer for member ‘OptixFunctionTable::optixAccelGetRelocationInfo’ [-Wmissing-field-initializers]
/home/myl/optix7.6/NVIDIA-OptiX-SDK-7.6.0-linux64-x86_64/include/optix_stubs.h:256:36: warning: missing initializer for member ‘OptixFunctionTable::optixCheckRelocationCompatibility’ [-Wmissing-field-initializers]
/home/myl/optix7.6/NVIDIA-OptiX-SDK-7.6.0-linux64-x86_64/include/optix_stubs.h:256:36: warning: missing initializer for member ‘OptixFunctionTable::optixAccelRelocate’ [-Wmissing-field-initializers]
/home/myl/optix7.6/NVIDIA-OptiX-SDK-7.6.0-linux64-x86_64/include/optix_stubs.h:256:36: warning: missing initializer for member ‘OptixFunctionTable::optixAccelCompact’ [-Wmissing-field-initializers]
/home/myl/optix7.6/NVIDIA-OptiX-SDK-7.6.0-linux64-x86_64/include/optix_stubs.h:256:36: warning: missing initializer for member ‘OptixFunctionTable::optixConvertPointerToTraversableHandle’ [-Wmissing-field-initializers]
/home/myl/optix7.6/NVIDIA-OptiX-SDK-7.6.0-linux64-x86_64/include/optix_stubs.h:256:36: warning: missing initializer for member ‘OptixFunctionTable::optixOpacityMicromapArrayComputeMemoryUsage’ [-Wmissing-field-initializers]
/home/myl/optix7.6/NVIDIA-OptiX-SDK-7.6.0-linux64-x86_64/include/optix_stubs.h:256:36: warning: missing initializer for member ‘OptixFunctionTable::optixOpacityMicromapArrayBuild’ [-Wmissing-field-initializers]
/home/myl/optix7.6/NVIDIA-OptiX-SDK-7.6.0-linux64-x86_64/include/optix_stubs.h:256:36: warning: missing initializer for member ‘OptixFunctionTable::optixOpacityMicromapArrayGetRelocationInfo’ [-Wmissing-field-initializers]
/home/myl/optix7.6/NVIDIA-OptiX-SDK-7.6.0-linux64-x86_64/include/optix_stubs.h:256:36: warning: missing initializer for member ‘OptixFunctionTable::optixOpacityMicromapArrayRelocate’ [-Wmissing-field-initializers]
/home/myl/optix7.6/NVIDIA-OptiX-SDK-7.6.0-linux64-x86_64/include/optix_stubs.h:256:36: warning: missing initializer for member ‘OptixFunctionTable::reserved1’ [-Wmissing-field-initializers]
/home/myl/optix7.6/NVIDIA-OptiX-SDK-7.6.0-linux64-x86_64/include/optix_stubs.h:256:36: warning: missing initializer for member ‘OptixFunctionTable::reserved2’ [-Wmissing-field-initializers]
/home/myl/optix7.6/NVIDIA-OptiX-SDK-7.6.0-linux64-x86_64/include/optix_stubs.h:256:36: warning: missing initializer for member ‘OptixFunctionTable::optixSbtRecordPackHeader’ [-Wmissing-field-initializers]
/home/myl/optix7.6/NVIDIA-OptiX-SDK-7.6.0-linux64-x86_64/include/optix_stubs.h:256:36: warning: missing initializer for member ‘OptixFunctionTable::optixLaunch’ [-Wmissing-field-initializers]
/home/myl/optix7.6/NVIDIA-OptiX-SDK-7.6.0-linux64-x86_64/include/optix_stubs.h:256:36: warning: missing initializer for member ‘OptixFunctionTable::optixDenoiserCreate’ [-Wmissing-field-initializers]
/home/myl/optix7.6/NVIDIA-OptiX-SDK-7.6.0-linux64-x86_64/include/optix_stubs.h:256:36: warning: missing initializer for member ‘OptixFunctionTable::optixDenoiserDestroy’ [-Wmissing-field-initializers]
/home/myl/optix7.6/NVIDIA-OptiX-SDK-7.6.0-linux64-x86_64/include/optix_stubs.h:256:36: warning: missing initializer for member ‘OptixFunctionTable::optixDenoiserComputeMemoryResources’ [-Wmissing-field-initializers]
/home/myl/optix7.6/NVIDIA-OptiX-SDK-7.6.0-linux64-x86_64/include/optix_stubs.h:256:36: warning: missing initializer for member ‘OptixFunctionTable::optixDenoiserSetup’ [-Wmissing-field-initializers]
/home/myl/optix7.6/NVIDIA-OptiX-SDK-7.6.0-linux64-x86_64/include/optix_stubs.h:256:36: warning: missing initializer for member ‘OptixFunctionTable::optixDenoiserInvoke’ [-Wmissing-field-initializers]
/home/myl/optix7.6/NVIDIA-OptiX-SDK-7.6.0-linux64-x86_64/include/optix_stubs.h:256:36: warning: missing initializer for member ‘OptixFunctionTable::optixDenoiserComputeIntensity’ [-Wmissing-field-initializers]
/home/myl/optix7.6/NVIDIA-OptiX-SDK-7.6.0-linux64-x86_64/include/optix_stubs.h:256:36: warning: missing initializer for member ‘OptixFunctionTable::optixDenoiserComputeAverageColor’ [-Wmissing-field-initializers]
/home/myl/optix7.6/NVIDIA-OptiX-SDK-7.6.0-linux64-x86_64/include/optix_stubs.h:256:36: warning: missing initializer for member ‘OptixFunctionTable::optixDenoiserCreateWithUserModel’ [-Wmissing-field-initializers]
/home/myl/cache_search/cache/page_cache.cu:29: warning: "CUDA_CHECK" redefined
   29 | #define CUDA_CHECK(expr) cuda_check((expr), #expr, __FILE__, __LINE__)
      | 
In file included from /home/myl/cache_search/cache/../head.h:21,
                 from /home/myl/cache_search/cache/page_cache.h:7,
                 from /home/myl/cache_search/cache/page_cache.cu:1:
/home/myl/cache_search/cache/../helper.h:14: note: this is the location of the previous definition
   14 | #define CUDA_CHECK(call)                                                   \
      | 
In file included from /home/myl/cache_search/head.h:3,
                 from /home/myl/cache_search/entry.h:8,
                 from /home/myl/cache_search/graph.h:2,
                 from /home/myl/cache_search/main.cpp:3:
/home/myl/optix7.6/NVIDIA-OptiX-SDK-7.6.0-linux64-x86_64/include/optix_stubs.h: In function ‘OptixResult optixUninitWithHandle(void*)’:
/home/myl/optix7.6/NVIDIA-OptiX-SDK-7.6.0-linux64-x86_64/include/optix_stubs.h:256:36: warning: missing initializer for member ‘OptixFunctionTable::optixGetErrorString’ [-Wmissing-field-initializers]
  256 |     OptixFunctionTable empty = { 0 };
      |                                    ^
/home/myl/optix7.6/NVIDIA-OptiX-SDK-7.6.0-linux64-x86_64/include/optix_stubs.h:256:36: warning: missing initializer for member ‘OptixFunctionTable::optixDeviceContextCreate’ [-Wmissing-field-initializers]
/home/myl/optix7.6/NVIDIA-OptiX-SDK-7.6.0-linux64-x86_64/include/optix_stubs.h:256:36: warning: missing initializer for member ‘OptixFunctionTable::optixDeviceContextDestroy’ [-Wmissing-field-initializers]
/home/myl/optix7.6/NVIDIA-OptiX-SDK-7.6.0-linux64-x86_64/include/optix_stubs.h:256:36: warning: missing initializer for member ‘OptixFunctionTable::optixDeviceContextGetProperty’ [-Wmissing-field-initializers]
/home/myl/optix7.6/NVIDIA-OptiX-SDK-7.6.0-linux64-x86_64/include/optix_stubs.h:256:36: warning: missing initializer for member ‘OptixFunctionTable::optixDeviceContextSetLogCallback’ [-Wmissing-field-initializers]
/home/myl/optix7.6/NVIDIA-OptiX-SDK-7.6.0-linux64-x86_64/include/optix_stubs.h:256:36: warning: missing initializer for member ‘OptixFunctionTable::optixDeviceContextSetCacheEnabled’ [-Wmissing-field-initializers]
/home/myl/optix7.6/NVIDIA-OptiX-SDK-7.6.0-linux64-x86_64/include/optix_stubs.h:256:36: warning: missing initializer for member ‘OptixFunctionTable::optixDeviceContextSetCacheLocation’ [-Wmissing-field-initializers]
/home/myl/optix7.6/NVIDIA-OptiX-SDK-7.6.0-linux64-x86_64/include/optix_stubs.h:256:36: warning: missing initializer for member ‘OptixFunctionTable::optixDeviceContextSetCacheDatabaseSizes’ [-Wmissing-field-initializers]
/home/myl/optix7.6/NVIDIA-OptiX-SDK-7.6.0-linux64-x86_64/include/optix_stubs.h:256:36: warning: missing initializer for member ‘OptixFunctionTable::optixDeviceContextGetCacheEnabled’ [-Wmissing-field-initializers]
/home/myl/optix7.6/NVIDIA-OptiX-SDK-7.6.0-linux64-x86_64/include/optix_stubs.h:256:36: warning: missing initializer for member ‘OptixFunctionTable::optixDeviceContextGetCacheLocation’ [-Wmissing-field-initializers]
/home/myl/optix7.6/NVIDIA-OptiX-SDK-7.6.0-linux64-x86_64/include/optix_stubs.h:256:36: warning: missing initializer for member ‘OptixFunctionTable::optixDeviceContextGetCacheDatabaseSizes’ [-Wmissing-field-initializers]
/home/myl/optix7.6/NVIDIA-OptiX-SDK-7.6.0-linux64-x86_64/include/optix_stubs.h:256:36: warning: missing initializer for member ‘OptixFunctionTable::optixModuleCreateFromPTX’ [-Wmissing-field-initializers]
/home/myl/optix7.6/NVIDIA-OptiX-SDK-7.6.0-linux64-x86_64/include/optix_stubs.h:256:36: warning: missing initializer for member ‘OptixFunctionTable::optixModuleCreateFromPTXWithTasks’ [-Wmissing-field-initializers]
/home/myl/optix7.6/NVIDIA-OptiX-SDK-7.6.0-linux64-x86_64/include/optix_stubs.h:256:36: warning: missing initializer for member ‘OptixFunctionTable::optixModuleGetCompilationState’ [-Wmissing-field-initializers]
/home/myl/optix7.6/NVIDIA-OptiX-SDK-7.6.0-linux64-x86_64/include/optix_stubs.h:256:36: warning: missing initializer for member ‘OptixFunctionTable::optixModuleDestroy’ [-Wmissing-field-initializers]
/home/myl/optix7.6/NVIDIA-OptiX-SDK-7.6.0-linux64-x86_64/include/optix_stubs.h:256:36: warning: missing initializer for member ‘OptixFunctionTable::optixBuiltinISModuleGet’ [-Wmissing-field-initializers]
/home/myl/optix7.6/NVIDIA-OptiX-SDK-7.6.0-linux64-x86_64/include/optix_stubs.h:256:36: warning: missing initializer for member ‘OptixFunctionTable::optixTaskExecute’ [-Wmissing-field-initializers]
/home/myl/optix7.6/NVIDIA-OptiX-SDK-7.6.0-linux64-x86_64/include/optix_stubs.h:256:36: warning: missing initializer for member ‘OptixFunctionTable::optixProgramGroupCreate’ [-Wmissing-field-initializers]
/home/myl/optix7.6/NVIDIA-OptiX-SDK-7.6.0-linux64-x86_64/include/optix_stubs.h:256:36: warning: missing initializer for member ‘OptixFunctionTable::optixProgramGroupDestroy’ [-Wmissing-field-initializers]
/home/myl/optix7.6/NVIDIA-OptiX-SDK-7.6.0-linux64-x86_64/include/optix_stubs.h:256:36: warning: missing initializer for member ‘OptixFunctionTable::optixProgramGroupGetStackSize’ [-Wmissing-field-initializers]
/home/myl/optix7.6/NVIDIA-OptiX-SDK-7.6.0-linux64-x86_64/include/optix_stubs.h:256:36: warning: missing initializer for member ‘OptixFunctionTable::optixPipelineCreate’ [-Wmissing-field-initializers]
/home/myl/optix7.6/NVIDIA-OptiX-SDK-7.6.0-linux64-x86_64/include/optix_stubs.h:256:36: warning: missing initializer for member ‘OptixFunctionTable::optixPipelineDestroy’ [-Wmissing-field-initializers]
/home/myl/optix7.6/NVIDIA-OptiX-SDK-7.6.0-linux64-x86_64/include/optix_stubs.h:256:36: warning: missing initializer for member ‘OptixFunctionTable::optixPipelineSetStackSize’ [-Wmissing-field-initializers]
/home/myl/optix7.6/NVIDIA-OptiX-SDK-7.6.0-linux64-x86_64/include/optix_stubs.h:256:36: warning: missing initializer for member ‘OptixFunctionTable::optixAccelComputeMemoryUsage’ [-Wmissing-field-initializers]
/home/myl/optix7.6/NVIDIA-OptiX-SDK-7.6.0-linux64-x86_64/include/optix_stubs.h:256:36: warning: missing initializer for member ‘OptixFunctionTable::optixAccelBuild’ [-Wmissing-field-initializers]
/home/myl/optix7.6/NVIDIA-OptiX-SDK-7.6.0-linux64-x86_64/include/optix_stubs.h:256:36: warning: missing initializer for member ‘OptixFunctionTable::optixAccelGetRelocationInfo’ [-Wmissing-field-initializers]
/home/myl/optix7.6/NVIDIA-OptiX-SDK-7.6.0-linux64-x86_64/include/optix_stubs.h:256:36: warning: missing initializer for member ‘OptixFunctionTable::optixCheckRelocationCompatibility’ [-Wmissing-field-initializers]
/home/myl/optix7.6/NVIDIA-OptiX-SDK-7.6.0-linux64-x86_64/include/optix_stubs.h:256:36: warning: missing initializer for member ‘OptixFunctionTable::optixAccelRelocate’ [-Wmissing-field-initializers]
/home/myl/optix7.6/NVIDIA-OptiX-SDK-7.6.0-linux64-x86_64/include/optix_stubs.h:256:36: warning: missing initializer for member ‘OptixFunctionTable::optixAccelCompact’ [-Wmissing-field-initializers]
/home/myl/optix7.6/NVIDIA-OptiX-SDK-7.6.0-linux64-x86_64/include/optix_stubs.h:256:36: warning: missing initializer for member ‘OptixFunctionTable::optixConvertPointerToTraversableHandle’ [-Wmissing-field-initializers]
/home/myl/optix7.6/NVIDIA-OptiX-SDK-7.6.0-linux64-x86_64/include/optix_stubs.h:256:36: warning: missing initializer for member ‘OptixFunctionTable::optixOpacityMicromapArrayComputeMemoryUsage’ [-Wmissing-field-initializers]
/home/myl/optix7.6/NVIDIA-OptiX-SDK-7.6.0-linux64-x86_64/include/optix_stubs.h:256:36: warning: missing initializer for member ‘OptixFunctionTable::optixOpacityMicromapArrayBuild’ [-Wmissing-field-initializers]
/home/myl/optix7.6/NVIDIA-OptiX-SDK-7.6.0-linux64-x86_64/include/optix_stubs.h:256:36: warning: missing initializer for member ‘OptixFunctionTable::optixOpacityMicromapArrayGetRelocationInfo’ [-Wmissing-field-initializers]
/home/myl/optix7.6/NVIDIA-OptiX-SDK-7.6.0-linux64-x86_64/include/optix_stubs.h:256:36: warning: missing initializer for member ‘OptixFunctionTable::optixOpacityMicromapArrayRelocate’ [-Wmissing-field-initializers]
/home/myl/optix7.6/NVIDIA-OptiX-SDK-7.6.0-linux64-x86_64/include/optix_stubs.h:256:36: warning: missing initializer for member ‘OptixFunctionTable::reserved1’ [-Wmissing-field-initializers]
/home/myl/optix7.6/NVIDIA-OptiX-SDK-7.6.0-linux64-x86_64/include/optix_stubs.h:256:36: warning: missing initializer for member ‘OptixFunctionTable::reserved2’ [-Wmissing-field-initializers]
/home/myl/optix7.6/NVIDIA-OptiX-SDK-7.6.0-linux64-x86_64/include/optix_stubs.h:256:36: warning: missing initializer for member ‘OptixFunctionTable::optixSbtRecordPackHeader’ [-Wmissing-field-initializers]
/home/myl/optix7.6/NVIDIA-OptiX-SDK-7.6.0-linux64-x86_64/include/optix_stubs.h:256:36: warning: missing initializer for member ‘OptixFunctionTable::optixLaunch’ [-Wmissing-field-initializers]
/home/myl/optix7.6/NVIDIA-OptiX-SDK-7.6.0-linux64-x86_64/include/optix_stubs.h:256:36: warning: missing initializer for member ‘OptixFunctionTable::optixDenoiserCreate’ [-Wmissing-field-initializers]
/home/myl/optix7.6/NVIDIA-OptiX-SDK-7.6.0-linux64-x86_64/include/optix_stubs.h:256:36: warning: missing initializer for member ‘OptixFunctionTable::optixDenoiserDestroy’ [-Wmissing-field-initializers]
/home/myl/optix7.6/NVIDIA-OptiX-SDK-7.6.0-linux64-x86_64/include/optix_stubs.h:256:36: warning: missing initializer for member ‘OptixFunctionTable::optixDenoiserComputeMemoryResources’ [-Wmissing-field-initializers]
/home/myl/optix7.6/NVIDIA-OptiX-SDK-7.6.0-linux64-x86_64/include/optix_stubs.h:256:36: warning: missing initializer for member ‘OptixFunctionTable::optixDenoiserSetup’ [-Wmissing-field-initializers]
/home/myl/optix7.6/NVIDIA-OptiX-SDK-7.6.0-linux64-x86_64/include/optix_stubs.h:256:36: warning: missing initializer for member ‘OptixFunctionTable::optixDenoiserInvoke’ [-Wmissing-field-initializers]
/home/myl/optix7.6/NVIDIA-OptiX-SDK-7.6.0-linux64-x86_64/include/optix_stubs.h:256:36: warning: missing initializer for member ‘OptixFunctionTable::optixDenoiserComputeIntensity’ [-Wmissing-field-initializers]
/home/myl/optix7.6/NVIDIA-OptiX-SDK-7.6.0-linux64-x86_64/include/optix_stubs.h:256:36: warning: missing initializer for member ‘OptixFunctionTable::optixDenoiserComputeAverageColor’ [-Wmissing-field-initializers]
/home/myl/optix7.6/NVIDIA-OptiX-SDK-7.6.0-linux64-x86_64/include/optix_stubs.h:256:36: warning: missing initializer for member ‘OptixFunctionTable::optixDenoiserCreateWithUserModel’ [-Wmissing-field-initializers]
/home/myl/cache_search/cache/page_cache.cu:29: warning: "CUDA_CHECK" redefined
   29 | #define CUDA_CHECK(expr) cuda_check((expr), #expr, __FILE__, __LINE__)
      | 
In file included from /home/myl/cache_search/cache/../head.h:21,
                 from /home/myl/cache_search/cache/page_cache.h:7,
                 from /home/myl/cache_search/cache/page_cache.cu:1:
/home/myl/cache_search/cache/../helper.h:14: note: this is the location of the previous definition
   14 | #define CUDA_CHECK(call)                                                   \
      | 
/home/myl/cache_search/cache/page_cache.cu:29: warning: "CUDA_CHECK" redefined
   29 | #define CUDA_CHECK(expr) cuda_check((expr), #expr, __FILE__, __LINE__)
      | 
In file included from /home/myl/cache_search/cache/../head.h:21,
                 from /home/myl/cache_search/cache/page_cache.h:7,
                 from /home/myl/cache_search/cache/page_cache.cu:1:
/home/myl/cache_search/cache/../helper.h:14: note: this is the location of the previous definition
   14 | #define CUDA_CHECK(call)                                                   \
      | 
In file included from /home/myl/cache_search/graph.h:3,
                 from /home/myl/cache_search/main.cpp:3:
/home/myl/cache_search/pca/pca.h: In constructor ‘PCA::PCA(float*, uint, uint)’:
/home/myl/cache_search/pca/pca.h:17:23: warning: comparison of integer expressions of different signedness: ‘int’ and ‘uint’ {aka ‘unsigned int’} [-Wsign-compare]
   17 |     for (int i = 0; i < nb; i++) {
      |                     ~~^~~~
/home/myl/cache_search/pca/pca.h:18:25: warning: comparison of integer expressions of different signedness: ‘int’ and ‘uint’ {aka ‘unsigned int’} [-Wsign-compare]
   18 |       for (int j = 0; j < dim; j++) {
      |                       ~~^~~~~
/home/myl/cache_search/main.cpp: In function ‘int main(int, char**)’:
/home/myl/cache_search/main.cpp:91:9: warning: unused variable ‘datafile’ [-Wunused-variable]
   91 |   char* datafile = (char*)FLAGS_data_path.c_str();
      |         ^~~~~~~~
/home/myl/cache_search/main.cpp:92:9: warning: unused variable ‘queryfile’ [-Wunused-variable]
   92 |   char* queryfile = (char*)FLAGS_query_path.c_str();
      |         ^~~~~~~~~
/home/myl/cache_search/main.cpp:93:9: warning: unused variable ‘gtfile’ [-Wunused-variable]
   93 |   char* gtfile = (char*)FLAGS_gt_path.c_str();
      |         ^~~~~~
/home/myl/cache_search/file_read.cu(138): warning #1650-D: result of call is not used
    fscanf(file, "%d %d", &n, &d);
    ^

Remark: The warnings can be suppressed with "-diag-suppress <warning-number>"

/home/myl/cache_search/file_read.cu(142): warning #1650-D: result of call is not used
        fscanf(file, "%f,", &data[i * d + j]);
        ^

/home/myl/cache_search/file_read.cu(144): warning #1650-D: result of call is not used
      fscanf(file, "%f", &data[i * d + d - 1]);
      ^

/home/myl/cache_search/file_read.cu(206): warning #1650-D: result of call is not used
    fread(&d, sizeof(d), 1, file);
    ^

/home/myl/cache_search/file_read.cu(208): warning #1650-D: result of call is not used
    fread(data_ptr, sizeof(float), n*d, file);
    ^

/home/myl/cache_search/file_read.cu(138): warning #1650-D: result of call is not used
    fscanf(file, "%d %d", &n, &d);
    ^

Remark: The warnings can be suppressed with "-diag-suppress <warning-number>"

/home/myl/cache_search/file_read.cu(142): warning #1650-D: result of call is not used
        fscanf(file, "%f,", &data[i * d + j]);
        ^

/home/myl/cache_search/file_read.cu(144): warning #1650-D: result of call is not used
      fscanf(file, "%f", &data[i * d + d - 1]);
      ^

/home/myl/cache_search/file_read.cu(206): warning #1650-D: result of call is not used
    fread(&d, sizeof(d), 1, file);
    ^

/home/myl/cache_search/file_read.cu(208): warning #1650-D: result of call is not used
    fread(data_ptr, sizeof(float), n*d, file);
    ^

/home/myl/cache_search/graph_helper.cu(222): warning #177-D: variable "max_threads" was declared but never referenced
    int max_threads = 64;
        ^

Remark: The warnings can be suppressed with "-diag-suppress <warning-number>"

/home/myl/cache_search/graph_search.cuh(167): warning #177-D: variable "random_entry_seed" was declared but never referenced
    uint random_entry_seed = b_id*blockSize + t_id;
         ^

Remark: The warnings can be suppressed with "-diag-suppress <warning-number>"

/home/myl/cache_search/file_read.cu(138): warning #1650-D: result of call is not used
    fscanf(file, "%d %d", &n, &d);
    ^

Remark: The warnings can be suppressed with "-diag-suppress <warning-number>"

/home/myl/cache_search/file_read.cu(142): warning #1650-D: result of call is not used
        fscanf(file, "%f,", &data[i * d + j]);
        ^

/home/myl/cache_search/file_read.cu(144): warning #1650-D: result of call is not used
      fscanf(file, "%f", &data[i * d + d - 1]);
      ^

/home/myl/cache_search/file_read.cu(206): warning #1650-D: result of call is not used
    fread(&d, sizeof(d), 1, file);
    ^

/home/myl/cache_search/file_read.cu(208): warning #1650-D: result of call is not used
    fread(data_ptr, sizeof(float), n*d, file);
    ^

/home/myl/cache_search/graph_helper.cu(222): warning #177-D: variable "max_threads" was declared but never referenced
    int max_threads = 64;
        ^

Remark: The warnings can be suppressed with "-diag-suppress <warning-number>"

/home/myl/cache_search/file_read.cu: In static member function ‘static void file_read::read_txt_file(const char*, int&, int&, thrust::host_vector<float>&)’:
/home/myl/cache_search/file_read.cu:138:7: warning: ignoring return value of ‘int fscanf(FILE*, const char*, ...)’ declared with attribute ‘warn_unused_result’ [-Wunused-result]
  138 |   fscanf(file, "%d %d", &n, &d);
      |   ~~~~^~~~~~~~~~~~~~~~~~~~~~~
/home/myl/cache_search/file_read.cu:142:7: warning: ignoring return value of ‘int fscanf(FILE*, const char*, ...)’ declared with attribute ‘warn_unused_result’ [-Wunused-result]
  142 |       fscanf(file, "%f,", &data[i * d + j]);
      |       ^~~~~~~~~~~~~~~~~~~~~~~~~~~~~~~~~
/home/myl/cache_search/file_read.cu:144:7: warning: ignoring return value of ‘int fscanf(FILE*, const char*, ...)’ declared with attribute ‘warn_unused_result’ [-Wunused-result]
  144 |     fscanf(file, "%f", &data[i * d + d - 1]);
      |     ~~^~~~~~~~~~~~~~~~~~~~~~~~~~~~~~~~~~~~~~
/home/myl/cache_search/file_read.cu: In static member function ‘static void file_read::read_hvecs_file(const char*, int&, int&, thrust::host_vector<float>&)’:
/home/myl/cache_search/file_read.cu:206:6: warning: ignoring return value of ‘size_t fread(void*, size_t, size_t, FILE*)’ declared with attribute ‘warn_unused_result’ [-Wunused-result]
  206 |   fread(&d, sizeof(d), 1, file);
      |   ~~~^~~~~~~~~~~~~~~~~~~~~~~
/home/myl/cache_search/file_read.cu:208:6: warning: ignoring return value of ‘size_t fread(void*, size_t, size_t, FILE*)’ declared with attribute ‘warn_unused_result’ [-Wunused-result]
  208 |   fread(data_ptr, sizeof(float), n*d, file);
      |   ~~~^~~~~~~~~~~~~~~~~~~~~~~~~~~~~~~~~~~~~~
/home/myl/cache_search/graph_search.cuh(167): warning #177-D: variable "random_entry_seed" was declared but never referenced
    uint random_entry_seed = b_id*blockSize + t_id;
         ^

Remark: The warnings can be suppressed with "-diag-suppress <warning-number>"

[ 73%] Linking CXX executable /home/myl/cache_search/bin/test
[100%] Built target test
正在运行 ./test --ALGO=1 --topk=0 --n_candidates=1024 --expand_ratio=0.2 --point_ratio=0.00001024 --search_width=4 --t=50 --n_cluster=1000  --max_iter=1000 ...
Total GPUs visible: 6, using [3]: NVIDIA L40
Available Memory: 44940 MB, Total Memory: 45372 MB
Shared memory per block: 49152 bytes
Shared memory per SM   : 102400 bytes
Shared memory per block (optin): 101376 bytes
Input
n = 10000, d = 128
np = 100000000, dim = 128
Cluster number: 10000
Centroids read successfully
Input: copy points to device
Input: finish copy points to device
degree = 64
RB_Graph: finish read or build graph
Projection: reading pca base file /mnt/IntelP5520_8T_1/myl/cache_search/data/sift100M/rotated_base.fbin
read PCA file
sizeof_points = 12800000000
Projection: finish reading pca base file
BlockUp function
reading AABB from file /mnt/IntelP5520_8T_1/myl/cache_search/data/sift100M/1024_0.aabbs
Create context
Create module
Create program groups
Create pipeline
Create SBT
BVH Building Time = 0.451104 ms
batch_size = 5
time build_query_batches: 0.033906 ms
time pca projection: 0.176642 ms
time rt_entry search: 0.087508 ms
time graph search: 40780.8 ms
compute_dim = 23939724116
compute_dis = 544084639
average dimensions per distance computation = 44
time total search time: 40781.1 ms
checking results...
gt_k = 1000
recall1@1024 = 0.999800
recall10@1024 = 0.998960
recall100@1024 = 0.989887
recall1000@1024 = 0.654933
Free memory: 3108 MB
Total memory: 45372 MB
Used memory: 42264 MB
Clean up RT ...
Finish cleaning up RT
完成 DIM = 44 的测试

==================================================
正在处理: DIM = 43
==================================================
[ 13%] Built target compute_pca
[ 17%] Building NVCC ptx file cuda_compile_ptx_1_generated_devicePrograms.cu.ptx
[ 21%] compiling (and embedding ptx from) devicePrograms.cu
[ 26%] Building C object CMakeFiles/test.dir/cuda_compile_ptx_1_generated_devicePrograms.cu.ptx_embedded.c.o
[ 30%] Building CXX object CMakeFiles/test.dir/main.cpp.o
[ 34%] Building CUDA object CMakeFiles/test.dir/aabb.cu.o
[ 39%] Building CUDA object CMakeFiles/test.dir/entry.cu.o
[ 43%] Building CUDA object CMakeFiles/test.dir/entry_helper.cu.o
[ 47%] Building CUDA object CMakeFiles/test.dir/matrix.cu.o
nvcc warning : incompatible redefinition for option 'std', the last value of this option was used
[ 56%] Building CXX object CMakeFiles/test.dir/raytracing.cpp.o
[ 56%] Building CUDA object CMakeFiles/test.dir/file_read.cu.o
nvcc warning : incompatible redefinition for option 'std', the last value of this option was used
nvcc warning : incompatible redefinition for option 'std', the last value of this option was used
[ 60%] Building CUDA object CMakeFiles/test.dir/graph.cu.o
nvcc warning : incompatible redefinition for option 'std', the last value of this option was used
[ 65%] Building CUDA object CMakeFiles/test.dir/graph_helper.cu.o
[ 69%] Building CUDA object CMakeFiles/test.dir/cache/page_cache.cu.o
nvcc warning : incompatible redefinition for option 'std', the last value of this option was used
nvcc warning : incompatible redefinition for option 'std', the last value of this option was used
nvcc warning : incompatible redefinition for option 'std', the last value of this option was used
nvcc warning : incompatible redefinition for option 'std', the last value of this option was used
In file included from /home/myl/cache_search/head.h:3,
                 from /home/myl/cache_search/raytracing.h:3,
                 from /home/myl/cache_search/raytracing.cpp:2:
/home/myl/optix7.6/NVIDIA-OptiX-SDK-7.6.0-linux64-x86_64/include/optix_stubs.h: In function ‘OptixResult optixUninitWithHandle(void*)’:
/home/myl/optix7.6/NVIDIA-OptiX-SDK-7.6.0-linux64-x86_64/include/optix_stubs.h:256:36: warning: missing initializer for member ‘OptixFunctionTable::optixGetErrorString’ [-Wmissing-field-initializers]
  256 |     OptixFunctionTable empty = { 0 };
      |                                    ^
/home/myl/optix7.6/NVIDIA-OptiX-SDK-7.6.0-linux64-x86_64/include/optix_stubs.h:256:36: warning: missing initializer for member ‘OptixFunctionTable::optixDeviceContextCreate’ [-Wmissing-field-initializers]
/home/myl/optix7.6/NVIDIA-OptiX-SDK-7.6.0-linux64-x86_64/include/optix_stubs.h:256:36: warning: missing initializer for member ‘OptixFunctionTable::optixDeviceContextDestroy’ [-Wmissing-field-initializers]
/home/myl/optix7.6/NVIDIA-OptiX-SDK-7.6.0-linux64-x86_64/include/optix_stubs.h:256:36: warning: missing initializer for member ‘OptixFunctionTable::optixDeviceContextGetProperty’ [-Wmissing-field-initializers]
/home/myl/optix7.6/NVIDIA-OptiX-SDK-7.6.0-linux64-x86_64/include/optix_stubs.h:256:36: warning: missing initializer for member ‘OptixFunctionTable::optixDeviceContextSetLogCallback’ [-Wmissing-field-initializers]
/home/myl/optix7.6/NVIDIA-OptiX-SDK-7.6.0-linux64-x86_64/include/optix_stubs.h:256:36: warning: missing initializer for member ‘OptixFunctionTable::optixDeviceContextSetCacheEnabled’ [-Wmissing-field-initializers]
/home/myl/optix7.6/NVIDIA-OptiX-SDK-7.6.0-linux64-x86_64/include/optix_stubs.h:256:36: warning: missing initializer for member ‘OptixFunctionTable::optixDeviceContextSetCacheLocation’ [-Wmissing-field-initializers]
/home/myl/optix7.6/NVIDIA-OptiX-SDK-7.6.0-linux64-x86_64/include/optix_stubs.h:256:36: warning: missing initializer for member ‘OptixFunctionTable::optixDeviceContextSetCacheDatabaseSizes’ [-Wmissing-field-initializers]
/home/myl/optix7.6/NVIDIA-OptiX-SDK-7.6.0-linux64-x86_64/include/optix_stubs.h:256:36: warning: missing initializer for member ‘OptixFunctionTable::optixDeviceContextGetCacheEnabled’ [-Wmissing-field-initializers]
/home/myl/optix7.6/NVIDIA-OptiX-SDK-7.6.0-linux64-x86_64/include/optix_stubs.h:256:36: warning: missing initializer for member ‘OptixFunctionTable::optixDeviceContextGetCacheLocation’ [-Wmissing-field-initializers]
/home/myl/optix7.6/NVIDIA-OptiX-SDK-7.6.0-linux64-x86_64/include/optix_stubs.h:256:36: warning: missing initializer for member ‘OptixFunctionTable::optixDeviceContextGetCacheDatabaseSizes’ [-Wmissing-field-initializers]
/home/myl/optix7.6/NVIDIA-OptiX-SDK-7.6.0-linux64-x86_64/include/optix_stubs.h:256:36: warning: missing initializer for member ‘OptixFunctionTable::optixModuleCreateFromPTX’ [-Wmissing-field-initializers]
/home/myl/optix7.6/NVIDIA-OptiX-SDK-7.6.0-linux64-x86_64/include/optix_stubs.h:256:36: warning: missing initializer for member ‘OptixFunctionTable::optixModuleCreateFromPTXWithTasks’ [-Wmissing-field-initializers]
/home/myl/optix7.6/NVIDIA-OptiX-SDK-7.6.0-linux64-x86_64/include/optix_stubs.h:256:36: warning: missing initializer for member ‘OptixFunctionTable::optixModuleGetCompilationState’ [-Wmissing-field-initializers]
/home/myl/optix7.6/NVIDIA-OptiX-SDK-7.6.0-linux64-x86_64/include/optix_stubs.h:256:36: warning: missing initializer for member ‘OptixFunctionTable::optixModuleDestroy’ [-Wmissing-field-initializers]
/home/myl/optix7.6/NVIDIA-OptiX-SDK-7.6.0-linux64-x86_64/include/optix_stubs.h:256:36: warning: missing initializer for member ‘OptixFunctionTable::optixBuiltinISModuleGet’ [-Wmissing-field-initializers]
/home/myl/optix7.6/NVIDIA-OptiX-SDK-7.6.0-linux64-x86_64/include/optix_stubs.h:256:36: warning: missing initializer for member ‘OptixFunctionTable::optixTaskExecute’ [-Wmissing-field-initializers]
/home/myl/optix7.6/NVIDIA-OptiX-SDK-7.6.0-linux64-x86_64/include/optix_stubs.h:256:36: warning: missing initializer for member ‘OptixFunctionTable::optixProgramGroupCreate’ [-Wmissing-field-initializers]
/home/myl/optix7.6/NVIDIA-OptiX-SDK-7.6.0-linux64-x86_64/include/optix_stubs.h:256:36: warning: missing initializer for member ‘OptixFunctionTable::optixProgramGroupDestroy’ [-Wmissing-field-initializers]
/home/myl/optix7.6/NVIDIA-OptiX-SDK-7.6.0-linux64-x86_64/include/optix_stubs.h:256:36: warning: missing initializer for member ‘OptixFunctionTable::optixProgramGroupGetStackSize’ [-Wmissing-field-initializers]
/home/myl/optix7.6/NVIDIA-OptiX-SDK-7.6.0-linux64-x86_64/include/optix_stubs.h:256:36: warning: missing initializer for member ‘OptixFunctionTable::optixPipelineCreate’ [-Wmissing-field-initializers]
/home/myl/optix7.6/NVIDIA-OptiX-SDK-7.6.0-linux64-x86_64/include/optix_stubs.h:256:36: warning: missing initializer for member ‘OptixFunctionTable::optixPipelineDestroy’ [-Wmissing-field-initializers]
/home/myl/optix7.6/NVIDIA-OptiX-SDK-7.6.0-linux64-x86_64/include/optix_stubs.h:256:36: warning: missing initializer for member ‘OptixFunctionTable::optixPipelineSetStackSize’ [-Wmissing-field-initializers]
/home/myl/optix7.6/NVIDIA-OptiX-SDK-7.6.0-linux64-x86_64/include/optix_stubs.h:256:36: warning: missing initializer for member ‘OptixFunctionTable::optixAccelComputeMemoryUsage’ [-Wmissing-field-initializers]
/home/myl/optix7.6/NVIDIA-OptiX-SDK-7.6.0-linux64-x86_64/include/optix_stubs.h:256:36: warning: missing initializer for member ‘OptixFunctionTable::optixAccelBuild’ [-Wmissing-field-initializers]
/home/myl/optix7.6/NVIDIA-OptiX-SDK-7.6.0-linux64-x86_64/include/optix_stubs.h:256:36: warning: missing initializer for member ‘OptixFunctionTable::optixAccelGetRelocationInfo’ [-Wmissing-field-initializers]
/home/myl/optix7.6/NVIDIA-OptiX-SDK-7.6.0-linux64-x86_64/include/optix_stubs.h:256:36: warning: missing initializer for member ‘OptixFunctionTable::optixCheckRelocationCompatibility’ [-Wmissing-field-initializers]
/home/myl/optix7.6/NVIDIA-OptiX-SDK-7.6.0-linux64-x86_64/include/optix_stubs.h:256:36: warning: missing initializer for member ‘OptixFunctionTable::optixAccelRelocate’ [-Wmissing-field-initializers]
/home/myl/optix7.6/NVIDIA-OptiX-SDK-7.6.0-linux64-x86_64/include/optix_stubs.h:256:36: warning: missing initializer for member ‘OptixFunctionTable::optixAccelCompact’ [-Wmissing-field-initializers]
/home/myl/optix7.6/NVIDIA-OptiX-SDK-7.6.0-linux64-x86_64/include/optix_stubs.h:256:36: warning: missing initializer for member ‘OptixFunctionTable::optixConvertPointerToTraversableHandle’ [-Wmissing-field-initializers]
/home/myl/optix7.6/NVIDIA-OptiX-SDK-7.6.0-linux64-x86_64/include/optix_stubs.h:256:36: warning: missing initializer for member ‘OptixFunctionTable::optixOpacityMicromapArrayComputeMemoryUsage’ [-Wmissing-field-initializers]
/home/myl/optix7.6/NVIDIA-OptiX-SDK-7.6.0-linux64-x86_64/include/optix_stubs.h:256:36: warning: missing initializer for member ‘OptixFunctionTable::optixOpacityMicromapArrayBuild’ [-Wmissing-field-initializers]
/home/myl/optix7.6/NVIDIA-OptiX-SDK-7.6.0-linux64-x86_64/include/optix_stubs.h:256:36: warning: missing initializer for member ‘OptixFunctionTable::optixOpacityMicromapArrayGetRelocationInfo’ [-Wmissing-field-initializers]
/home/myl/optix7.6/NVIDIA-OptiX-SDK-7.6.0-linux64-x86_64/include/optix_stubs.h:256:36: warning: missing initializer for member ‘OptixFunctionTable::optixOpacityMicromapArrayRelocate’ [-Wmissing-field-initializers]
/home/myl/optix7.6/NVIDIA-OptiX-SDK-7.6.0-linux64-x86_64/include/optix_stubs.h:256:36: warning: missing initializer for member ‘OptixFunctionTable::reserved1’ [-Wmissing-field-initializers]
/home/myl/optix7.6/NVIDIA-OptiX-SDK-7.6.0-linux64-x86_64/include/optix_stubs.h:256:36: warning: missing initializer for member ‘OptixFunctionTable::reserved2’ [-Wmissing-field-initializers]
/home/myl/optix7.6/NVIDIA-OptiX-SDK-7.6.0-linux64-x86_64/include/optix_stubs.h:256:36: warning: missing initializer for member ‘OptixFunctionTable::optixSbtRecordPackHeader’ [-Wmissing-field-initializers]
/home/myl/optix7.6/NVIDIA-OptiX-SDK-7.6.0-linux64-x86_64/include/optix_stubs.h:256:36: warning: missing initializer for member ‘OptixFunctionTable::optixLaunch’ [-Wmissing-field-initializers]
/home/myl/optix7.6/NVIDIA-OptiX-SDK-7.6.0-linux64-x86_64/include/optix_stubs.h:256:36: warning: missing initializer for member ‘OptixFunctionTable::optixDenoiserCreate’ [-Wmissing-field-initializers]
/home/myl/optix7.6/NVIDIA-OptiX-SDK-7.6.0-linux64-x86_64/include/optix_stubs.h:256:36: warning: missing initializer for member ‘OptixFunctionTable::optixDenoiserDestroy’ [-Wmissing-field-initializers]
/home/myl/optix7.6/NVIDIA-OptiX-SDK-7.6.0-linux64-x86_64/include/optix_stubs.h:256:36: warning: missing initializer for member ‘OptixFunctionTable::optixDenoiserComputeMemoryResources’ [-Wmissing-field-initializers]
/home/myl/optix7.6/NVIDIA-OptiX-SDK-7.6.0-linux64-x86_64/include/optix_stubs.h:256:36: warning: missing initializer for member ‘OptixFunctionTable::optixDenoiserSetup’ [-Wmissing-field-initializers]
/home/myl/optix7.6/NVIDIA-OptiX-SDK-7.6.0-linux64-x86_64/include/optix_stubs.h:256:36: warning: missing initializer for member ‘OptixFunctionTable::optixDenoiserInvoke’ [-Wmissing-field-initializers]
/home/myl/optix7.6/NVIDIA-OptiX-SDK-7.6.0-linux64-x86_64/include/optix_stubs.h:256:36: warning: missing initializer for member ‘OptixFunctionTable::optixDenoiserComputeIntensity’ [-Wmissing-field-initializers]
/home/myl/optix7.6/NVIDIA-OptiX-SDK-7.6.0-linux64-x86_64/include/optix_stubs.h:256:36: warning: missing initializer for member ‘OptixFunctionTable::optixDenoiserComputeAverageColor’ [-Wmissing-field-initializers]
/home/myl/optix7.6/NVIDIA-OptiX-SDK-7.6.0-linux64-x86_64/include/optix_stubs.h:256:36: warning: missing initializer for member ‘OptixFunctionTable::optixDenoiserCreateWithUserModel’ [-Wmissing-field-initializers]
/home/myl/cache_search/cache/page_cache.cu:29: warning: "CUDA_CHECK" redefined
   29 | #define CUDA_CHECK(expr) cuda_check((expr), #expr, __FILE__, __LINE__)
      | 
In file included from /home/myl/cache_search/cache/../head.h:21,
                 from /home/myl/cache_search/cache/page_cache.h:7,
                 from /home/myl/cache_search/cache/page_cache.cu:1:
/home/myl/cache_search/cache/../helper.h:14: note: this is the location of the previous definition
   14 | #define CUDA_CHECK(call)                                                   \
      | 
In file included from /home/myl/cache_search/head.h:3,
                 from /home/myl/cache_search/entry.h:8,
                 from /home/myl/cache_search/graph.h:2,
                 from /home/myl/cache_search/main.cpp:3:
/home/myl/optix7.6/NVIDIA-OptiX-SDK-7.6.0-linux64-x86_64/include/optix_stubs.h: In function ‘OptixResult optixUninitWithHandle(void*)’:
/home/myl/optix7.6/NVIDIA-OptiX-SDK-7.6.0-linux64-x86_64/include/optix_stubs.h:256:36: warning: missing initializer for member ‘OptixFunctionTable::optixGetErrorString’ [-Wmissing-field-initializers]
  256 |     OptixFunctionTable empty = { 0 };
      |                                    ^
/home/myl/optix7.6/NVIDIA-OptiX-SDK-7.6.0-linux64-x86_64/include/optix_stubs.h:256:36: warning: missing initializer for member ‘OptixFunctionTable::optixDeviceContextCreate’ [-Wmissing-field-initializers]
/home/myl/optix7.6/NVIDIA-OptiX-SDK-7.6.0-linux64-x86_64/include/optix_stubs.h:256:36: warning: missing initializer for member ‘OptixFunctionTable::optixDeviceContextDestroy’ [-Wmissing-field-initializers]
/home/myl/optix7.6/NVIDIA-OptiX-SDK-7.6.0-linux64-x86_64/include/optix_stubs.h:256:36: warning: missing initializer for member ‘OptixFunctionTable::optixDeviceContextGetProperty’ [-Wmissing-field-initializers]
/home/myl/optix7.6/NVIDIA-OptiX-SDK-7.6.0-linux64-x86_64/include/optix_stubs.h:256:36: warning: missing initializer for member ‘OptixFunctionTable::optixDeviceContextSetLogCallback’ [-Wmissing-field-initializers]
/home/myl/optix7.6/NVIDIA-OptiX-SDK-7.6.0-linux64-x86_64/include/optix_stubs.h:256:36: warning: missing initializer for member ‘OptixFunctionTable::optixDeviceContextSetCacheEnabled’ [-Wmissing-field-initializers]
/home/myl/optix7.6/NVIDIA-OptiX-SDK-7.6.0-linux64-x86_64/include/optix_stubs.h:256:36: warning: missing initializer for member ‘OptixFunctionTable::optixDeviceContextSetCacheLocation’ [-Wmissing-field-initializers]
/home/myl/optix7.6/NVIDIA-OptiX-SDK-7.6.0-linux64-x86_64/include/optix_stubs.h:256:36: warning: missing initializer for member ‘OptixFunctionTable::optixDeviceContextSetCacheDatabaseSizes’ [-Wmissing-field-initializers]
/home/myl/optix7.6/NVIDIA-OptiX-SDK-7.6.0-linux64-x86_64/include/optix_stubs.h:256:36: warning: missing initializer for member ‘OptixFunctionTable::optixDeviceContextGetCacheEnabled’ [-Wmissing-field-initializers]
/home/myl/optix7.6/NVIDIA-OptiX-SDK-7.6.0-linux64-x86_64/include/optix_stubs.h:256:36: warning: missing initializer for member ‘OptixFunctionTable::optixDeviceContextGetCacheLocation’ [-Wmissing-field-initializers]
/home/myl/optix7.6/NVIDIA-OptiX-SDK-7.6.0-linux64-x86_64/include/optix_stubs.h:256:36: warning: missing initializer for member ‘OptixFunctionTable::optixDeviceContextGetCacheDatabaseSizes’ [-Wmissing-field-initializers]
/home/myl/optix7.6/NVIDIA-OptiX-SDK-7.6.0-linux64-x86_64/include/optix_stubs.h:256:36: warning: missing initializer for member ‘OptixFunctionTable::optixModuleCreateFromPTX’ [-Wmissing-field-initializers]
/home/myl/optix7.6/NVIDIA-OptiX-SDK-7.6.0-linux64-x86_64/include/optix_stubs.h:256:36: warning: missing initializer for member ‘OptixFunctionTable::optixModuleCreateFromPTXWithTasks’ [-Wmissing-field-initializers]
/home/myl/optix7.6/NVIDIA-OptiX-SDK-7.6.0-linux64-x86_64/include/optix_stubs.h:256:36: warning: missing initializer for member ‘OptixFunctionTable::optixModuleGetCompilationState’ [-Wmissing-field-initializers]
/home/myl/optix7.6/NVIDIA-OptiX-SDK-7.6.0-linux64-x86_64/include/optix_stubs.h:256:36: warning: missing initializer for member ‘OptixFunctionTable::optixModuleDestroy’ [-Wmissing-field-initializers]
/home/myl/optix7.6/NVIDIA-OptiX-SDK-7.6.0-linux64-x86_64/include/optix_stubs.h:256:36: warning: missing initializer for member ‘OptixFunctionTable::optixBuiltinISModuleGet’ [-Wmissing-field-initializers]
/home/myl/optix7.6/NVIDIA-OptiX-SDK-7.6.0-linux64-x86_64/include/optix_stubs.h:256:36: warning: missing initializer for member ‘OptixFunctionTable::optixTaskExecute’ [-Wmissing-field-initializers]
/home/myl/optix7.6/NVIDIA-OptiX-SDK-7.6.0-linux64-x86_64/include/optix_stubs.h:256:36: warning: missing initializer for member ‘OptixFunctionTable::optixProgramGroupCreate’ [-Wmissing-field-initializers]
/home/myl/optix7.6/NVIDIA-OptiX-SDK-7.6.0-linux64-x86_64/include/optix_stubs.h:256:36: warning: missing initializer for member ‘OptixFunctionTable::optixProgramGroupDestroy’ [-Wmissing-field-initializers]
/home/myl/optix7.6/NVIDIA-OptiX-SDK-7.6.0-linux64-x86_64/include/optix_stubs.h:256:36: warning: missing initializer for member ‘OptixFunctionTable::optixProgramGroupGetStackSize’ [-Wmissing-field-initializers]
/home/myl/optix7.6/NVIDIA-OptiX-SDK-7.6.0-linux64-x86_64/include/optix_stubs.h:256:36: warning: missing initializer for member ‘OptixFunctionTable::optixPipelineCreate’ [-Wmissing-field-initializers]
/home/myl/optix7.6/NVIDIA-OptiX-SDK-7.6.0-linux64-x86_64/include/optix_stubs.h:256:36: warning: missing initializer for member ‘OptixFunctionTable::optixPipelineDestroy’ [-Wmissing-field-initializers]
/home/myl/optix7.6/NVIDIA-OptiX-SDK-7.6.0-linux64-x86_64/include/optix_stubs.h:256:36: warning: missing initializer for member ‘OptixFunctionTable::optixPipelineSetStackSize’ [-Wmissing-field-initializers]
/home/myl/optix7.6/NVIDIA-OptiX-SDK-7.6.0-linux64-x86_64/include/optix_stubs.h:256:36: warning: missing initializer for member ‘OptixFunctionTable::optixAccelComputeMemoryUsage’ [-Wmissing-field-initializers]
/home/myl/optix7.6/NVIDIA-OptiX-SDK-7.6.0-linux64-x86_64/include/optix_stubs.h:256:36: warning: missing initializer for member ‘OptixFunctionTable::optixAccelBuild’ [-Wmissing-field-initializers]
/home/myl/optix7.6/NVIDIA-OptiX-SDK-7.6.0-linux64-x86_64/include/optix_stubs.h:256:36: warning: missing initializer for member ‘OptixFunctionTable::optixAccelGetRelocationInfo’ [-Wmissing-field-initializers]
/home/myl/optix7.6/NVIDIA-OptiX-SDK-7.6.0-linux64-x86_64/include/optix_stubs.h:256:36: warning: missing initializer for member ‘OptixFunctionTable::optixCheckRelocationCompatibility’ [-Wmissing-field-initializers]
/home/myl/optix7.6/NVIDIA-OptiX-SDK-7.6.0-linux64-x86_64/include/optix_stubs.h:256:36: warning: missing initializer for member ‘OptixFunctionTable::optixAccelRelocate’ [-Wmissing-field-initializers]
/home/myl/optix7.6/NVIDIA-OptiX-SDK-7.6.0-linux64-x86_64/include/optix_stubs.h:256:36: warning: missing initializer for member ‘OptixFunctionTable::optixAccelCompact’ [-Wmissing-field-initializers]
/home/myl/optix7.6/NVIDIA-OptiX-SDK-7.6.0-linux64-x86_64/include/optix_stubs.h:256:36: warning: missing initializer for member ‘OptixFunctionTable::optixConvertPointerToTraversableHandle’ [-Wmissing-field-initializers]
/home/myl/optix7.6/NVIDIA-OptiX-SDK-7.6.0-linux64-x86_64/include/optix_stubs.h:256:36: warning: missing initializer for member ‘OptixFunctionTable::optixOpacityMicromapArrayComputeMemoryUsage’ [-Wmissing-field-initializers]
/home/myl/optix7.6/NVIDIA-OptiX-SDK-7.6.0-linux64-x86_64/include/optix_stubs.h:256:36: warning: missing initializer for member ‘OptixFunctionTable::optixOpacityMicromapArrayBuild’ [-Wmissing-field-initializers]
/home/myl/optix7.6/NVIDIA-OptiX-SDK-7.6.0-linux64-x86_64/include/optix_stubs.h:256:36: warning: missing initializer for member ‘OptixFunctionTable::optixOpacityMicromapArrayGetRelocationInfo’ [-Wmissing-field-initializers]
/home/myl/optix7.6/NVIDIA-OptiX-SDK-7.6.0-linux64-x86_64/include/optix_stubs.h:256:36: warning: missing initializer for member ‘OptixFunctionTable::optixOpacityMicromapArrayRelocate’ [-Wmissing-field-initializers]
/home/myl/optix7.6/NVIDIA-OptiX-SDK-7.6.0-linux64-x86_64/include/optix_stubs.h:256:36: warning: missing initializer for member ‘OptixFunctionTable::reserved1’ [-Wmissing-field-initializers]
/home/myl/optix7.6/NVIDIA-OptiX-SDK-7.6.0-linux64-x86_64/include/optix_stubs.h:256:36: warning: missing initializer for member ‘OptixFunctionTable::reserved2’ [-Wmissing-field-initializers]
/home/myl/optix7.6/NVIDIA-OptiX-SDK-7.6.0-linux64-x86_64/include/optix_stubs.h:256:36: warning: missing initializer for member ‘OptixFunctionTable::optixSbtRecordPackHeader’ [-Wmissing-field-initializers]
/home/myl/optix7.6/NVIDIA-OptiX-SDK-7.6.0-linux64-x86_64/include/optix_stubs.h:256:36: warning: missing initializer for member ‘OptixFunctionTable::optixLaunch’ [-Wmissing-field-initializers]
/home/myl/optix7.6/NVIDIA-OptiX-SDK-7.6.0-linux64-x86_64/include/optix_stubs.h:256:36: warning: missing initializer for member ‘OptixFunctionTable::optixDenoiserCreate’ [-Wmissing-field-initializers]
/home/myl/optix7.6/NVIDIA-OptiX-SDK-7.6.0-linux64-x86_64/include/optix_stubs.h:256:36: warning: missing initializer for member ‘OptixFunctionTable::optixDenoiserDestroy’ [-Wmissing-field-initializers]
/home/myl/optix7.6/NVIDIA-OptiX-SDK-7.6.0-linux64-x86_64/include/optix_stubs.h:256:36: warning: missing initializer for member ‘OptixFunctionTable::optixDenoiserComputeMemoryResources’ [-Wmissing-field-initializers]
/home/myl/optix7.6/NVIDIA-OptiX-SDK-7.6.0-linux64-x86_64/include/optix_stubs.h:256:36: warning: missing initializer for member ‘OptixFunctionTable::optixDenoiserSetup’ [-Wmissing-field-initializers]
/home/myl/optix7.6/NVIDIA-OptiX-SDK-7.6.0-linux64-x86_64/include/optix_stubs.h:256:36: warning: missing initializer for member ‘OptixFunctionTable::optixDenoiserInvoke’ [-Wmissing-field-initializers]
/home/myl/optix7.6/NVIDIA-OptiX-SDK-7.6.0-linux64-x86_64/include/optix_stubs.h:256:36: warning: missing initializer for member ‘OptixFunctionTable::optixDenoiserComputeIntensity’ [-Wmissing-field-initializers]
/home/myl/optix7.6/NVIDIA-OptiX-SDK-7.6.0-linux64-x86_64/include/optix_stubs.h:256:36: warning: missing initializer for member ‘OptixFunctionTable::optixDenoiserComputeAverageColor’ [-Wmissing-field-initializers]
/home/myl/optix7.6/NVIDIA-OptiX-SDK-7.6.0-linux64-x86_64/include/optix_stubs.h:256:36: warning: missing initializer for member ‘OptixFunctionTable::optixDenoiserCreateWithUserModel’ [-Wmissing-field-initializers]
/home/myl/cache_search/cache/page_cache.cu:29: warning: "CUDA_CHECK" redefined
   29 | #define CUDA_CHECK(expr) cuda_check((expr), #expr, __FILE__, __LINE__)
      | 
In file included from /home/myl/cache_search/cache/../head.h:21,
                 from /home/myl/cache_search/cache/page_cache.h:7,
                 from /home/myl/cache_search/cache/page_cache.cu:1:
/home/myl/cache_search/cache/../helper.h:14: note: this is the location of the previous definition
   14 | #define CUDA_CHECK(call)                                                   \
      | 
In file included from /home/myl/cache_search/graph.h:3,
                 from /home/myl/cache_search/main.cpp:3:
/home/myl/cache_search/pca/pca.h: In constructor ‘PCA::PCA(float*, uint, uint)’:
/home/myl/cache_search/pca/pca.h:17:23: warning: comparison of integer expressions of different signedness: ‘int’ and ‘uint’ {aka ‘unsigned int’} [-Wsign-compare]
   17 |     for (int i = 0; i < nb; i++) {
      |                     ~~^~~~
/home/myl/cache_search/pca/pca.h:18:25: warning: comparison of integer expressions of different signedness: ‘int’ and ‘uint’ {aka ‘unsigned int’} [-Wsign-compare]
   18 |       for (int j = 0; j < dim; j++) {
      |                       ~~^~~~~
/home/myl/cache_search/main.cpp: In function ‘int main(int, char**)’:
/home/myl/cache_search/main.cpp:91:9: warning: unused variable ‘datafile’ [-Wunused-variable]
   91 |   char* datafile = (char*)FLAGS_data_path.c_str();
      |         ^~~~~~~~
/home/myl/cache_search/main.cpp:92:9: warning: unused variable ‘queryfile’ [-Wunused-variable]
   92 |   char* queryfile = (char*)FLAGS_query_path.c_str();
      |         ^~~~~~~~~
/home/myl/cache_search/main.cpp:93:9: warning: unused variable ‘gtfile’ [-Wunused-variable]
   93 |   char* gtfile = (char*)FLAGS_gt_path.c_str();
      |         ^~~~~~
/home/myl/cache_search/cache/page_cache.cu:29: warning: "CUDA_CHECK" redefined
   29 | #define CUDA_CHECK(expr) cuda_check((expr), #expr, __FILE__, __LINE__)
      | 
In file included from /home/myl/cache_search/cache/../head.h:21,
                 from /home/myl/cache_search/cache/page_cache.h:7,
                 from /home/myl/cache_search/cache/page_cache.cu:1:
/home/myl/cache_search/cache/../helper.h:14: note: this is the location of the previous definition
   14 | #define CUDA_CHECK(call)                                                   \
      | 
/home/myl/cache_search/file_read.cu(138): warning #1650-D: result of call is not used
    fscanf(file, "%d %d", &n, &d);
    ^

Remark: The warnings can be suppressed with "-diag-suppress <warning-number>"

/home/myl/cache_search/file_read.cu(142): warning #1650-D: result of call is not used
        fscanf(file, "%f,", &data[i * d + j]);
        ^

/home/myl/cache_search/file_read.cu(144): warning #1650-D: result of call is not used
      fscanf(file, "%f", &data[i * d + d - 1]);
      ^

/home/myl/cache_search/file_read.cu(206): warning #1650-D: result of call is not used
    fread(&d, sizeof(d), 1, file);
    ^

/home/myl/cache_search/file_read.cu(208): warning #1650-D: result of call is not used
    fread(data_ptr, sizeof(float), n*d, file);
    ^

/home/myl/cache_search/file_read.cu(138): warning #1650-D: result of call is not used
    fscanf(file, "%d %d", &n, &d);
    ^

Remark: The warnings can be suppressed with "-diag-suppress <warning-number>"

/home/myl/cache_search/file_read.cu(142): warning #1650-D: result of call is not used
        fscanf(file, "%f,", &data[i * d + j]);
        ^

/home/myl/cache_search/file_read.cu(144): warning #1650-D: result of call is not used
      fscanf(file, "%f", &data[i * d + d - 1]);
      ^

/home/myl/cache_search/file_read.cu(206): warning #1650-D: result of call is not used
    fread(&d, sizeof(d), 1, file);
    ^

/home/myl/cache_search/file_read.cu(208): warning #1650-D: result of call is not used
    fread(data_ptr, sizeof(float), n*d, file);
    ^

/home/myl/cache_search/graph_helper.cu(222): warning #177-D: variable "max_threads" was declared but never referenced
    int max_threads = 64;
        ^

Remark: The warnings can be suppressed with "-diag-suppress <warning-number>"

/home/myl/cache_search/graph_search.cuh(167): warning #177-D: variable "random_entry_seed" was declared but never referenced
    uint random_entry_seed = b_id*blockSize + t_id;
         ^

Remark: The warnings can be suppressed with "-diag-suppress <warning-number>"

/home/myl/cache_search/file_read.cu(138): warning #1650-D: result of call is not used
    fscanf(file, "%d %d", &n, &d);
    ^

Remark: The warnings can be suppressed with "-diag-suppress <warning-number>"

/home/myl/cache_search/file_read.cu(142): warning #1650-D: result of call is not used
        fscanf(file, "%f,", &data[i * d + j]);
        ^

/home/myl/cache_search/file_read.cu(144): warning #1650-D: result of call is not used
      fscanf(file, "%f", &data[i * d + d - 1]);
      ^

/home/myl/cache_search/file_read.cu(206): warning #1650-D: result of call is not used
    fread(&d, sizeof(d), 1, file);
    ^

/home/myl/cache_search/file_read.cu(208): warning #1650-D: result of call is not used
    fread(data_ptr, sizeof(float), n*d, file);
    ^

/home/myl/cache_search/graph_helper.cu(222): warning #177-D: variable "max_threads" was declared but never referenced
    int max_threads = 64;
        ^

Remark: The warnings can be suppressed with "-diag-suppress <warning-number>"

/home/myl/cache_search/file_read.cu: In static member function ‘static void file_read::read_txt_file(const char*, int&, int&, thrust::host_vector<float>&)’:
/home/myl/cache_search/file_read.cu:138:7: warning: ignoring return value of ‘int fscanf(FILE*, const char*, ...)’ declared with attribute ‘warn_unused_result’ [-Wunused-result]
  138 |   fscanf(file, "%d %d", &n, &d);
      |   ~~~~^~~~~~~~~~~~~~~~~~~~~~~
/home/myl/cache_search/file_read.cu:142:7: warning: ignoring return value of ‘int fscanf(FILE*, const char*, ...)’ declared with attribute ‘warn_unused_result’ [-Wunused-result]
  142 |       fscanf(file, "%f,", &data[i * d + j]);
      |       ^~~~~~~~~~~~~~~~~~~~~~~~~~~~~~~~~
/home/myl/cache_search/file_read.cu:144:7: warning: ignoring return value of ‘int fscanf(FILE*, const char*, ...)’ declared with attribute ‘warn_unused_result’ [-Wunused-result]
  144 |     fscanf(file, "%f", &data[i * d + d - 1]);
      |     ~~^~~~~~~~~~~~~~~~~~~~~~~~~~~~~~~~~~~~~~
/home/myl/cache_search/file_read.cu: In static member function ‘static void file_read::read_hvecs_file(const char*, int&, int&, thrust::host_vector<float>&)’:
/home/myl/cache_search/file_read.cu:206:6: warning: ignoring return value of ‘size_t fread(void*, size_t, size_t, FILE*)’ declared with attribute ‘warn_unused_result’ [-Wunused-result]
  206 |   fread(&d, sizeof(d), 1, file);
      |   ~~~^~~~~~~~~~~~~~~~~~~~~~~
/home/myl/cache_search/file_read.cu:208:6: warning: ignoring return value of ‘size_t fread(void*, size_t, size_t, FILE*)’ declared with attribute ‘warn_unused_result’ [-Wunused-result]
  208 |   fread(data_ptr, sizeof(float), n*d, file);
      |   ~~~^~~~~~~~~~~~~~~~~~~~~~~~~~~~~~~~~~~~~~
/home/myl/cache_search/graph_search.cuh(167): warning #177-D: variable "random_entry_seed" was declared but never referenced
    uint random_entry_seed = b_id*blockSize + t_id;
         ^

Remark: The warnings can be suppressed with "-diag-suppress <warning-number>"

[ 73%] Linking CXX executable /home/myl/cache_search/bin/test
[100%] Built target test
正在运行 ./test --ALGO=1 --topk=0 --n_candidates=1024 --expand_ratio=0.2 --point_ratio=0.00001024 --search_width=4 --t=50 --n_cluster=1000  --max_iter=1000 ...
Total GPUs visible: 6, using [3]: NVIDIA L40
Available Memory: 44940 MB, Total Memory: 45372 MB
Shared memory per block: 49152 bytes
Shared memory per SM   : 102400 bytes
Shared memory per block (optin): 101376 bytes
Input
n = 10000, d = 128
np = 100000000, dim = 128
Cluster number: 10000
Centroids read successfully
Input: copy points to device
Input: finish copy points to device
degree = 64
RB_Graph: finish read or build graph
Projection: reading pca base file /mnt/IntelP5520_8T_1/myl/cache_search/data/sift100M/rotated_base.fbin
read PCA file
sizeof_points = 12800000000
Projection: finish reading pca base file
BlockUp function
reading AABB from file /mnt/IntelP5520_8T_1/myl/cache_search/data/sift100M/1024_0.aabbs
Create context
Create module
Create program groups
Create pipeline
Create SBT
BVH Building Time = 0.475808 ms
batch_size = 5
time build_query_batches: 0.079959 ms
time pca projection: 0.143097 ms
time rt_entry search: 0.063913 ms
time graph search: 40804.9 ms
compute_dim = 23406884622
compute_dis = 544346154
average dimensions per distance computation = 43
time total search time: 40805.2 ms
checking results...
gt_k = 1000
recall1@1024 = 0.999700
recall10@1024 = 0.998950
recall100@1024 = 0.988289
recall1000@1024 = 0.645393
Free memory: 3490 MB
Total memory: 45372 MB
Used memory: 41882 MB
Clean up RT ...
Finish cleaning up RT
完成 DIM = 43 的测试

==================================================
正在处理: DIM = 42
==================================================
[ 13%] Built target compute_pca
[ 17%] Building NVCC ptx file cuda_compile_ptx_1_generated_devicePrograms.cu.ptx
[ 21%] compiling (and embedding ptx from) devicePrograms.cu
[ 26%] Building C object CMakeFiles/test.dir/cuda_compile_ptx_1_generated_devicePrograms.cu.ptx_embedded.c.o
[ 30%] Building CXX object CMakeFiles/test.dir/main.cpp.o
[ 34%] Building CUDA object CMakeFiles/test.dir/aabb.cu.o
[ 39%] Building CUDA object CMakeFiles/test.dir/entry.cu.o
[ 43%] Building CUDA object CMakeFiles/test.dir/entry_helper.cu.o
[ 47%] Building CUDA object CMakeFiles/test.dir/matrix.cu.o
[ 52%] Building CUDA object CMakeFiles/test.dir/file_read.cu.o
nvcc warning : incompatible redefinition for option 'std', the last value of this option was used
[ 56%] Building CXX object CMakeFiles/test.dir/raytracing.cpp.o
nvcc warning : incompatible redefinition for option 'std', the last value of this option was used
nvcc warning : incompatible redefinition for option 'std', the last value of this option was used
[ 60%] Building CUDA object CMakeFiles/test.dir/graph.cu.o
nvcc warning : incompatible redefinition for option 'std', the last value of this option was used
[ 65%] Building CUDA object CMakeFiles/test.dir/graph_helper.cu.o
nvcc warning : incompatible redefinition for option 'std', the last value of this option was used
[ 69%] Building CUDA object CMakeFiles/test.dir/cache/page_cache.cu.o
nvcc warning : incompatible redefinition for option 'std', the last value of this option was used
nvcc warning : incompatible redefinition for option 'std', the last value of this option was used
nvcc warning : incompatible redefinition for option 'std', the last value of this option was used
In file included from /home/myl/cache_search/head.h:3,
                 from /home/myl/cache_search/raytracing.h:3,
                 from /home/myl/cache_search/raytracing.cpp:2:
/home/myl/optix7.6/NVIDIA-OptiX-SDK-7.6.0-linux64-x86_64/include/optix_stubs.h: In function ‘OptixResult optixUninitWithHandle(void*)’:
/home/myl/optix7.6/NVIDIA-OptiX-SDK-7.6.0-linux64-x86_64/include/optix_stubs.h:256:36: warning: missing initializer for member ‘OptixFunctionTable::optixGetErrorString’ [-Wmissing-field-initializers]
  256 |     OptixFunctionTable empty = { 0 };
      |                                    ^
/home/myl/optix7.6/NVIDIA-OptiX-SDK-7.6.0-linux64-x86_64/include/optix_stubs.h:256:36: warning: missing initializer for member ‘OptixFunctionTable::optixDeviceContextCreate’ [-Wmissing-field-initializers]
/home/myl/optix7.6/NVIDIA-OptiX-SDK-7.6.0-linux64-x86_64/include/optix_stubs.h:256:36: warning: missing initializer for member ‘OptixFunctionTable::optixDeviceContextDestroy’ [-Wmissing-field-initializers]
/home/myl/optix7.6/NVIDIA-OptiX-SDK-7.6.0-linux64-x86_64/include/optix_stubs.h:256:36: warning: missing initializer for member ‘OptixFunctionTable::optixDeviceContextGetProperty’ [-Wmissing-field-initializers]
/home/myl/optix7.6/NVIDIA-OptiX-SDK-7.6.0-linux64-x86_64/include/optix_stubs.h:256:36: warning: missing initializer for member ‘OptixFunctionTable::optixDeviceContextSetLogCallback’ [-Wmissing-field-initializers]
/home/myl/optix7.6/NVIDIA-OptiX-SDK-7.6.0-linux64-x86_64/include/optix_stubs.h:256:36: warning: missing initializer for member ‘OptixFunctionTable::optixDeviceContextSetCacheEnabled’ [-Wmissing-field-initializers]
/home/myl/optix7.6/NVIDIA-OptiX-SDK-7.6.0-linux64-x86_64/include/optix_stubs.h:256:36: warning: missing initializer for member ‘OptixFunctionTable::optixDeviceContextSetCacheLocation’ [-Wmissing-field-initializers]
/home/myl/optix7.6/NVIDIA-OptiX-SDK-7.6.0-linux64-x86_64/include/optix_stubs.h:256:36: warning: missing initializer for member ‘OptixFunctionTable::optixDeviceContextSetCacheDatabaseSizes’ [-Wmissing-field-initializers]
/home/myl/optix7.6/NVIDIA-OptiX-SDK-7.6.0-linux64-x86_64/include/optix_stubs.h:256:36: warning: missing initializer for member ‘OptixFunctionTable::optixDeviceContextGetCacheEnabled’ [-Wmissing-field-initializers]
/home/myl/optix7.6/NVIDIA-OptiX-SDK-7.6.0-linux64-x86_64/include/optix_stubs.h:256:36: warning: missing initializer for member ‘OptixFunctionTable::optixDeviceContextGetCacheLocation’ [-Wmissing-field-initializers]
/home/myl/optix7.6/NVIDIA-OptiX-SDK-7.6.0-linux64-x86_64/include/optix_stubs.h:256:36: warning: missing initializer for member ‘OptixFunctionTable::optixDeviceContextGetCacheDatabaseSizes’ [-Wmissing-field-initializers]
/home/myl/optix7.6/NVIDIA-OptiX-SDK-7.6.0-linux64-x86_64/include/optix_stubs.h:256:36: warning: missing initializer for member ‘OptixFunctionTable::optixModuleCreateFromPTX’ [-Wmissing-field-initializers]
/home/myl/optix7.6/NVIDIA-OptiX-SDK-7.6.0-linux64-x86_64/include/optix_stubs.h:256:36: warning: missing initializer for member ‘OptixFunctionTable::optixModuleCreateFromPTXWithTasks’ [-Wmissing-field-initializers]
/home/myl/optix7.6/NVIDIA-OptiX-SDK-7.6.0-linux64-x86_64/include/optix_stubs.h:256:36: warning: missing initializer for member ‘OptixFunctionTable::optixModuleGetCompilationState’ [-Wmissing-field-initializers]
/home/myl/optix7.6/NVIDIA-OptiX-SDK-7.6.0-linux64-x86_64/include/optix_stubs.h:256:36: warning: missing initializer for member ‘OptixFunctionTable::optixModuleDestroy’ [-Wmissing-field-initializers]
/home/myl/optix7.6/NVIDIA-OptiX-SDK-7.6.0-linux64-x86_64/include/optix_stubs.h:256:36: warning: missing initializer for member ‘OptixFunctionTable::optixBuiltinISModuleGet’ [-Wmissing-field-initializers]
/home/myl/optix7.6/NVIDIA-OptiX-SDK-7.6.0-linux64-x86_64/include/optix_stubs.h:256:36: warning: missing initializer for member ‘OptixFunctionTable::optixTaskExecute’ [-Wmissing-field-initializers]
/home/myl/optix7.6/NVIDIA-OptiX-SDK-7.6.0-linux64-x86_64/include/optix_stubs.h:256:36: warning: missing initializer for member ‘OptixFunctionTable::optixProgramGroupCreate’ [-Wmissing-field-initializers]
/home/myl/optix7.6/NVIDIA-OptiX-SDK-7.6.0-linux64-x86_64/include/optix_stubs.h:256:36: warning: missing initializer for member ‘OptixFunctionTable::optixProgramGroupDestroy’ [-Wmissing-field-initializers]
/home/myl/optix7.6/NVIDIA-OptiX-SDK-7.6.0-linux64-x86_64/include/optix_stubs.h:256:36: warning: missing initializer for member ‘OptixFunctionTable::optixProgramGroupGetStackSize’ [-Wmissing-field-initializers]
/home/myl/optix7.6/NVIDIA-OptiX-SDK-7.6.0-linux64-x86_64/include/optix_stubs.h:256:36: warning: missing initializer for member ‘OptixFunctionTable::optixPipelineCreate’ [-Wmissing-field-initializers]
/home/myl/optix7.6/NVIDIA-OptiX-SDK-7.6.0-linux64-x86_64/include/optix_stubs.h:256:36: warning: missing initializer for member ‘OptixFunctionTable::optixPipelineDestroy’ [-Wmissing-field-initializers]
/home/myl/optix7.6/NVIDIA-OptiX-SDK-7.6.0-linux64-x86_64/include/optix_stubs.h:256:36: warning: missing initializer for member ‘OptixFunctionTable::optixPipelineSetStackSize’ [-Wmissing-field-initializers]
/home/myl/optix7.6/NVIDIA-OptiX-SDK-7.6.0-linux64-x86_64/include/optix_stubs.h:256:36: warning: missing initializer for member ‘OptixFunctionTable::optixAccelComputeMemoryUsage’ [-Wmissing-field-initializers]
/home/myl/optix7.6/NVIDIA-OptiX-SDK-7.6.0-linux64-x86_64/include/optix_stubs.h:256:36: warning: missing initializer for member ‘OptixFunctionTable::optixAccelBuild’ [-Wmissing-field-initializers]
/home/myl/optix7.6/NVIDIA-OptiX-SDK-7.6.0-linux64-x86_64/include/optix_stubs.h:256:36: warning: missing initializer for member ‘OptixFunctionTable::optixAccelGetRelocationInfo’ [-Wmissing-field-initializers]
/home/myl/optix7.6/NVIDIA-OptiX-SDK-7.6.0-linux64-x86_64/include/optix_stubs.h:256:36: warning: missing initializer for member ‘OptixFunctionTable::optixCheckRelocationCompatibility’ [-Wmissing-field-initializers]
/home/myl/optix7.6/NVIDIA-OptiX-SDK-7.6.0-linux64-x86_64/include/optix_stubs.h:256:36: warning: missing initializer for member ‘OptixFunctionTable::optixAccelRelocate’ [-Wmissing-field-initializers]
/home/myl/optix7.6/NVIDIA-OptiX-SDK-7.6.0-linux64-x86_64/include/optix_stubs.h:256:36: warning: missing initializer for member ‘OptixFunctionTable::optixAccelCompact’ [-Wmissing-field-initializers]
/home/myl/optix7.6/NVIDIA-OptiX-SDK-7.6.0-linux64-x86_64/include/optix_stubs.h:256:36: warning: missing initializer for member ‘OptixFunctionTable::optixConvertPointerToTraversableHandle’ [-Wmissing-field-initializers]
/home/myl/optix7.6/NVIDIA-OptiX-SDK-7.6.0-linux64-x86_64/include/optix_stubs.h:256:36: warning: missing initializer for member ‘OptixFunctionTable::optixOpacityMicromapArrayComputeMemoryUsage’ [-Wmissing-field-initializers]
/home/myl/optix7.6/NVIDIA-OptiX-SDK-7.6.0-linux64-x86_64/include/optix_stubs.h:256:36: warning: missing initializer for member ‘OptixFunctionTable::optixOpacityMicromapArrayBuild’ [-Wmissing-field-initializers]
/home/myl/optix7.6/NVIDIA-OptiX-SDK-7.6.0-linux64-x86_64/include/optix_stubs.h:256:36: warning: missing initializer for member ‘OptixFunctionTable::optixOpacityMicromapArrayGetRelocationInfo’ [-Wmissing-field-initializers]
/home/myl/optix7.6/NVIDIA-OptiX-SDK-7.6.0-linux64-x86_64/include/optix_stubs.h:256:36: warning: missing initializer for member ‘OptixFunctionTable::optixOpacityMicromapArrayRelocate’ [-Wmissing-field-initializers]
/home/myl/optix7.6/NVIDIA-OptiX-SDK-7.6.0-linux64-x86_64/include/optix_stubs.h:256:36: warning: missing initializer for member ‘OptixFunctionTable::reserved1’ [-Wmissing-field-initializers]
/home/myl/optix7.6/NVIDIA-OptiX-SDK-7.6.0-linux64-x86_64/include/optix_stubs.h:256:36: warning: missing initializer for member ‘OptixFunctionTable::reserved2’ [-Wmissing-field-initializers]
/home/myl/optix7.6/NVIDIA-OptiX-SDK-7.6.0-linux64-x86_64/include/optix_stubs.h:256:36: warning: missing initializer for member ‘OptixFunctionTable::optixSbtRecordPackHeader’ [-Wmissing-field-initializers]
/home/myl/optix7.6/NVIDIA-OptiX-SDK-7.6.0-linux64-x86_64/include/optix_stubs.h:256:36: warning: missing initializer for member ‘OptixFunctionTable::optixLaunch’ [-Wmissing-field-initializers]
/home/myl/optix7.6/NVIDIA-OptiX-SDK-7.6.0-linux64-x86_64/include/optix_stubs.h:256:36: warning: missing initializer for member ‘OptixFunctionTable::optixDenoiserCreate’ [-Wmissing-field-initializers]
/home/myl/optix7.6/NVIDIA-OptiX-SDK-7.6.0-linux64-x86_64/include/optix_stubs.h:256:36: warning: missing initializer for member ‘OptixFunctionTable::optixDenoiserDestroy’ [-Wmissing-field-initializers]
/home/myl/optix7.6/NVIDIA-OptiX-SDK-7.6.0-linux64-x86_64/include/optix_stubs.h:256:36: warning: missing initializer for member ‘OptixFunctionTable::optixDenoiserComputeMemoryResources’ [-Wmissing-field-initializers]
/home/myl/optix7.6/NVIDIA-OptiX-SDK-7.6.0-linux64-x86_64/include/optix_stubs.h:256:36: warning: missing initializer for member ‘OptixFunctionTable::optixDenoiserSetup’ [-Wmissing-field-initializers]
/home/myl/optix7.6/NVIDIA-OptiX-SDK-7.6.0-linux64-x86_64/include/optix_stubs.h:256:36: warning: missing initializer for member ‘OptixFunctionTable::optixDenoiserInvoke’ [-Wmissing-field-initializers]
/home/myl/optix7.6/NVIDIA-OptiX-SDK-7.6.0-linux64-x86_64/include/optix_stubs.h:256:36: warning: missing initializer for member ‘OptixFunctionTable::optixDenoiserComputeIntensity’ [-Wmissing-field-initializers]
/home/myl/optix7.6/NVIDIA-OptiX-SDK-7.6.0-linux64-x86_64/include/optix_stubs.h:256:36: warning: missing initializer for member ‘OptixFunctionTable::optixDenoiserComputeAverageColor’ [-Wmissing-field-initializers]
/home/myl/optix7.6/NVIDIA-OptiX-SDK-7.6.0-linux64-x86_64/include/optix_stubs.h:256:36: warning: missing initializer for member ‘OptixFunctionTable::optixDenoiserCreateWithUserModel’ [-Wmissing-field-initializers]
/home/myl/cache_search/cache/page_cache.cu:29: warning: "CUDA_CHECK" redefined
   29 | #define CUDA_CHECK(expr) cuda_check((expr), #expr, __FILE__, __LINE__)
      | 
In file included from /home/myl/cache_search/cache/../head.h:21,
                 from /home/myl/cache_search/cache/page_cache.h:7,
                 from /home/myl/cache_search/cache/page_cache.cu:1:
/home/myl/cache_search/cache/../helper.h:14: note: this is the location of the previous definition
   14 | #define CUDA_CHECK(call)                                                   \
      | 
In file included from /home/myl/cache_search/head.h:3,
                 from /home/myl/cache_search/entry.h:8,
                 from /home/myl/cache_search/graph.h:2,
                 from /home/myl/cache_search/main.cpp:3:
/home/myl/optix7.6/NVIDIA-OptiX-SDK-7.6.0-linux64-x86_64/include/optix_stubs.h: In function ‘OptixResult optixUninitWithHandle(void*)’:
/home/myl/optix7.6/NVIDIA-OptiX-SDK-7.6.0-linux64-x86_64/include/optix_stubs.h:256:36: warning: missing initializer for member ‘OptixFunctionTable::optixGetErrorString’ [-Wmissing-field-initializers]
  256 |     OptixFunctionTable empty = { 0 };
      |                                    ^
/home/myl/optix7.6/NVIDIA-OptiX-SDK-7.6.0-linux64-x86_64/include/optix_stubs.h:256:36: warning: missing initializer for member ‘OptixFunctionTable::optixDeviceContextCreate’ [-Wmissing-field-initializers]
/home/myl/optix7.6/NVIDIA-OptiX-SDK-7.6.0-linux64-x86_64/include/optix_stubs.h:256:36: warning: missing initializer for member ‘OptixFunctionTable::optixDeviceContextDestroy’ [-Wmissing-field-initializers]
/home/myl/optix7.6/NVIDIA-OptiX-SDK-7.6.0-linux64-x86_64/include/optix_stubs.h:256:36: warning: missing initializer for member ‘OptixFunctionTable::optixDeviceContextGetProperty’ [-Wmissing-field-initializers]
/home/myl/optix7.6/NVIDIA-OptiX-SDK-7.6.0-linux64-x86_64/include/optix_stubs.h:256:36: warning: missing initializer for member ‘OptixFunctionTable::optixDeviceContextSetLogCallback’ [-Wmissing-field-initializers]
/home/myl/optix7.6/NVIDIA-OptiX-SDK-7.6.0-linux64-x86_64/include/optix_stubs.h:256:36: warning: missing initializer for member ‘OptixFunctionTable::optixDeviceContextSetCacheEnabled’ [-Wmissing-field-initializers]
/home/myl/optix7.6/NVIDIA-OptiX-SDK-7.6.0-linux64-x86_64/include/optix_stubs.h:256:36: warning: missing initializer for member ‘OptixFunctionTable::optixDeviceContextSetCacheLocation’ [-Wmissing-field-initializers]
/home/myl/optix7.6/NVIDIA-OptiX-SDK-7.6.0-linux64-x86_64/include/optix_stubs.h:256:36: warning: missing initializer for member ‘OptixFunctionTable::optixDeviceContextSetCacheDatabaseSizes’ [-Wmissing-field-initializers]
/home/myl/optix7.6/NVIDIA-OptiX-SDK-7.6.0-linux64-x86_64/include/optix_stubs.h:256:36: warning: missing initializer for member ‘OptixFunctionTable::optixDeviceContextGetCacheEnabled’ [-Wmissing-field-initializers]
/home/myl/optix7.6/NVIDIA-OptiX-SDK-7.6.0-linux64-x86_64/include/optix_stubs.h:256:36: warning: missing initializer for member ‘OptixFunctionTable::optixDeviceContextGetCacheLocation’ [-Wmissing-field-initializers]
/home/myl/optix7.6/NVIDIA-OptiX-SDK-7.6.0-linux64-x86_64/include/optix_stubs.h:256:36: warning: missing initializer for member ‘OptixFunctionTable::optixDeviceContextGetCacheDatabaseSizes’ [-Wmissing-field-initializers]
/home/myl/optix7.6/NVIDIA-OptiX-SDK-7.6.0-linux64-x86_64/include/optix_stubs.h:256:36: warning: missing initializer for member ‘OptixFunctionTable::optixModuleCreateFromPTX’ [-Wmissing-field-initializers]
/home/myl/optix7.6/NVIDIA-OptiX-SDK-7.6.0-linux64-x86_64/include/optix_stubs.h:256:36: warning: missing initializer for member ‘OptixFunctionTable::optixModuleCreateFromPTXWithTasks’ [-Wmissing-field-initializers]
/home/myl/optix7.6/NVIDIA-OptiX-SDK-7.6.0-linux64-x86_64/include/optix_stubs.h:256:36: warning: missing initializer for member ‘OptixFunctionTable::optixModuleGetCompilationState’ [-Wmissing-field-initializers]
/home/myl/optix7.6/NVIDIA-OptiX-SDK-7.6.0-linux64-x86_64/include/optix_stubs.h:256:36: warning: missing initializer for member ‘OptixFunctionTable::optixModuleDestroy’ [-Wmissing-field-initializers]
/home/myl/optix7.6/NVIDIA-OptiX-SDK-7.6.0-linux64-x86_64/include/optix_stubs.h:256:36: warning: missing initializer for member ‘OptixFunctionTable::optixBuiltinISModuleGet’ [-Wmissing-field-initializers]
/home/myl/optix7.6/NVIDIA-OptiX-SDK-7.6.0-linux64-x86_64/include/optix_stubs.h:256:36: warning: missing initializer for member ‘OptixFunctionTable::optixTaskExecute’ [-Wmissing-field-initializers]
/home/myl/optix7.6/NVIDIA-OptiX-SDK-7.6.0-linux64-x86_64/include/optix_stubs.h:256:36: warning: missing initializer for member ‘OptixFunctionTable::optixProgramGroupCreate’ [-Wmissing-field-initializers]
/home/myl/optix7.6/NVIDIA-OptiX-SDK-7.6.0-linux64-x86_64/include/optix_stubs.h:256:36: warning: missing initializer for member ‘OptixFunctionTable::optixProgramGroupDestroy’ [-Wmissing-field-initializers]
/home/myl/optix7.6/NVIDIA-OptiX-SDK-7.6.0-linux64-x86_64/include/optix_stubs.h:256:36: warning: missing initializer for member ‘OptixFunctionTable::optixProgramGroupGetStackSize’ [-Wmissing-field-initializers]
/home/myl/optix7.6/NVIDIA-OptiX-SDK-7.6.0-linux64-x86_64/include/optix_stubs.h:256:36: warning: missing initializer for member ‘OptixFunctionTable::optixPipelineCreate’ [-Wmissing-field-initializers]
/home/myl/optix7.6/NVIDIA-OptiX-SDK-7.6.0-linux64-x86_64/include/optix_stubs.h:256:36: warning: missing initializer for member ‘OptixFunctionTable::optixPipelineDestroy’ [-Wmissing-field-initializers]
/home/myl/optix7.6/NVIDIA-OptiX-SDK-7.6.0-linux64-x86_64/include/optix_stubs.h:256:36: warning: missing initializer for member ‘OptixFunctionTable::optixPipelineSetStackSize’ [-Wmissing-field-initializers]
/home/myl/optix7.6/NVIDIA-OptiX-SDK-7.6.0-linux64-x86_64/include/optix_stubs.h:256:36: warning: missing initializer for member ‘OptixFunctionTable::optixAccelComputeMemoryUsage’ [-Wmissing-field-initializers]
/home/myl/optix7.6/NVIDIA-OptiX-SDK-7.6.0-linux64-x86_64/include/optix_stubs.h:256:36: warning: missing initializer for member ‘OptixFunctionTable::optixAccelBuild’ [-Wmissing-field-initializers]
/home/myl/optix7.6/NVIDIA-OptiX-SDK-7.6.0-linux64-x86_64/include/optix_stubs.h:256:36: warning: missing initializer for member ‘OptixFunctionTable::optixAccelGetRelocationInfo’ [-Wmissing-field-initializers]
/home/myl/optix7.6/NVIDIA-OptiX-SDK-7.6.0-linux64-x86_64/include/optix_stubs.h:256:36: warning: missing initializer for member ‘OptixFunctionTable::optixCheckRelocationCompatibility’ [-Wmissing-field-initializers]
/home/myl/optix7.6/NVIDIA-OptiX-SDK-7.6.0-linux64-x86_64/include/optix_stubs.h:256:36: warning: missing initializer for member ‘OptixFunctionTable::optixAccelRelocate’ [-Wmissing-field-initializers]
/home/myl/optix7.6/NVIDIA-OptiX-SDK-7.6.0-linux64-x86_64/include/optix_stubs.h:256:36: warning: missing initializer for member ‘OptixFunctionTable::optixAccelCompact’ [-Wmissing-field-initializers]
/home/myl/optix7.6/NVIDIA-OptiX-SDK-7.6.0-linux64-x86_64/include/optix_stubs.h:256:36: warning: missing initializer for member ‘OptixFunctionTable::optixConvertPointerToTraversableHandle’ [-Wmissing-field-initializers]
/home/myl/optix7.6/NVIDIA-OptiX-SDK-7.6.0-linux64-x86_64/include/optix_stubs.h:256:36: warning: missing initializer for member ‘OptixFunctionTable::optixOpacityMicromapArrayComputeMemoryUsage’ [-Wmissing-field-initializers]
/home/myl/optix7.6/NVIDIA-OptiX-SDK-7.6.0-linux64-x86_64/include/optix_stubs.h:256:36: warning: missing initializer for member ‘OptixFunctionTable::optixOpacityMicromapArrayBuild’ [-Wmissing-field-initializers]
/home/myl/optix7.6/NVIDIA-OptiX-SDK-7.6.0-linux64-x86_64/include/optix_stubs.h:256:36: warning: missing initializer for member ‘OptixFunctionTable::optixOpacityMicromapArrayGetRelocationInfo’ [-Wmissing-field-initializers]
/home/myl/optix7.6/NVIDIA-OptiX-SDK-7.6.0-linux64-x86_64/include/optix_stubs.h:256:36: warning: missing initializer for member ‘OptixFunctionTable::optixOpacityMicromapArrayRelocate’ [-Wmissing-field-initializers]
/home/myl/optix7.6/NVIDIA-OptiX-SDK-7.6.0-linux64-x86_64/include/optix_stubs.h:256:36: warning: missing initializer for member ‘OptixFunctionTable::reserved1’ [-Wmissing-field-initializers]
/home/myl/optix7.6/NVIDIA-OptiX-SDK-7.6.0-linux64-x86_64/include/optix_stubs.h:256:36: warning: missing initializer for member ‘OptixFunctionTable::reserved2’ [-Wmissing-field-initializers]
/home/myl/optix7.6/NVIDIA-OptiX-SDK-7.6.0-linux64-x86_64/include/optix_stubs.h:256:36: warning: missing initializer for member ‘OptixFunctionTable::optixSbtRecordPackHeader’ [-Wmissing-field-initializers]
/home/myl/optix7.6/NVIDIA-OptiX-SDK-7.6.0-linux64-x86_64/include/optix_stubs.h:256:36: warning: missing initializer for member ‘OptixFunctionTable::optixLaunch’ [-Wmissing-field-initializers]
/home/myl/optix7.6/NVIDIA-OptiX-SDK-7.6.0-linux64-x86_64/include/optix_stubs.h:256:36: warning: missing initializer for member ‘OptixFunctionTable::optixDenoiserCreate’ [-Wmissing-field-initializers]
/home/myl/optix7.6/NVIDIA-OptiX-SDK-7.6.0-linux64-x86_64/include/optix_stubs.h:256:36: warning: missing initializer for member ‘OptixFunctionTable::optixDenoiserDestroy’ [-Wmissing-field-initializers]
/home/myl/optix7.6/NVIDIA-OptiX-SDK-7.6.0-linux64-x86_64/include/optix_stubs.h:256:36: warning: missing initializer for member ‘OptixFunctionTable::optixDenoiserComputeMemoryResources’ [-Wmissing-field-initializers]
/home/myl/optix7.6/NVIDIA-OptiX-SDK-7.6.0-linux64-x86_64/include/optix_stubs.h:256:36: warning: missing initializer for member ‘OptixFunctionTable::optixDenoiserSetup’ [-Wmissing-field-initializers]
/home/myl/optix7.6/NVIDIA-OptiX-SDK-7.6.0-linux64-x86_64/include/optix_stubs.h:256:36: warning: missing initializer for member ‘OptixFunctionTable::optixDenoiserInvoke’ [-Wmissing-field-initializers]
/home/myl/optix7.6/NVIDIA-OptiX-SDK-7.6.0-linux64-x86_64/include/optix_stubs.h:256:36: warning: missing initializer for member ‘OptixFunctionTable::optixDenoiserComputeIntensity’ [-Wmissing-field-initializers]
/home/myl/optix7.6/NVIDIA-OptiX-SDK-7.6.0-linux64-x86_64/include/optix_stubs.h:256:36: warning: missing initializer for member ‘OptixFunctionTable::optixDenoiserComputeAverageColor’ [-Wmissing-field-initializers]
/home/myl/optix7.6/NVIDIA-OptiX-SDK-7.6.0-linux64-x86_64/include/optix_stubs.h:256:36: warning: missing initializer for member ‘OptixFunctionTable::optixDenoiserCreateWithUserModel’ [-Wmissing-field-initializers]
/home/myl/cache_search/cache/page_cache.cu:29: warning: "CUDA_CHECK" redefined
   29 | #define CUDA_CHECK(expr) cuda_check((expr), #expr, __FILE__, __LINE__)
      | 
In file included from /home/myl/cache_search/cache/../head.h:21,
                 from /home/myl/cache_search/cache/page_cache.h:7,
                 from /home/myl/cache_search/cache/page_cache.cu:1:
/home/myl/cache_search/cache/../helper.h:14: note: this is the location of the previous definition
   14 | #define CUDA_CHECK(call)                                                   \
      | 
/home/myl/cache_search/cache/page_cache.cu:29: warning: "CUDA_CHECK" redefined
   29 | #define CUDA_CHECK(expr) cuda_check((expr), #expr, __FILE__, __LINE__)
      | 
In file included from /home/myl/cache_search/cache/../head.h:21,
                 from /home/myl/cache_search/cache/page_cache.h:7,
                 from /home/myl/cache_search/cache/page_cache.cu:1:
/home/myl/cache_search/cache/../helper.h:14: note: this is the location of the previous definition
   14 | #define CUDA_CHECK(call)                                                   \
      | 
In file included from /home/myl/cache_search/graph.h:3,
                 from /home/myl/cache_search/main.cpp:3:
/home/myl/cache_search/pca/pca.h: In constructor ‘PCA::PCA(float*, uint, uint)’:
/home/myl/cache_search/pca/pca.h:17:23: warning: comparison of integer expressions of different signedness: ‘int’ and ‘uint’ {aka ‘unsigned int’} [-Wsign-compare]
   17 |     for (int i = 0; i < nb; i++) {
      |                     ~~^~~~
/home/myl/cache_search/pca/pca.h:18:25: warning: comparison of integer expressions of different signedness: ‘int’ and ‘uint’ {aka ‘unsigned int’} [-Wsign-compare]
   18 |       for (int j = 0; j < dim; j++) {
      |                       ~~^~~~~
/home/myl/cache_search/main.cpp: In function ‘int main(int, char**)’:
/home/myl/cache_search/main.cpp:91:9: warning: unused variable ‘datafile’ [-Wunused-variable]
   91 |   char* datafile = (char*)FLAGS_data_path.c_str();
      |         ^~~~~~~~
/home/myl/cache_search/main.cpp:92:9: warning: unused variable ‘queryfile’ [-Wunused-variable]
   92 |   char* queryfile = (char*)FLAGS_query_path.c_str();
      |         ^~~~~~~~~
/home/myl/cache_search/main.cpp:93:9: warning: unused variable ‘gtfile’ [-Wunused-variable]
   93 |   char* gtfile = (char*)FLAGS_gt_path.c_str();
      |         ^~~~~~
/home/myl/cache_search/file_read.cu(138): warning #1650-D: result of call is not used
    fscanf(file, "%d %d", &n, &d);
    ^

Remark: The warnings can be suppressed with "-diag-suppress <warning-number>"

/home/myl/cache_search/file_read.cu(142): warning #1650-D: result of call is not used
        fscanf(file, "%f,", &data[i * d + j]);
        ^

/home/myl/cache_search/file_read.cu(144): warning #1650-D: result of call is not used
      fscanf(file, "%f", &data[i * d + d - 1]);
      ^

/home/myl/cache_search/file_read.cu(206): warning #1650-D: result of call is not used
    fread(&d, sizeof(d), 1, file);
    ^

/home/myl/cache_search/file_read.cu(208): warning #1650-D: result of call is not used
    fread(data_ptr, sizeof(float), n*d, file);
    ^

/home/myl/cache_search/file_read.cu(138): warning #1650-D: result of call is not used
    fscanf(file, "%d %d", &n, &d);
    ^

Remark: The warnings can be suppressed with "-diag-suppress <warning-number>"

/home/myl/cache_search/file_read.cu(142): warning #1650-D: result of call is not used
        fscanf(file, "%f,", &data[i * d + j]);
        ^

/home/myl/cache_search/file_read.cu(144): warning #1650-D: result of call is not used
      fscanf(file, "%f", &data[i * d + d - 1]);
      ^

/home/myl/cache_search/file_read.cu(206): warning #1650-D: result of call is not used
    fread(&d, sizeof(d), 1, file);
    ^

/home/myl/cache_search/file_read.cu(208): warning #1650-D: result of call is not used
    fread(data_ptr, sizeof(float), n*d, file);
    ^

/home/myl/cache_search/graph_helper.cu(222): warning #177-D: variable "max_threads" was declared but never referenced
    int max_threads = 64;
        ^

Remark: The warnings can be suppressed with "-diag-suppress <warning-number>"

/home/myl/cache_search/graph_search.cuh(167): warning #177-D: variable "random_entry_seed" was declared but never referenced
    uint random_entry_seed = b_id*blockSize + t_id;
         ^

Remark: The warnings can be suppressed with "-diag-suppress <warning-number>"

/home/myl/cache_search/file_read.cu(138): warning #1650-D: result of call is not used
    fscanf(file, "%d %d", &n, &d);
    ^

Remark: The warnings can be suppressed with "-diag-suppress <warning-number>"

/home/myl/cache_search/file_read.cu(142): warning #1650-D: result of call is not used
        fscanf(file, "%f,", &data[i * d + j]);
        ^

/home/myl/cache_search/file_read.cu(144): warning #1650-D: result of call is not used
      fscanf(file, "%f", &data[i * d + d - 1]);
      ^

/home/myl/cache_search/file_read.cu(206): warning #1650-D: result of call is not used
    fread(&d, sizeof(d), 1, file);
    ^

/home/myl/cache_search/file_read.cu(208): warning #1650-D: result of call is not used
    fread(data_ptr, sizeof(float), n*d, file);
    ^

/home/myl/cache_search/graph_helper.cu(222): warning #177-D: variable "max_threads" was declared but never referenced
    int max_threads = 64;
        ^

Remark: The warnings can be suppressed with "-diag-suppress <warning-number>"

/home/myl/cache_search/file_read.cu: In static member function ‘static void file_read::read_txt_file(const char*, int&, int&, thrust::host_vector<float>&)’:
/home/myl/cache_search/file_read.cu:138:7: warning: ignoring return value of ‘int fscanf(FILE*, const char*, ...)’ declared with attribute ‘warn_unused_result’ [-Wunused-result]
  138 |   fscanf(file, "%d %d", &n, &d);
      |   ~~~~^~~~~~~~~~~~~~~~~~~~~~~
/home/myl/cache_search/file_read.cu:142:7: warning: ignoring return value of ‘int fscanf(FILE*, const char*, ...)’ declared with attribute ‘warn_unused_result’ [-Wunused-result]
  142 |       fscanf(file, "%f,", &data[i * d + j]);
      |       ^~~~~~~~~~~~~~~~~~~~~~~~~~~~~~~~~
/home/myl/cache_search/file_read.cu:144:7: warning: ignoring return value of ‘int fscanf(FILE*, const char*, ...)’ declared with attribute ‘warn_unused_result’ [-Wunused-result]
  144 |     fscanf(file, "%f", &data[i * d + d - 1]);
      |     ~~^~~~~~~~~~~~~~~~~~~~~~~~~~~~~~~~~~~~~~
/home/myl/cache_search/file_read.cu: In static member function ‘static void file_read::read_hvecs_file(const char*, int&, int&, thrust::host_vector<float>&)’:
/home/myl/cache_search/file_read.cu:206:6: warning: ignoring return value of ‘size_t fread(void*, size_t, size_t, FILE*)’ declared with attribute ‘warn_unused_result’ [-Wunused-result]
  206 |   fread(&d, sizeof(d), 1, file);
      |   ~~~^~~~~~~~~~~~~~~~~~~~~~~
/home/myl/cache_search/file_read.cu:208:6: warning: ignoring return value of ‘size_t fread(void*, size_t, size_t, FILE*)’ declared with attribute ‘warn_unused_result’ [-Wunused-result]
  208 |   fread(data_ptr, sizeof(float), n*d, file);
      |   ~~~^~~~~~~~~~~~~~~~~~~~~~~~~~~~~~~~~~~~~~
/home/myl/cache_search/graph_search.cuh(167): warning #177-D: variable "random_entry_seed" was declared but never referenced
    uint random_entry_seed = b_id*blockSize + t_id;
         ^

Remark: The warnings can be suppressed with "-diag-suppress <warning-number>"

[ 73%] Linking CXX executable /home/myl/cache_search/bin/test
[100%] Built target test
正在运行 ./test --ALGO=1 --topk=0 --n_candidates=1024 --expand_ratio=0.2 --point_ratio=0.00001024 --search_width=4 --t=50 --n_cluster=1000  --max_iter=1000 ...
Total GPUs visible: 6, using [3]: NVIDIA L40
Available Memory: 44940 MB, Total Memory: 45372 MB
Shared memory per block: 49152 bytes
Shared memory per SM   : 102400 bytes
Shared memory per block (optin): 101376 bytes
Input
n = 10000, d = 128
np = 100000000, dim = 128
Cluster number: 10000
Centroids read successfully
Input: copy points to device
Input: finish copy points to device
degree = 64
RB_Graph: finish read or build graph
Projection: reading pca base file /mnt/IntelP5520_8T_1/myl/cache_search/data/sift100M/rotated_base.fbin
read PCA file
sizeof_points = 12800000000
Projection: finish reading pca base file
BlockUp function
reading AABB from file /mnt/IntelP5520_8T_1/myl/cache_search/data/sift100M/1024_0.aabbs
Create context
Create module
Create program groups
Create pipeline
Create SBT
BVH Building Time = 0.458496 ms
batch_size = 5
time build_query_batches: 0.070102 ms
time pca projection: 0.150082 ms
time rt_entry search: 0.088865 ms
time graph search: 40781.1 ms
compute_dim = 22864906890
compute_dis = 544402545
average dimensions per distance computation = 42
time total search time: 40781.4 ms
checking results...
gt_k = 1000
recall1@1024 = 0.999700
recall10@1024 = 0.998940
recall100@1024 = 0.986913
recall1000@1024 = 0.639385
Free memory: 3872 MB
Total memory: 45372 MB
Used memory: 41500 MB
Clean up RT ...
Finish cleaning up RT
完成 DIM = 42 的测试

==================================================
正在处理: DIM = 41
==================================================
[ 13%] Built target compute_pca
[ 17%] Building NVCC ptx file cuda_compile_ptx_1_generated_devicePrograms.cu.ptx
[ 21%] compiling (and embedding ptx from) devicePrograms.cu
[ 26%] Building C object CMakeFiles/test.dir/cuda_compile_ptx_1_generated_devicePrograms.cu.ptx_embedded.c.o
[ 30%] Building CXX object CMakeFiles/test.dir/main.cpp.o
[ 39%] Building CUDA object CMakeFiles/test.dir/entry.cu.o
[ 39%] Building CUDA object CMakeFiles/test.dir/aabb.cu.o
[ 43%] Building CUDA object CMakeFiles/test.dir/entry_helper.cu.o
[ 47%] Building CUDA object CMakeFiles/test.dir/matrix.cu.o
[ 52%] Building CUDA object CMakeFiles/test.dir/file_read.cu.o
[ 56%] Building CXX object CMakeFiles/test.dir/raytracing.cpp.o
nvcc warning : incompatible redefinition for option 'std', the last value of this option was used
nvcc warning : incompatible redefinition for option 'std', the last value of this option was used
nvcc warning : incompatible redefinition for option 'std', the last value of this option was used
[ 60%] Building CUDA object CMakeFiles/test.dir/graph.cu.o
nvcc warning : incompatible redefinition for option 'std', the last value of this option was used
[ 65%] Building CUDA object CMakeFiles/test.dir/graph_helper.cu.o
nvcc warning : incompatible redefinition for option 'std', the last value of this option was used
[ 69%] Building CUDA object CMakeFiles/test.dir/cache/page_cache.cu.o
nvcc warning : incompatible redefinition for option 'std', the last value of this option was used
nvcc warning : incompatible redefinition for option 'std', the last value of this option was used
nvcc warning : incompatible redefinition for option 'std', the last value of this option was used
In file included from /home/myl/cache_search/head.h:3,
                 from /home/myl/cache_search/raytracing.h:3,
                 from /home/myl/cache_search/raytracing.cpp:2:
/home/myl/optix7.6/NVIDIA-OptiX-SDK-7.6.0-linux64-x86_64/include/optix_stubs.h: In function ‘OptixResult optixUninitWithHandle(void*)’:
/home/myl/optix7.6/NVIDIA-OptiX-SDK-7.6.0-linux64-x86_64/include/optix_stubs.h:256:36: warning: missing initializer for member ‘OptixFunctionTable::optixGetErrorString’ [-Wmissing-field-initializers]
  256 |     OptixFunctionTable empty = { 0 };
      |                                    ^
/home/myl/optix7.6/NVIDIA-OptiX-SDK-7.6.0-linux64-x86_64/include/optix_stubs.h:256:36: warning: missing initializer for member ‘OptixFunctionTable::optixDeviceContextCreate’ [-Wmissing-field-initializers]
/home/myl/optix7.6/NVIDIA-OptiX-SDK-7.6.0-linux64-x86_64/include/optix_stubs.h:256:36: warning: missing initializer for member ‘OptixFunctionTable::optixDeviceContextDestroy’ [-Wmissing-field-initializers]
/home/myl/optix7.6/NVIDIA-OptiX-SDK-7.6.0-linux64-x86_64/include/optix_stubs.h:256:36: warning: missing initializer for member ‘OptixFunctionTable::optixDeviceContextGetProperty’ [-Wmissing-field-initializers]
/home/myl/optix7.6/NVIDIA-OptiX-SDK-7.6.0-linux64-x86_64/include/optix_stubs.h:256:36: warning: missing initializer for member ‘OptixFunctionTable::optixDeviceContextSetLogCallback’ [-Wmissing-field-initializers]
/home/myl/optix7.6/NVIDIA-OptiX-SDK-7.6.0-linux64-x86_64/include/optix_stubs.h:256:36: warning: missing initializer for member ‘OptixFunctionTable::optixDeviceContextSetCacheEnabled’ [-Wmissing-field-initializers]
/home/myl/optix7.6/NVIDIA-OptiX-SDK-7.6.0-linux64-x86_64/include/optix_stubs.h:256:36: warning: missing initializer for member ‘OptixFunctionTable::optixDeviceContextSetCacheLocation’ [-Wmissing-field-initializers]
/home/myl/optix7.6/NVIDIA-OptiX-SDK-7.6.0-linux64-x86_64/include/optix_stubs.h:256:36: warning: missing initializer for member ‘OptixFunctionTable::optixDeviceContextSetCacheDatabaseSizes’ [-Wmissing-field-initializers]
/home/myl/optix7.6/NVIDIA-OptiX-SDK-7.6.0-linux64-x86_64/include/optix_stubs.h:256:36: warning: missing initializer for member ‘OptixFunctionTable::optixDeviceContextGetCacheEnabled’ [-Wmissing-field-initializers]
/home/myl/optix7.6/NVIDIA-OptiX-SDK-7.6.0-linux64-x86_64/include/optix_stubs.h:256:36: warning: missing initializer for member ‘OptixFunctionTable::optixDeviceContextGetCacheLocation’ [-Wmissing-field-initializers]
/home/myl/optix7.6/NVIDIA-OptiX-SDK-7.6.0-linux64-x86_64/include/optix_stubs.h:256:36: warning: missing initializer for member ‘OptixFunctionTable::optixDeviceContextGetCacheDatabaseSizes’ [-Wmissing-field-initializers]
/home/myl/optix7.6/NVIDIA-OptiX-SDK-7.6.0-linux64-x86_64/include/optix_stubs.h:256:36: warning: missing initializer for member ‘OptixFunctionTable::optixModuleCreateFromPTX’ [-Wmissing-field-initializers]
/home/myl/optix7.6/NVIDIA-OptiX-SDK-7.6.0-linux64-x86_64/include/optix_stubs.h:256:36: warning: missing initializer for member ‘OptixFunctionTable::optixModuleCreateFromPTXWithTasks’ [-Wmissing-field-initializers]
/home/myl/optix7.6/NVIDIA-OptiX-SDK-7.6.0-linux64-x86_64/include/optix_stubs.h:256:36: warning: missing initializer for member ‘OptixFunctionTable::optixModuleGetCompilationState’ [-Wmissing-field-initializers]
/home/myl/optix7.6/NVIDIA-OptiX-SDK-7.6.0-linux64-x86_64/include/optix_stubs.h:256:36: warning: missing initializer for member ‘OptixFunctionTable::optixModuleDestroy’ [-Wmissing-field-initializers]
/home/myl/optix7.6/NVIDIA-OptiX-SDK-7.6.0-linux64-x86_64/include/optix_stubs.h:256:36: warning: missing initializer for member ‘OptixFunctionTable::optixBuiltinISModuleGet’ [-Wmissing-field-initializers]
/home/myl/optix7.6/NVIDIA-OptiX-SDK-7.6.0-linux64-x86_64/include/optix_stubs.h:256:36: warning: missing initializer for member ‘OptixFunctionTable::optixTaskExecute’ [-Wmissing-field-initializers]
/home/myl/optix7.6/NVIDIA-OptiX-SDK-7.6.0-linux64-x86_64/include/optix_stubs.h:256:36: warning: missing initializer for member ‘OptixFunctionTable::optixProgramGroupCreate’ [-Wmissing-field-initializers]
/home/myl/optix7.6/NVIDIA-OptiX-SDK-7.6.0-linux64-x86_64/include/optix_stubs.h:256:36: warning: missing initializer for member ‘OptixFunctionTable::optixProgramGroupDestroy’ [-Wmissing-field-initializers]
/home/myl/optix7.6/NVIDIA-OptiX-SDK-7.6.0-linux64-x86_64/include/optix_stubs.h:256:36: warning: missing initializer for member ‘OptixFunctionTable::optixProgramGroupGetStackSize’ [-Wmissing-field-initializers]
/home/myl/optix7.6/NVIDIA-OptiX-SDK-7.6.0-linux64-x86_64/include/optix_stubs.h:256:36: warning: missing initializer for member ‘OptixFunctionTable::optixPipelineCreate’ [-Wmissing-field-initializers]
/home/myl/optix7.6/NVIDIA-OptiX-SDK-7.6.0-linux64-x86_64/include/optix_stubs.h:256:36: warning: missing initializer for member ‘OptixFunctionTable::optixPipelineDestroy’ [-Wmissing-field-initializers]
/home/myl/optix7.6/NVIDIA-OptiX-SDK-7.6.0-linux64-x86_64/include/optix_stubs.h:256:36: warning: missing initializer for member ‘OptixFunctionTable::optixPipelineSetStackSize’ [-Wmissing-field-initializers]
/home/myl/optix7.6/NVIDIA-OptiX-SDK-7.6.0-linux64-x86_64/include/optix_stubs.h:256:36: warning: missing initializer for member ‘OptixFunctionTable::optixAccelComputeMemoryUsage’ [-Wmissing-field-initializers]
/home/myl/optix7.6/NVIDIA-OptiX-SDK-7.6.0-linux64-x86_64/include/optix_stubs.h:256:36: warning: missing initializer for member ‘OptixFunctionTable::optixAccelBuild’ [-Wmissing-field-initializers]
/home/myl/optix7.6/NVIDIA-OptiX-SDK-7.6.0-linux64-x86_64/include/optix_stubs.h:256:36: warning: missing initializer for member ‘OptixFunctionTable::optixAccelGetRelocationInfo’ [-Wmissing-field-initializers]
/home/myl/optix7.6/NVIDIA-OptiX-SDK-7.6.0-linux64-x86_64/include/optix_stubs.h:256:36: warning: missing initializer for member ‘OptixFunctionTable::optixCheckRelocationCompatibility’ [-Wmissing-field-initializers]
/home/myl/optix7.6/NVIDIA-OptiX-SDK-7.6.0-linux64-x86_64/include/optix_stubs.h:256:36: warning: missing initializer for member ‘OptixFunctionTable::optixAccelRelocate’ [-Wmissing-field-initializers]
/home/myl/optix7.6/NVIDIA-OptiX-SDK-7.6.0-linux64-x86_64/include/optix_stubs.h:256:36: warning: missing initializer for member ‘OptixFunctionTable::optixAccelCompact’ [-Wmissing-field-initializers]
/home/myl/optix7.6/NVIDIA-OptiX-SDK-7.6.0-linux64-x86_64/include/optix_stubs.h:256:36: warning: missing initializer for member ‘OptixFunctionTable::optixConvertPointerToTraversableHandle’ [-Wmissing-field-initializers]
/home/myl/optix7.6/NVIDIA-OptiX-SDK-7.6.0-linux64-x86_64/include/optix_stubs.h:256:36: warning: missing initializer for member ‘OptixFunctionTable::optixOpacityMicromapArrayComputeMemoryUsage’ [-Wmissing-field-initializers]
/home/myl/optix7.6/NVIDIA-OptiX-SDK-7.6.0-linux64-x86_64/include/optix_stubs.h:256:36: warning: missing initializer for member ‘OptixFunctionTable::optixOpacityMicromapArrayBuild’ [-Wmissing-field-initializers]
/home/myl/optix7.6/NVIDIA-OptiX-SDK-7.6.0-linux64-x86_64/include/optix_stubs.h:256:36: warning: missing initializer for member ‘OptixFunctionTable::optixOpacityMicromapArrayGetRelocationInfo’ [-Wmissing-field-initializers]
/home/myl/optix7.6/NVIDIA-OptiX-SDK-7.6.0-linux64-x86_64/include/optix_stubs.h:256:36: warning: missing initializer for member ‘OptixFunctionTable::optixOpacityMicromapArrayRelocate’ [-Wmissing-field-initializers]
/home/myl/optix7.6/NVIDIA-OptiX-SDK-7.6.0-linux64-x86_64/include/optix_stubs.h:256:36: warning: missing initializer for member ‘OptixFunctionTable::reserved1’ [-Wmissing-field-initializers]
/home/myl/optix7.6/NVIDIA-OptiX-SDK-7.6.0-linux64-x86_64/include/optix_stubs.h:256:36: warning: missing initializer for member ‘OptixFunctionTable::reserved2’ [-Wmissing-field-initializers]
/home/myl/optix7.6/NVIDIA-OptiX-SDK-7.6.0-linux64-x86_64/include/optix_stubs.h:256:36: warning: missing initializer for member ‘OptixFunctionTable::optixSbtRecordPackHeader’ [-Wmissing-field-initializers]
/home/myl/optix7.6/NVIDIA-OptiX-SDK-7.6.0-linux64-x86_64/include/optix_stubs.h:256:36: warning: missing initializer for member ‘OptixFunctionTable::optixLaunch’ [-Wmissing-field-initializers]
/home/myl/optix7.6/NVIDIA-OptiX-SDK-7.6.0-linux64-x86_64/include/optix_stubs.h:256:36: warning: missing initializer for member ‘OptixFunctionTable::optixDenoiserCreate’ [-Wmissing-field-initializers]
/home/myl/optix7.6/NVIDIA-OptiX-SDK-7.6.0-linux64-x86_64/include/optix_stubs.h:256:36: warning: missing initializer for member ‘OptixFunctionTable::optixDenoiserDestroy’ [-Wmissing-field-initializers]
/home/myl/optix7.6/NVIDIA-OptiX-SDK-7.6.0-linux64-x86_64/include/optix_stubs.h:256:36: warning: missing initializer for member ‘OptixFunctionTable::optixDenoiserComputeMemoryResources’ [-Wmissing-field-initializers]
/home/myl/optix7.6/NVIDIA-OptiX-SDK-7.6.0-linux64-x86_64/include/optix_stubs.h:256:36: warning: missing initializer for member ‘OptixFunctionTable::optixDenoiserSetup’ [-Wmissing-field-initializers]
/home/myl/optix7.6/NVIDIA-OptiX-SDK-7.6.0-linux64-x86_64/include/optix_stubs.h:256:36: warning: missing initializer for member ‘OptixFunctionTable::optixDenoiserInvoke’ [-Wmissing-field-initializers]
/home/myl/optix7.6/NVIDIA-OptiX-SDK-7.6.0-linux64-x86_64/include/optix_stubs.h:256:36: warning: missing initializer for member ‘OptixFunctionTable::optixDenoiserComputeIntensity’ [-Wmissing-field-initializers]
/home/myl/optix7.6/NVIDIA-OptiX-SDK-7.6.0-linux64-x86_64/include/optix_stubs.h:256:36: warning: missing initializer for member ‘OptixFunctionTable::optixDenoiserComputeAverageColor’ [-Wmissing-field-initializers]
/home/myl/optix7.6/NVIDIA-OptiX-SDK-7.6.0-linux64-x86_64/include/optix_stubs.h:256:36: warning: missing initializer for member ‘OptixFunctionTable::optixDenoiserCreateWithUserModel’ [-Wmissing-field-initializers]
/home/myl/cache_search/cache/page_cache.cu:29: warning: "CUDA_CHECK" redefined
   29 | #define CUDA_CHECK(expr) cuda_check((expr), #expr, __FILE__, __LINE__)
      | 
In file included from /home/myl/cache_search/cache/../head.h:21,
                 from /home/myl/cache_search/cache/page_cache.h:7,
                 from /home/myl/cache_search/cache/page_cache.cu:1:
/home/myl/cache_search/cache/../helper.h:14: note: this is the location of the previous definition
   14 | #define CUDA_CHECK(call)                                                   \
      | 
In file included from /home/myl/cache_search/head.h:3,
                 from /home/myl/cache_search/entry.h:8,
                 from /home/myl/cache_search/graph.h:2,
                 from /home/myl/cache_search/main.cpp:3:
/home/myl/optix7.6/NVIDIA-OptiX-SDK-7.6.0-linux64-x86_64/include/optix_stubs.h: In function ‘OptixResult optixUninitWithHandle(void*)’:
/home/myl/optix7.6/NVIDIA-OptiX-SDK-7.6.0-linux64-x86_64/include/optix_stubs.h:256:36: warning: missing initializer for member ‘OptixFunctionTable::optixGetErrorString’ [-Wmissing-field-initializers]
  256 |     OptixFunctionTable empty = { 0 };
      |                                    ^
/home/myl/optix7.6/NVIDIA-OptiX-SDK-7.6.0-linux64-x86_64/include/optix_stubs.h:256:36: warning: missing initializer for member ‘OptixFunctionTable::optixDeviceContextCreate’ [-Wmissing-field-initializers]
/home/myl/optix7.6/NVIDIA-OptiX-SDK-7.6.0-linux64-x86_64/include/optix_stubs.h:256:36: warning: missing initializer for member ‘OptixFunctionTable::optixDeviceContextDestroy’ [-Wmissing-field-initializers]
/home/myl/optix7.6/NVIDIA-OptiX-SDK-7.6.0-linux64-x86_64/include/optix_stubs.h:256:36: warning: missing initializer for member ‘OptixFunctionTable::optixDeviceContextGetProperty’ [-Wmissing-field-initializers]
/home/myl/optix7.6/NVIDIA-OptiX-SDK-7.6.0-linux64-x86_64/include/optix_stubs.h:256:36: warning: missing initializer for member ‘OptixFunctionTable::optixDeviceContextSetLogCallback’ [-Wmissing-field-initializers]
/home/myl/optix7.6/NVIDIA-OptiX-SDK-7.6.0-linux64-x86_64/include/optix_stubs.h:256:36: warning: missing initializer for member ‘OptixFunctionTable::optixDeviceContextSetCacheEnabled’ [-Wmissing-field-initializers]
/home/myl/optix7.6/NVIDIA-OptiX-SDK-7.6.0-linux64-x86_64/include/optix_stubs.h:256:36: warning: missing initializer for member ‘OptixFunctionTable::optixDeviceContextSetCacheLocation’ [-Wmissing-field-initializers]
/home/myl/optix7.6/NVIDIA-OptiX-SDK-7.6.0-linux64-x86_64/include/optix_stubs.h:256:36: warning: missing initializer for member ‘OptixFunctionTable::optixDeviceContextSetCacheDatabaseSizes’ [-Wmissing-field-initializers]
/home/myl/optix7.6/NVIDIA-OptiX-SDK-7.6.0-linux64-x86_64/include/optix_stubs.h:256:36: warning: missing initializer for member ‘OptixFunctionTable::optixDeviceContextGetCacheEnabled’ [-Wmissing-field-initializers]
/home/myl/optix7.6/NVIDIA-OptiX-SDK-7.6.0-linux64-x86_64/include/optix_stubs.h:256:36: warning: missing initializer for member ‘OptixFunctionTable::optixDeviceContextGetCacheLocation’ [-Wmissing-field-initializers]
/home/myl/optix7.6/NVIDIA-OptiX-SDK-7.6.0-linux64-x86_64/include/optix_stubs.h:256:36: warning: missing initializer for member ‘OptixFunctionTable::optixDeviceContextGetCacheDatabaseSizes’ [-Wmissing-field-initializers]
/home/myl/optix7.6/NVIDIA-OptiX-SDK-7.6.0-linux64-x86_64/include/optix_stubs.h:256:36: warning: missing initializer for member ‘OptixFunctionTable::optixModuleCreateFromPTX’ [-Wmissing-field-initializers]
/home/myl/optix7.6/NVIDIA-OptiX-SDK-7.6.0-linux64-x86_64/include/optix_stubs.h:256:36: warning: missing initializer for member ‘OptixFunctionTable::optixModuleCreateFromPTXWithTasks’ [-Wmissing-field-initializers]
/home/myl/optix7.6/NVIDIA-OptiX-SDK-7.6.0-linux64-x86_64/include/optix_stubs.h:256:36: warning: missing initializer for member ‘OptixFunctionTable::optixModuleGetCompilationState’ [-Wmissing-field-initializers]
/home/myl/optix7.6/NVIDIA-OptiX-SDK-7.6.0-linux64-x86_64/include/optix_stubs.h:256:36: warning: missing initializer for member ‘OptixFunctionTable::optixModuleDestroy’ [-Wmissing-field-initializers]
/home/myl/optix7.6/NVIDIA-OptiX-SDK-7.6.0-linux64-x86_64/include/optix_stubs.h:256:36: warning: missing initializer for member ‘OptixFunctionTable::optixBuiltinISModuleGet’ [-Wmissing-field-initializers]
/home/myl/optix7.6/NVIDIA-OptiX-SDK-7.6.0-linux64-x86_64/include/optix_stubs.h:256:36: warning: missing initializer for member ‘OptixFunctionTable::optixTaskExecute’ [-Wmissing-field-initializers]
/home/myl/optix7.6/NVIDIA-OptiX-SDK-7.6.0-linux64-x86_64/include/optix_stubs.h:256:36: warning: missing initializer for member ‘OptixFunctionTable::optixProgramGroupCreate’ [-Wmissing-field-initializers]
/home/myl/optix7.6/NVIDIA-OptiX-SDK-7.6.0-linux64-x86_64/include/optix_stubs.h:256:36: warning: missing initializer for member ‘OptixFunctionTable::optixProgramGroupDestroy’ [-Wmissing-field-initializers]
/home/myl/optix7.6/NVIDIA-OptiX-SDK-7.6.0-linux64-x86_64/include/optix_stubs.h:256:36: warning: missing initializer for member ‘OptixFunctionTable::optixProgramGroupGetStackSize’ [-Wmissing-field-initializers]
/home/myl/optix7.6/NVIDIA-OptiX-SDK-7.6.0-linux64-x86_64/include/optix_stubs.h:256:36: warning: missing initializer for member ‘OptixFunctionTable::optixPipelineCreate’ [-Wmissing-field-initializers]
/home/myl/optix7.6/NVIDIA-OptiX-SDK-7.6.0-linux64-x86_64/include/optix_stubs.h:256:36: warning: missing initializer for member ‘OptixFunctionTable::optixPipelineDestroy’ [-Wmissing-field-initializers]
/home/myl/optix7.6/NVIDIA-OptiX-SDK-7.6.0-linux64-x86_64/include/optix_stubs.h:256:36: warning: missing initializer for member ‘OptixFunctionTable::optixPipelineSetStackSize’ [-Wmissing-field-initializers]
/home/myl/optix7.6/NVIDIA-OptiX-SDK-7.6.0-linux64-x86_64/include/optix_stubs.h:256:36: warning: missing initializer for member ‘OptixFunctionTable::optixAccelComputeMemoryUsage’ [-Wmissing-field-initializers]
/home/myl/optix7.6/NVIDIA-OptiX-SDK-7.6.0-linux64-x86_64/include/optix_stubs.h:256:36: warning: missing initializer for member ‘OptixFunctionTable::optixAccelBuild’ [-Wmissing-field-initializers]
/home/myl/optix7.6/NVIDIA-OptiX-SDK-7.6.0-linux64-x86_64/include/optix_stubs.h:256:36: warning: missing initializer for member ‘OptixFunctionTable::optixAccelGetRelocationInfo’ [-Wmissing-field-initializers]
/home/myl/optix7.6/NVIDIA-OptiX-SDK-7.6.0-linux64-x86_64/include/optix_stubs.h:256:36: warning: missing initializer for member ‘OptixFunctionTable::optixCheckRelocationCompatibility’ [-Wmissing-field-initializers]
/home/myl/optix7.6/NVIDIA-OptiX-SDK-7.6.0-linux64-x86_64/include/optix_stubs.h:256:36: warning: missing initializer for member ‘OptixFunctionTable::optixAccelRelocate’ [-Wmissing-field-initializers]
/home/myl/optix7.6/NVIDIA-OptiX-SDK-7.6.0-linux64-x86_64/include/optix_stubs.h:256:36: warning: missing initializer for member ‘OptixFunctionTable::optixAccelCompact’ [-Wmissing-field-initializers]
/home/myl/optix7.6/NVIDIA-OptiX-SDK-7.6.0-linux64-x86_64/include/optix_stubs.h:256:36: warning: missing initializer for member ‘OptixFunctionTable::optixConvertPointerToTraversableHandle’ [-Wmissing-field-initializers]
/home/myl/optix7.6/NVIDIA-OptiX-SDK-7.6.0-linux64-x86_64/include/optix_stubs.h:256:36: warning: missing initializer for member ‘OptixFunctionTable::optixOpacityMicromapArrayComputeMemoryUsage’ [-Wmissing-field-initializers]
/home/myl/optix7.6/NVIDIA-OptiX-SDK-7.6.0-linux64-x86_64/include/optix_stubs.h:256:36: warning: missing initializer for member ‘OptixFunctionTable::optixOpacityMicromapArrayBuild’ [-Wmissing-field-initializers]
/home/myl/optix7.6/NVIDIA-OptiX-SDK-7.6.0-linux64-x86_64/include/optix_stubs.h:256:36: warning: missing initializer for member ‘OptixFunctionTable::optixOpacityMicromapArrayGetRelocationInfo’ [-Wmissing-field-initializers]
/home/myl/optix7.6/NVIDIA-OptiX-SDK-7.6.0-linux64-x86_64/include/optix_stubs.h:256:36: warning: missing initializer for member ‘OptixFunctionTable::optixOpacityMicromapArrayRelocate’ [-Wmissing-field-initializers]
/home/myl/optix7.6/NVIDIA-OptiX-SDK-7.6.0-linux64-x86_64/include/optix_stubs.h:256:36: warning: missing initializer for member ‘OptixFunctionTable::reserved1’ [-Wmissing-field-initializers]
/home/myl/optix7.6/NVIDIA-OptiX-SDK-7.6.0-linux64-x86_64/include/optix_stubs.h:256:36: warning: missing initializer for member ‘OptixFunctionTable::reserved2’ [-Wmissing-field-initializers]
/home/myl/optix7.6/NVIDIA-OptiX-SDK-7.6.0-linux64-x86_64/include/optix_stubs.h:256:36: warning: missing initializer for member ‘OptixFunctionTable::optixSbtRecordPackHeader’ [-Wmissing-field-initializers]
/home/myl/optix7.6/NVIDIA-OptiX-SDK-7.6.0-linux64-x86_64/include/optix_stubs.h:256:36: warning: missing initializer for member ‘OptixFunctionTable::optixLaunch’ [-Wmissing-field-initializers]
/home/myl/optix7.6/NVIDIA-OptiX-SDK-7.6.0-linux64-x86_64/include/optix_stubs.h:256:36: warning: missing initializer for member ‘OptixFunctionTable::optixDenoiserCreate’ [-Wmissing-field-initializers]
/home/myl/optix7.6/NVIDIA-OptiX-SDK-7.6.0-linux64-x86_64/include/optix_stubs.h:256:36: warning: missing initializer for member ‘OptixFunctionTable::optixDenoiserDestroy’ [-Wmissing-field-initializers]
/home/myl/optix7.6/NVIDIA-OptiX-SDK-7.6.0-linux64-x86_64/include/optix_stubs.h:256:36: warning: missing initializer for member ‘OptixFunctionTable::optixDenoiserComputeMemoryResources’ [-Wmissing-field-initializers]
/home/myl/optix7.6/NVIDIA-OptiX-SDK-7.6.0-linux64-x86_64/include/optix_stubs.h:256:36: warning: missing initializer for member ‘OptixFunctionTable::optixDenoiserSetup’ [-Wmissing-field-initializers]
/home/myl/optix7.6/NVIDIA-OptiX-SDK-7.6.0-linux64-x86_64/include/optix_stubs.h:256:36: warning: missing initializer for member ‘OptixFunctionTable::optixDenoiserInvoke’ [-Wmissing-field-initializers]
/home/myl/optix7.6/NVIDIA-OptiX-SDK-7.6.0-linux64-x86_64/include/optix_stubs.h:256:36: warning: missing initializer for member ‘OptixFunctionTable::optixDenoiserComputeIntensity’ [-Wmissing-field-initializers]
/home/myl/optix7.6/NVIDIA-OptiX-SDK-7.6.0-linux64-x86_64/include/optix_stubs.h:256:36: warning: missing initializer for member ‘OptixFunctionTable::optixDenoiserComputeAverageColor’ [-Wmissing-field-initializers]
/home/myl/optix7.6/NVIDIA-OptiX-SDK-7.6.0-linux64-x86_64/include/optix_stubs.h:256:36: warning: missing initializer for member ‘OptixFunctionTable::optixDenoiserCreateWithUserModel’ [-Wmissing-field-initializers]
/home/myl/cache_search/cache/page_cache.cu:29: warning: "CUDA_CHECK" redefined
   29 | #define CUDA_CHECK(expr) cuda_check((expr), #expr, __FILE__, __LINE__)
      | 
In file included from /home/myl/cache_search/cache/../head.h:21,
                 from /home/myl/cache_search/cache/page_cache.h:7,
                 from /home/myl/cache_search/cache/page_cache.cu:1:
/home/myl/cache_search/cache/../helper.h:14: note: this is the location of the previous definition
   14 | #define CUDA_CHECK(call)                                                   \
      | 
/home/myl/cache_search/cache/page_cache.cu:29: warning: "CUDA_CHECK" redefined
   29 | #define CUDA_CHECK(expr) cuda_check((expr), #expr, __FILE__, __LINE__)
      | 
In file included from /home/myl/cache_search/cache/../head.h:21,
                 from /home/myl/cache_search/cache/page_cache.h:7,
                 from /home/myl/cache_search/cache/page_cache.cu:1:
/home/myl/cache_search/cache/../helper.h:14: note: this is the location of the previous definition
   14 | #define CUDA_CHECK(call)                                                   \
      | 
In file included from /home/myl/cache_search/graph.h:3,
                 from /home/myl/cache_search/main.cpp:3:
/home/myl/cache_search/pca/pca.h: In constructor ‘PCA::PCA(float*, uint, uint)’:
/home/myl/cache_search/pca/pca.h:17:23: warning: comparison of integer expressions of different signedness: ‘int’ and ‘uint’ {aka ‘unsigned int’} [-Wsign-compare]
   17 |     for (int i = 0; i < nb; i++) {
      |                     ~~^~~~
/home/myl/cache_search/pca/pca.h:18:25: warning: comparison of integer expressions of different signedness: ‘int’ and ‘uint’ {aka ‘unsigned int’} [-Wsign-compare]
   18 |       for (int j = 0; j < dim; j++) {
      |                       ~~^~~~~
/home/myl/cache_search/main.cpp: In function ‘int main(int, char**)’:
/home/myl/cache_search/main.cpp:91:9: warning: unused variable ‘datafile’ [-Wunused-variable]
   91 |   char* datafile = (char*)FLAGS_data_path.c_str();
      |         ^~~~~~~~
/home/myl/cache_search/main.cpp:92:9: warning: unused variable ‘queryfile’ [-Wunused-variable]
   92 |   char* queryfile = (char*)FLAGS_query_path.c_str();
      |         ^~~~~~~~~
/home/myl/cache_search/main.cpp:93:9: warning: unused variable ‘gtfile’ [-Wunused-variable]
   93 |   char* gtfile = (char*)FLAGS_gt_path.c_str();
      |         ^~~~~~
/home/myl/cache_search/file_read.cu(138): warning #1650-D: result of call is not used
    fscanf(file, "%d %d", &n, &d);
    ^

Remark: The warnings can be suppressed with "-diag-suppress <warning-number>"

/home/myl/cache_search/file_read.cu(142): warning #1650-D: result of call is not used
        fscanf(file, "%f,", &data[i * d + j]);
        ^

/home/myl/cache_search/file_read.cu(144): warning #1650-D: result of call is not used
      fscanf(file, "%f", &data[i * d + d - 1]);
      ^

/home/myl/cache_search/file_read.cu(206): warning #1650-D: result of call is not used
    fread(&d, sizeof(d), 1, file);
    ^

/home/myl/cache_search/file_read.cu(208): warning #1650-D: result of call is not used
    fread(data_ptr, sizeof(float), n*d, file);
    ^

/home/myl/cache_search/file_read.cu(138): warning #1650-D: result of call is not used
    fscanf(file, "%d %d", &n, &d);
    ^

Remark: The warnings can be suppressed with "-diag-suppress <warning-number>"

/home/myl/cache_search/file_read.cu(142): warning #1650-D: result of call is not used
        fscanf(file, "%f,", &data[i * d + j]);
        ^

/home/myl/cache_search/file_read.cu(144): warning #1650-D: result of call is not used
      fscanf(file, "%f", &data[i * d + d - 1]);
      ^

/home/myl/cache_search/file_read.cu(206): warning #1650-D: result of call is not used
    fread(&d, sizeof(d), 1, file);
    ^

/home/myl/cache_search/file_read.cu(208): warning #1650-D: result of call is not used
    fread(data_ptr, sizeof(float), n*d, file);
    ^

/home/myl/cache_search/graph_helper.cu(222): warning #177-D: variable "max_threads" was declared but never referenced
    int max_threads = 64;
        ^

Remark: The warnings can be suppressed with "-diag-suppress <warning-number>"

/home/myl/cache_search/graph_search.cuh(167): warning #177-D: variable "random_entry_seed" was declared but never referenced
    uint random_entry_seed = b_id*blockSize + t_id;
         ^

Remark: The warnings can be suppressed with "-diag-suppress <warning-number>"

/home/myl/cache_search/file_read.cu(138): warning #1650-D: result of call is not used
    fscanf(file, "%d %d", &n, &d);
    ^

Remark: The warnings can be suppressed with "-diag-suppress <warning-number>"

/home/myl/cache_search/file_read.cu(142): warning #1650-D: result of call is not used
        fscanf(file, "%f,", &data[i * d + j]);
        ^

/home/myl/cache_search/file_read.cu(144): warning #1650-D: result of call is not used
      fscanf(file, "%f", &data[i * d + d - 1]);
      ^

/home/myl/cache_search/file_read.cu(206): warning #1650-D: result of call is not used
    fread(&d, sizeof(d), 1, file);
    ^

/home/myl/cache_search/file_read.cu(208): warning #1650-D: result of call is not used
    fread(data_ptr, sizeof(float), n*d, file);
    ^

/home/myl/cache_search/graph_helper.cu(222): warning #177-D: variable "max_threads" was declared but never referenced
    int max_threads = 64;
        ^

Remark: The warnings can be suppressed with "-diag-suppress <warning-number>"

/home/myl/cache_search/file_read.cu: In static member function ‘static void file_read::read_txt_file(const char*, int&, int&, thrust::host_vector<float>&)’:
/home/myl/cache_search/file_read.cu:138:7: warning: ignoring return value of ‘int fscanf(FILE*, const char*, ...)’ declared with attribute ‘warn_unused_result’ [-Wunused-result]
  138 |   fscanf(file, "%d %d", &n, &d);
      |   ~~~~^~~~~~~~~~~~~~~~~~~~~~~
/home/myl/cache_search/file_read.cu:142:7: warning: ignoring return value of ‘int fscanf(FILE*, const char*, ...)’ declared with attribute ‘warn_unused_result’ [-Wunused-result]
  142 |       fscanf(file, "%f,", &data[i * d + j]);
      |       ^~~~~~~~~~~~~~~~~~~~~~~~~~~~~~~~~
/home/myl/cache_search/file_read.cu:144:7: warning: ignoring return value of ‘int fscanf(FILE*, const char*, ...)’ declared with attribute ‘warn_unused_result’ [-Wunused-result]
  144 |     fscanf(file, "%f", &data[i * d + d - 1]);
      |     ~~^~~~~~~~~~~~~~~~~~~~~~~~~~~~~~~~~~~~~~
/home/myl/cache_search/file_read.cu: In static member function ‘static void file_read::read_hvecs_file(const char*, int&, int&, thrust::host_vector<float>&)’:
/home/myl/cache_search/file_read.cu:206:6: warning: ignoring return value of ‘size_t fread(void*, size_t, size_t, FILE*)’ declared with attribute ‘warn_unused_result’ [-Wunused-result]
  206 |   fread(&d, sizeof(d), 1, file);
      |   ~~~^~~~~~~~~~~~~~~~~~~~~~~
/home/myl/cache_search/file_read.cu:208:6: warning: ignoring return value of ‘size_t fread(void*, size_t, size_t, FILE*)’ declared with attribute ‘warn_unused_result’ [-Wunused-result]
  208 |   fread(data_ptr, sizeof(float), n*d, file);
      |   ~~~^~~~~~~~~~~~~~~~~~~~~~~~~~~~~~~~~~~~~~
/home/myl/cache_search/graph_search.cuh(167): warning #177-D: variable "random_entry_seed" was declared but never referenced
    uint random_entry_seed = b_id*blockSize + t_id;
         ^

Remark: The warnings can be suppressed with "-diag-suppress <warning-number>"

[ 73%] Linking CXX executable /home/myl/cache_search/bin/test
[100%] Built target test
正在运行 ./test --ALGO=1 --topk=0 --n_candidates=1024 --expand_ratio=0.2 --point_ratio=0.00001024 --search_width=4 --t=50 --n_cluster=1000  --max_iter=1000 ...
Total GPUs visible: 6, using [3]: NVIDIA L40
Available Memory: 44940 MB, Total Memory: 45372 MB
Shared memory per block: 49152 bytes
Shared memory per SM   : 102400 bytes
Shared memory per block (optin): 101376 bytes
Input
n = 10000, d = 128
np = 100000000, dim = 128
Cluster number: 10000
Centroids read successfully
Input: copy points to device
Input: finish copy points to device
degree = 64
RB_Graph: finish read or build graph
Projection: reading pca base file /mnt/IntelP5520_8T_1/myl/cache_search/data/sift100M/rotated_base.fbin
read PCA file
sizeof_points = 12800000000
Projection: finish reading pca base file
BlockUp function
reading AABB from file /mnt/IntelP5520_8T_1/myl/cache_search/data/sift100M/1024_0.aabbs
Create context
Create module
Create program groups
Create pipeline
Create SBT
BVH Building Time = 0.442208 ms
batch_size = 5
time build_query_batches: 0.042405 ms
time pca projection: 0.132838 ms
time rt_entry search: 0.094712 ms
time graph search: 40792 ms
compute_dim = 22332620952
compute_dis = 544698072
average dimensions per distance computation = 41
time total search time: 40792.3 ms
checking results...
gt_k = 1000
recall1@1024 = 0.999700
recall10@1024 = 0.998780
recall100@1024 = 0.984727
recall1000@1024 = 0.629364
Free memory: 4252 MB
Total memory: 45372 MB
Used memory: 41120 MB
Clean up RT ...
Finish cleaning up RT
完成 DIM = 41 的测试

==================================================
正在处理: DIM = 40
==================================================
[ 13%] Built target compute_pca
[ 17%] Building NVCC ptx file cuda_compile_ptx_1_generated_devicePrograms.cu.ptx
[ 21%] compiling (and embedding ptx from) devicePrograms.cu
[ 30%] Building CXX object CMakeFiles/test.dir/main.cpp.o
[ 30%] Building C object CMakeFiles/test.dir/cuda_compile_ptx_1_generated_devicePrograms.cu.ptx_embedded.c.o
[ 34%] Building CUDA object CMakeFiles/test.dir/aabb.cu.o
[ 39%] Building CUDA object CMakeFiles/test.dir/entry.cu.o
[ 43%] Building CUDA object CMakeFiles/test.dir/entry_helper.cu.o
[ 47%] Building CUDA object CMakeFiles/test.dir/matrix.cu.o
[ 52%] Building CUDA object CMakeFiles/test.dir/file_read.cu.o
nvcc warning : incompatible redefinition for option 'std', the last value of this option was used
[ 56%] Building CXX object CMakeFiles/test.dir/raytracing.cpp.o
nvcc warning : incompatible redefinition for option 'std', the last value of this option was used
nvcc warning : incompatible redefinition for option 'std', the last value of this option was used
[ 60%] Building CUDA object CMakeFiles/test.dir/graph.cu.o
nvcc warning : incompatible redefinition for option 'std', the last value of this option was used
nvcc warning : incompatible redefinition for option 'std', the last value of this option was used
[ 65%] Building CUDA object CMakeFiles/test.dir/graph_helper.cu.o
[ 69%] Building CUDA object CMakeFiles/test.dir/cache/page_cache.cu.o
nvcc warning : incompatible redefinition for option 'std', the last value of this option was used
nvcc warning : incompatible redefinition for option 'std', the last value of this option was used
nvcc warning : incompatible redefinition for option 'std', the last value of this option was used
In file included from /home/myl/cache_search/head.h:3,
                 from /home/myl/cache_search/raytracing.h:3,
                 from /home/myl/cache_search/raytracing.cpp:2:
/home/myl/optix7.6/NVIDIA-OptiX-SDK-7.6.0-linux64-x86_64/include/optix_stubs.h: In function ‘OptixResult optixUninitWithHandle(void*)’:
/home/myl/optix7.6/NVIDIA-OptiX-SDK-7.6.0-linux64-x86_64/include/optix_stubs.h:256:36: warning: missing initializer for member ‘OptixFunctionTable::optixGetErrorString’ [-Wmissing-field-initializers]
  256 |     OptixFunctionTable empty = { 0 };
      |                                    ^
/home/myl/optix7.6/NVIDIA-OptiX-SDK-7.6.0-linux64-x86_64/include/optix_stubs.h:256:36: warning: missing initializer for member ‘OptixFunctionTable::optixDeviceContextCreate’ [-Wmissing-field-initializers]
/home/myl/optix7.6/NVIDIA-OptiX-SDK-7.6.0-linux64-x86_64/include/optix_stubs.h:256:36: warning: missing initializer for member ‘OptixFunctionTable::optixDeviceContextDestroy’ [-Wmissing-field-initializers]
/home/myl/optix7.6/NVIDIA-OptiX-SDK-7.6.0-linux64-x86_64/include/optix_stubs.h:256:36: warning: missing initializer for member ‘OptixFunctionTable::optixDeviceContextGetProperty’ [-Wmissing-field-initializers]
/home/myl/optix7.6/NVIDIA-OptiX-SDK-7.6.0-linux64-x86_64/include/optix_stubs.h:256:36: warning: missing initializer for member ‘OptixFunctionTable::optixDeviceContextSetLogCallback’ [-Wmissing-field-initializers]
/home/myl/optix7.6/NVIDIA-OptiX-SDK-7.6.0-linux64-x86_64/include/optix_stubs.h:256:36: warning: missing initializer for member ‘OptixFunctionTable::optixDeviceContextSetCacheEnabled’ [-Wmissing-field-initializers]
/home/myl/optix7.6/NVIDIA-OptiX-SDK-7.6.0-linux64-x86_64/include/optix_stubs.h:256:36: warning: missing initializer for member ‘OptixFunctionTable::optixDeviceContextSetCacheLocation’ [-Wmissing-field-initializers]
/home/myl/optix7.6/NVIDIA-OptiX-SDK-7.6.0-linux64-x86_64/include/optix_stubs.h:256:36: warning: missing initializer for member ‘OptixFunctionTable::optixDeviceContextSetCacheDatabaseSizes’ [-Wmissing-field-initializers]
/home/myl/optix7.6/NVIDIA-OptiX-SDK-7.6.0-linux64-x86_64/include/optix_stubs.h:256:36: warning: missing initializer for member ‘OptixFunctionTable::optixDeviceContextGetCacheEnabled’ [-Wmissing-field-initializers]
/home/myl/optix7.6/NVIDIA-OptiX-SDK-7.6.0-linux64-x86_64/include/optix_stubs.h:256:36: warning: missing initializer for member ‘OptixFunctionTable::optixDeviceContextGetCacheLocation’ [-Wmissing-field-initializers]
/home/myl/optix7.6/NVIDIA-OptiX-SDK-7.6.0-linux64-x86_64/include/optix_stubs.h:256:36: warning: missing initializer for member ‘OptixFunctionTable::optixDeviceContextGetCacheDatabaseSizes’ [-Wmissing-field-initializers]
/home/myl/optix7.6/NVIDIA-OptiX-SDK-7.6.0-linux64-x86_64/include/optix_stubs.h:256:36: warning: missing initializer for member ‘OptixFunctionTable::optixModuleCreateFromPTX’ [-Wmissing-field-initializers]
/home/myl/optix7.6/NVIDIA-OptiX-SDK-7.6.0-linux64-x86_64/include/optix_stubs.h:256:36: warning: missing initializer for member ‘OptixFunctionTable::optixModuleCreateFromPTXWithTasks’ [-Wmissing-field-initializers]
/home/myl/optix7.6/NVIDIA-OptiX-SDK-7.6.0-linux64-x86_64/include/optix_stubs.h:256:36: warning: missing initializer for member ‘OptixFunctionTable::optixModuleGetCompilationState’ [-Wmissing-field-initializers]
/home/myl/optix7.6/NVIDIA-OptiX-SDK-7.6.0-linux64-x86_64/include/optix_stubs.h:256:36: warning: missing initializer for member ‘OptixFunctionTable::optixModuleDestroy’ [-Wmissing-field-initializers]
/home/myl/optix7.6/NVIDIA-OptiX-SDK-7.6.0-linux64-x86_64/include/optix_stubs.h:256:36: warning: missing initializer for member ‘OptixFunctionTable::optixBuiltinISModuleGet’ [-Wmissing-field-initializers]
/home/myl/optix7.6/NVIDIA-OptiX-SDK-7.6.0-linux64-x86_64/include/optix_stubs.h:256:36: warning: missing initializer for member ‘OptixFunctionTable::optixTaskExecute’ [-Wmissing-field-initializers]
/home/myl/optix7.6/NVIDIA-OptiX-SDK-7.6.0-linux64-x86_64/include/optix_stubs.h:256:36: warning: missing initializer for member ‘OptixFunctionTable::optixProgramGroupCreate’ [-Wmissing-field-initializers]
/home/myl/optix7.6/NVIDIA-OptiX-SDK-7.6.0-linux64-x86_64/include/optix_stubs.h:256:36: warning: missing initializer for member ‘OptixFunctionTable::optixProgramGroupDestroy’ [-Wmissing-field-initializers]
/home/myl/optix7.6/NVIDIA-OptiX-SDK-7.6.0-linux64-x86_64/include/optix_stubs.h:256:36: warning: missing initializer for member ‘OptixFunctionTable::optixProgramGroupGetStackSize’ [-Wmissing-field-initializers]
/home/myl/optix7.6/NVIDIA-OptiX-SDK-7.6.0-linux64-x86_64/include/optix_stubs.h:256:36: warning: missing initializer for member ‘OptixFunctionTable::optixPipelineCreate’ [-Wmissing-field-initializers]
/home/myl/optix7.6/NVIDIA-OptiX-SDK-7.6.0-linux64-x86_64/include/optix_stubs.h:256:36: warning: missing initializer for member ‘OptixFunctionTable::optixPipelineDestroy’ [-Wmissing-field-initializers]
/home/myl/optix7.6/NVIDIA-OptiX-SDK-7.6.0-linux64-x86_64/include/optix_stubs.h:256:36: warning: missing initializer for member ‘OptixFunctionTable::optixPipelineSetStackSize’ [-Wmissing-field-initializers]
/home/myl/optix7.6/NVIDIA-OptiX-SDK-7.6.0-linux64-x86_64/include/optix_stubs.h:256:36: warning: missing initializer for member ‘OptixFunctionTable::optixAccelComputeMemoryUsage’ [-Wmissing-field-initializers]
/home/myl/optix7.6/NVIDIA-OptiX-SDK-7.6.0-linux64-x86_64/include/optix_stubs.h:256:36: warning: missing initializer for member ‘OptixFunctionTable::optixAccelBuild’ [-Wmissing-field-initializers]
/home/myl/optix7.6/NVIDIA-OptiX-SDK-7.6.0-linux64-x86_64/include/optix_stubs.h:256:36: warning: missing initializer for member ‘OptixFunctionTable::optixAccelGetRelocationInfo’ [-Wmissing-field-initializers]
/home/myl/optix7.6/NVIDIA-OptiX-SDK-7.6.0-linux64-x86_64/include/optix_stubs.h:256:36: warning: missing initializer for member ‘OptixFunctionTable::optixCheckRelocationCompatibility’ [-Wmissing-field-initializers]
/home/myl/optix7.6/NVIDIA-OptiX-SDK-7.6.0-linux64-x86_64/include/optix_stubs.h:256:36: warning: missing initializer for member ‘OptixFunctionTable::optixAccelRelocate’ [-Wmissing-field-initializers]
/home/myl/optix7.6/NVIDIA-OptiX-SDK-7.6.0-linux64-x86_64/include/optix_stubs.h:256:36: warning: missing initializer for member ‘OptixFunctionTable::optixAccelCompact’ [-Wmissing-field-initializers]
/home/myl/optix7.6/NVIDIA-OptiX-SDK-7.6.0-linux64-x86_64/include/optix_stubs.h:256:36: warning: missing initializer for member ‘OptixFunctionTable::optixConvertPointerToTraversableHandle’ [-Wmissing-field-initializers]
/home/myl/optix7.6/NVIDIA-OptiX-SDK-7.6.0-linux64-x86_64/include/optix_stubs.h:256:36: warning: missing initializer for member ‘OptixFunctionTable::optixOpacityMicromapArrayComputeMemoryUsage’ [-Wmissing-field-initializers]
/home/myl/optix7.6/NVIDIA-OptiX-SDK-7.6.0-linux64-x86_64/include/optix_stubs.h:256:36: warning: missing initializer for member ‘OptixFunctionTable::optixOpacityMicromapArrayBuild’ [-Wmissing-field-initializers]
/home/myl/optix7.6/NVIDIA-OptiX-SDK-7.6.0-linux64-x86_64/include/optix_stubs.h:256:36: warning: missing initializer for member ‘OptixFunctionTable::optixOpacityMicromapArrayGetRelocationInfo’ [-Wmissing-field-initializers]
/home/myl/optix7.6/NVIDIA-OptiX-SDK-7.6.0-linux64-x86_64/include/optix_stubs.h:256:36: warning: missing initializer for member ‘OptixFunctionTable::optixOpacityMicromapArrayRelocate’ [-Wmissing-field-initializers]
/home/myl/optix7.6/NVIDIA-OptiX-SDK-7.6.0-linux64-x86_64/include/optix_stubs.h:256:36: warning: missing initializer for member ‘OptixFunctionTable::reserved1’ [-Wmissing-field-initializers]
/home/myl/optix7.6/NVIDIA-OptiX-SDK-7.6.0-linux64-x86_64/include/optix_stubs.h:256:36: warning: missing initializer for member ‘OptixFunctionTable::reserved2’ [-Wmissing-field-initializers]
/home/myl/optix7.6/NVIDIA-OptiX-SDK-7.6.0-linux64-x86_64/include/optix_stubs.h:256:36: warning: missing initializer for member ‘OptixFunctionTable::optixSbtRecordPackHeader’ [-Wmissing-field-initializers]
/home/myl/optix7.6/NVIDIA-OptiX-SDK-7.6.0-linux64-x86_64/include/optix_stubs.h:256:36: warning: missing initializer for member ‘OptixFunctionTable::optixLaunch’ [-Wmissing-field-initializers]
/home/myl/optix7.6/NVIDIA-OptiX-SDK-7.6.0-linux64-x86_64/include/optix_stubs.h:256:36: warning: missing initializer for member ‘OptixFunctionTable::optixDenoiserCreate’ [-Wmissing-field-initializers]
/home/myl/optix7.6/NVIDIA-OptiX-SDK-7.6.0-linux64-x86_64/include/optix_stubs.h:256:36: warning: missing initializer for member ‘OptixFunctionTable::optixDenoiserDestroy’ [-Wmissing-field-initializers]
/home/myl/optix7.6/NVIDIA-OptiX-SDK-7.6.0-linux64-x86_64/include/optix_stubs.h:256:36: warning: missing initializer for member ‘OptixFunctionTable::optixDenoiserComputeMemoryResources’ [-Wmissing-field-initializers]
/home/myl/optix7.6/NVIDIA-OptiX-SDK-7.6.0-linux64-x86_64/include/optix_stubs.h:256:36: warning: missing initializer for member ‘OptixFunctionTable::optixDenoiserSetup’ [-Wmissing-field-initializers]
/home/myl/optix7.6/NVIDIA-OptiX-SDK-7.6.0-linux64-x86_64/include/optix_stubs.h:256:36: warning: missing initializer for member ‘OptixFunctionTable::optixDenoiserInvoke’ [-Wmissing-field-initializers]
/home/myl/optix7.6/NVIDIA-OptiX-SDK-7.6.0-linux64-x86_64/include/optix_stubs.h:256:36: warning: missing initializer for member ‘OptixFunctionTable::optixDenoiserComputeIntensity’ [-Wmissing-field-initializers]
/home/myl/optix7.6/NVIDIA-OptiX-SDK-7.6.0-linux64-x86_64/include/optix_stubs.h:256:36: warning: missing initializer for member ‘OptixFunctionTable::optixDenoiserComputeAverageColor’ [-Wmissing-field-initializers]
/home/myl/optix7.6/NVIDIA-OptiX-SDK-7.6.0-linux64-x86_64/include/optix_stubs.h:256:36: warning: missing initializer for member ‘OptixFunctionTable::optixDenoiserCreateWithUserModel’ [-Wmissing-field-initializers]
/home/myl/cache_search/cache/page_cache.cu:29: warning: "CUDA_CHECK" redefined
   29 | #define CUDA_CHECK(expr) cuda_check((expr), #expr, __FILE__, __LINE__)
      | 
In file included from /home/myl/cache_search/cache/../head.h:21,
                 from /home/myl/cache_search/cache/page_cache.h:7,
                 from /home/myl/cache_search/cache/page_cache.cu:1:
/home/myl/cache_search/cache/../helper.h:14: note: this is the location of the previous definition
   14 | #define CUDA_CHECK(call)                                                   \
      | 
In file included from /home/myl/cache_search/head.h:3,
                 from /home/myl/cache_search/entry.h:8,
                 from /home/myl/cache_search/graph.h:2,
                 from /home/myl/cache_search/main.cpp:3:
/home/myl/optix7.6/NVIDIA-OptiX-SDK-7.6.0-linux64-x86_64/include/optix_stubs.h: In function ‘OptixResult optixUninitWithHandle(void*)’:
/home/myl/optix7.6/NVIDIA-OptiX-SDK-7.6.0-linux64-x86_64/include/optix_stubs.h:256:36: warning: missing initializer for member ‘OptixFunctionTable::optixGetErrorString’ [-Wmissing-field-initializers]
  256 |     OptixFunctionTable empty = { 0 };
      |                                    ^
/home/myl/optix7.6/NVIDIA-OptiX-SDK-7.6.0-linux64-x86_64/include/optix_stubs.h:256:36: warning: missing initializer for member ‘OptixFunctionTable::optixDeviceContextCreate’ [-Wmissing-field-initializers]
/home/myl/optix7.6/NVIDIA-OptiX-SDK-7.6.0-linux64-x86_64/include/optix_stubs.h:256:36: warning: missing initializer for member ‘OptixFunctionTable::optixDeviceContextDestroy’ [-Wmissing-field-initializers]
/home/myl/optix7.6/NVIDIA-OptiX-SDK-7.6.0-linux64-x86_64/include/optix_stubs.h:256:36: warning: missing initializer for member ‘OptixFunctionTable::optixDeviceContextGetProperty’ [-Wmissing-field-initializers]
/home/myl/optix7.6/NVIDIA-OptiX-SDK-7.6.0-linux64-x86_64/include/optix_stubs.h:256:36: warning: missing initializer for member ‘OptixFunctionTable::optixDeviceContextSetLogCallback’ [-Wmissing-field-initializers]
/home/myl/optix7.6/NVIDIA-OptiX-SDK-7.6.0-linux64-x86_64/include/optix_stubs.h:256:36: warning: missing initializer for member ‘OptixFunctionTable::optixDeviceContextSetCacheEnabled’ [-Wmissing-field-initializers]
/home/myl/optix7.6/NVIDIA-OptiX-SDK-7.6.0-linux64-x86_64/include/optix_stubs.h:256:36: warning: missing initializer for member ‘OptixFunctionTable::optixDeviceContextSetCacheLocation’ [-Wmissing-field-initializers]
/home/myl/optix7.6/NVIDIA-OptiX-SDK-7.6.0-linux64-x86_64/include/optix_stubs.h:256:36: warning: missing initializer for member ‘OptixFunctionTable::optixDeviceContextSetCacheDatabaseSizes’ [-Wmissing-field-initializers]
/home/myl/optix7.6/NVIDIA-OptiX-SDK-7.6.0-linux64-x86_64/include/optix_stubs.h:256:36: warning: missing initializer for member ‘OptixFunctionTable::optixDeviceContextGetCacheEnabled’ [-Wmissing-field-initializers]
/home/myl/optix7.6/NVIDIA-OptiX-SDK-7.6.0-linux64-x86_64/include/optix_stubs.h:256:36: warning: missing initializer for member ‘OptixFunctionTable::optixDeviceContextGetCacheLocation’ [-Wmissing-field-initializers]
/home/myl/optix7.6/NVIDIA-OptiX-SDK-7.6.0-linux64-x86_64/include/optix_stubs.h:256:36: warning: missing initializer for member ‘OptixFunctionTable::optixDeviceContextGetCacheDatabaseSizes’ [-Wmissing-field-initializers]
/home/myl/optix7.6/NVIDIA-OptiX-SDK-7.6.0-linux64-x86_64/include/optix_stubs.h:256:36: warning: missing initializer for member ‘OptixFunctionTable::optixModuleCreateFromPTX’ [-Wmissing-field-initializers]
/home/myl/optix7.6/NVIDIA-OptiX-SDK-7.6.0-linux64-x86_64/include/optix_stubs.h:256:36: warning: missing initializer for member ‘OptixFunctionTable::optixModuleCreateFromPTXWithTasks’ [-Wmissing-field-initializers]
/home/myl/optix7.6/NVIDIA-OptiX-SDK-7.6.0-linux64-x86_64/include/optix_stubs.h:256:36: warning: missing initializer for member ‘OptixFunctionTable::optixModuleGetCompilationState’ [-Wmissing-field-initializers]
/home/myl/optix7.6/NVIDIA-OptiX-SDK-7.6.0-linux64-x86_64/include/optix_stubs.h:256:36: warning: missing initializer for member ‘OptixFunctionTable::optixModuleDestroy’ [-Wmissing-field-initializers]
/home/myl/optix7.6/NVIDIA-OptiX-SDK-7.6.0-linux64-x86_64/include/optix_stubs.h:256:36: warning: missing initializer for member ‘OptixFunctionTable::optixBuiltinISModuleGet’ [-Wmissing-field-initializers]
/home/myl/optix7.6/NVIDIA-OptiX-SDK-7.6.0-linux64-x86_64/include/optix_stubs.h:256:36: warning: missing initializer for member ‘OptixFunctionTable::optixTaskExecute’ [-Wmissing-field-initializers]
/home/myl/optix7.6/NVIDIA-OptiX-SDK-7.6.0-linux64-x86_64/include/optix_stubs.h:256:36: warning: missing initializer for member ‘OptixFunctionTable::optixProgramGroupCreate’ [-Wmissing-field-initializers]
/home/myl/optix7.6/NVIDIA-OptiX-SDK-7.6.0-linux64-x86_64/include/optix_stubs.h:256:36: warning: missing initializer for member ‘OptixFunctionTable::optixProgramGroupDestroy’ [-Wmissing-field-initializers]
/home/myl/optix7.6/NVIDIA-OptiX-SDK-7.6.0-linux64-x86_64/include/optix_stubs.h:256:36: warning: missing initializer for member ‘OptixFunctionTable::optixProgramGroupGetStackSize’ [-Wmissing-field-initializers]
/home/myl/optix7.6/NVIDIA-OptiX-SDK-7.6.0-linux64-x86_64/include/optix_stubs.h:256:36: warning: missing initializer for member ‘OptixFunctionTable::optixPipelineCreate’ [-Wmissing-field-initializers]
/home/myl/optix7.6/NVIDIA-OptiX-SDK-7.6.0-linux64-x86_64/include/optix_stubs.h:256:36: warning: missing initializer for member ‘OptixFunctionTable::optixPipelineDestroy’ [-Wmissing-field-initializers]
/home/myl/optix7.6/NVIDIA-OptiX-SDK-7.6.0-linux64-x86_64/include/optix_stubs.h:256:36: warning: missing initializer for member ‘OptixFunctionTable::optixPipelineSetStackSize’ [-Wmissing-field-initializers]
/home/myl/optix7.6/NVIDIA-OptiX-SDK-7.6.0-linux64-x86_64/include/optix_stubs.h:256:36: warning: missing initializer for member ‘OptixFunctionTable::optixAccelComputeMemoryUsage’ [-Wmissing-field-initializers]
/home/myl/optix7.6/NVIDIA-OptiX-SDK-7.6.0-linux64-x86_64/include/optix_stubs.h:256:36: warning: missing initializer for member ‘OptixFunctionTable::optixAccelBuild’ [-Wmissing-field-initializers]
/home/myl/optix7.6/NVIDIA-OptiX-SDK-7.6.0-linux64-x86_64/include/optix_stubs.h:256:36: warning: missing initializer for member ‘OptixFunctionTable::optixAccelGetRelocationInfo’ [-Wmissing-field-initializers]
/home/myl/optix7.6/NVIDIA-OptiX-SDK-7.6.0-linux64-x86_64/include/optix_stubs.h:256:36: warning: missing initializer for member ‘OptixFunctionTable::optixCheckRelocationCompatibility’ [-Wmissing-field-initializers]
/home/myl/optix7.6/NVIDIA-OptiX-SDK-7.6.0-linux64-x86_64/include/optix_stubs.h:256:36: warning: missing initializer for member ‘OptixFunctionTable::optixAccelRelocate’ [-Wmissing-field-initializers]
/home/myl/optix7.6/NVIDIA-OptiX-SDK-7.6.0-linux64-x86_64/include/optix_stubs.h:256:36: warning: missing initializer for member ‘OptixFunctionTable::optixAccelCompact’ [-Wmissing-field-initializers]
/home/myl/optix7.6/NVIDIA-OptiX-SDK-7.6.0-linux64-x86_64/include/optix_stubs.h:256:36: warning: missing initializer for member ‘OptixFunctionTable::optixConvertPointerToTraversableHandle’ [-Wmissing-field-initializers]
/home/myl/optix7.6/NVIDIA-OptiX-SDK-7.6.0-linux64-x86_64/include/optix_stubs.h:256:36: warning: missing initializer for member ‘OptixFunctionTable::optixOpacityMicromapArrayComputeMemoryUsage’ [-Wmissing-field-initializers]
/home/myl/optix7.6/NVIDIA-OptiX-SDK-7.6.0-linux64-x86_64/include/optix_stubs.h:256:36: warning: missing initializer for member ‘OptixFunctionTable::optixOpacityMicromapArrayBuild’ [-Wmissing-field-initializers]
/home/myl/optix7.6/NVIDIA-OptiX-SDK-7.6.0-linux64-x86_64/include/optix_stubs.h:256:36: warning: missing initializer for member ‘OptixFunctionTable::optixOpacityMicromapArrayGetRelocationInfo’ [-Wmissing-field-initializers]
/home/myl/optix7.6/NVIDIA-OptiX-SDK-7.6.0-linux64-x86_64/include/optix_stubs.h:256:36: warning: missing initializer for member ‘OptixFunctionTable::optixOpacityMicromapArrayRelocate’ [-Wmissing-field-initializers]
/home/myl/optix7.6/NVIDIA-OptiX-SDK-7.6.0-linux64-x86_64/include/optix_stubs.h:256:36: warning: missing initializer for member ‘OptixFunctionTable::reserved1’ [-Wmissing-field-initializers]
/home/myl/optix7.6/NVIDIA-OptiX-SDK-7.6.0-linux64-x86_64/include/optix_stubs.h:256:36: warning: missing initializer for member ‘OptixFunctionTable::reserved2’ [-Wmissing-field-initializers]
/home/myl/optix7.6/NVIDIA-OptiX-SDK-7.6.0-linux64-x86_64/include/optix_stubs.h:256:36: warning: missing initializer for member ‘OptixFunctionTable::optixSbtRecordPackHeader’ [-Wmissing-field-initializers]
/home/myl/optix7.6/NVIDIA-OptiX-SDK-7.6.0-linux64-x86_64/include/optix_stubs.h:256:36: warning: missing initializer for member ‘OptixFunctionTable::optixLaunch’ [-Wmissing-field-initializers]
/home/myl/optix7.6/NVIDIA-OptiX-SDK-7.6.0-linux64-x86_64/include/optix_stubs.h:256:36: warning: missing initializer for member ‘OptixFunctionTable::optixDenoiserCreate’ [-Wmissing-field-initializers]
/home/myl/optix7.6/NVIDIA-OptiX-SDK-7.6.0-linux64-x86_64/include/optix_stubs.h:256:36: warning: missing initializer for member ‘OptixFunctionTable::optixDenoiserDestroy’ [-Wmissing-field-initializers]
/home/myl/optix7.6/NVIDIA-OptiX-SDK-7.6.0-linux64-x86_64/include/optix_stubs.h:256:36: warning: missing initializer for member ‘OptixFunctionTable::optixDenoiserComputeMemoryResources’ [-Wmissing-field-initializers]
/home/myl/optix7.6/NVIDIA-OptiX-SDK-7.6.0-linux64-x86_64/include/optix_stubs.h:256:36: warning: missing initializer for member ‘OptixFunctionTable::optixDenoiserSetup’ [-Wmissing-field-initializers]
/home/myl/optix7.6/NVIDIA-OptiX-SDK-7.6.0-linux64-x86_64/include/optix_stubs.h:256:36: warning: missing initializer for member ‘OptixFunctionTable::optixDenoiserInvoke’ [-Wmissing-field-initializers]
/home/myl/optix7.6/NVIDIA-OptiX-SDK-7.6.0-linux64-x86_64/include/optix_stubs.h:256:36: warning: missing initializer for member ‘OptixFunctionTable::optixDenoiserComputeIntensity’ [-Wmissing-field-initializers]
/home/myl/optix7.6/NVIDIA-OptiX-SDK-7.6.0-linux64-x86_64/include/optix_stubs.h:256:36: warning: missing initializer for member ‘OptixFunctionTable::optixDenoiserComputeAverageColor’ [-Wmissing-field-initializers]
/home/myl/optix7.6/NVIDIA-OptiX-SDK-7.6.0-linux64-x86_64/include/optix_stubs.h:256:36: warning: missing initializer for member ‘OptixFunctionTable::optixDenoiserCreateWithUserModel’ [-Wmissing-field-initializers]
/home/myl/cache_search/cache/page_cache.cu:29: warning: "CUDA_CHECK" redefined
   29 | #define CUDA_CHECK(expr) cuda_check((expr), #expr, __FILE__, __LINE__)
      | 
In file included from /home/myl/cache_search/cache/../head.h:21,
                 from /home/myl/cache_search/cache/page_cache.h:7,
                 from /home/myl/cache_search/cache/page_cache.cu:1:
/home/myl/cache_search/cache/../helper.h:14: note: this is the location of the previous definition
   14 | #define CUDA_CHECK(call)                                                   \
      | 
/home/myl/cache_search/cache/page_cache.cu:29: warning: "CUDA_CHECK" redefined
   29 | #define CUDA_CHECK(expr) cuda_check((expr), #expr, __FILE__, __LINE__)
      | 
In file included from /home/myl/cache_search/cache/../head.h:21,
                 from /home/myl/cache_search/cache/page_cache.h:7,
                 from /home/myl/cache_search/cache/page_cache.cu:1:
/home/myl/cache_search/cache/../helper.h:14: note: this is the location of the previous definition
   14 | #define CUDA_CHECK(call)                                                   \
      | 
In file included from /home/myl/cache_search/graph.h:3,
                 from /home/myl/cache_search/main.cpp:3:
/home/myl/cache_search/pca/pca.h: In constructor ‘PCA::PCA(float*, uint, uint)’:
/home/myl/cache_search/pca/pca.h:17:23: warning: comparison of integer expressions of different signedness: ‘int’ and ‘uint’ {aka ‘unsigned int’} [-Wsign-compare]
   17 |     for (int i = 0; i < nb; i++) {
      |                     ~~^~~~
/home/myl/cache_search/pca/pca.h:18:25: warning: comparison of integer expressions of different signedness: ‘int’ and ‘uint’ {aka ‘unsigned int’} [-Wsign-compare]
   18 |       for (int j = 0; j < dim; j++) {
      |                       ~~^~~~~
/home/myl/cache_search/main.cpp: In function ‘int main(int, char**)’:
/home/myl/cache_search/main.cpp:91:9: warning: unused variable ‘datafile’ [-Wunused-variable]
   91 |   char* datafile = (char*)FLAGS_data_path.c_str();
      |         ^~~~~~~~
/home/myl/cache_search/main.cpp:92:9: warning: unused variable ‘queryfile’ [-Wunused-variable]
   92 |   char* queryfile = (char*)FLAGS_query_path.c_str();
      |         ^~~~~~~~~
/home/myl/cache_search/main.cpp:93:9: warning: unused variable ‘gtfile’ [-Wunused-variable]
   93 |   char* gtfile = (char*)FLAGS_gt_path.c_str();
      |         ^~~~~~
/home/myl/cache_search/file_read.cu(138): warning #1650-D: result of call is not used
    fscanf(file, "%d %d", &n, &d);
    ^

Remark: The warnings can be suppressed with "-diag-suppress <warning-number>"

/home/myl/cache_search/file_read.cu(142): warning #1650-D: result of call is not used
        fscanf(file, "%f,", &data[i * d + j]);
        ^

/home/myl/cache_search/file_read.cu(144): warning #1650-D: result of call is not used
      fscanf(file, "%f", &data[i * d + d - 1]);
      ^

/home/myl/cache_search/file_read.cu(206): warning #1650-D: result of call is not used
    fread(&d, sizeof(d), 1, file);
    ^

/home/myl/cache_search/file_read.cu(208): warning #1650-D: result of call is not used
    fread(data_ptr, sizeof(float), n*d, file);
    ^

/home/myl/cache_search/file_read.cu(138): warning #1650-D: result of call is not used
    fscanf(file, "%d %d", &n, &d);
    ^

Remark: The warnings can be suppressed with "-diag-suppress <warning-number>"

/home/myl/cache_search/file_read.cu(142): warning #1650-D: result of call is not used
        fscanf(file, "%f,", &data[i * d + j]);
        ^

/home/myl/cache_search/file_read.cu(144): warning #1650-D: result of call is not used
      fscanf(file, "%f", &data[i * d + d - 1]);
      ^

/home/myl/cache_search/file_read.cu(206): warning #1650-D: result of call is not used
    fread(&d, sizeof(d), 1, file);
    ^

/home/myl/cache_search/file_read.cu(208): warning #1650-D: result of call is not used
    fread(data_ptr, sizeof(float), n*d, file);
    ^

/home/myl/cache_search/graph_helper.cu(222): warning #177-D: variable "max_threads" was declared but never referenced
    int max_threads = 64;
        ^

Remark: The warnings can be suppressed with "-diag-suppress <warning-number>"

/home/myl/cache_search/graph_search.cuh(167): warning #177-D: variable "random_entry_seed" was declared but never referenced
    uint random_entry_seed = b_id*blockSize + t_id;
         ^

Remark: The warnings can be suppressed with "-diag-suppress <warning-number>"

/home/myl/cache_search/file_read.cu(138): warning #1650-D: result of call is not used
    fscanf(file, "%d %d", &n, &d);
    ^

Remark: The warnings can be suppressed with "-diag-suppress <warning-number>"

/home/myl/cache_search/file_read.cu(142): warning #1650-D: result of call is not used
        fscanf(file, "%f,", &data[i * d + j]);
        ^

/home/myl/cache_search/file_read.cu(144): warning #1650-D: result of call is not used
      fscanf(file, "%f", &data[i * d + d - 1]);
      ^

/home/myl/cache_search/file_read.cu(206): warning #1650-D: result of call is not used
    fread(&d, sizeof(d), 1, file);
    ^

/home/myl/cache_search/file_read.cu(208): warning #1650-D: result of call is not used
    fread(data_ptr, sizeof(float), n*d, file);
    ^

/home/myl/cache_search/graph_helper.cu(222): warning #177-D: variable "max_threads" was declared but never referenced
    int max_threads = 64;
        ^

Remark: The warnings can be suppressed with "-diag-suppress <warning-number>"

/home/myl/cache_search/file_read.cu: In static member function ‘static void file_read::read_txt_file(const char*, int&, int&, thrust::host_vector<float>&)’:
/home/myl/cache_search/file_read.cu:138:7: warning: ignoring return value of ‘int fscanf(FILE*, const char*, ...)’ declared with attribute ‘warn_unused_result’ [-Wunused-result]
  138 |   fscanf(file, "%d %d", &n, &d);
      |   ~~~~^~~~~~~~~~~~~~~~~~~~~~~
/home/myl/cache_search/file_read.cu:142:7: warning: ignoring return value of ‘int fscanf(FILE*, const char*, ...)’ declared with attribute ‘warn_unused_result’ [-Wunused-result]
  142 |       fscanf(file, "%f,", &data[i * d + j]);
      |       ^~~~~~~~~~~~~~~~~~~~~~~~~~~~~~~~~
/home/myl/cache_search/file_read.cu:144:7: warning: ignoring return value of ‘int fscanf(FILE*, const char*, ...)’ declared with attribute ‘warn_unused_result’ [-Wunused-result]
  144 |     fscanf(file, "%f", &data[i * d + d - 1]);
      |     ~~^~~~~~~~~~~~~~~~~~~~~~~~~~~~~~~~~~~~~~
/home/myl/cache_search/file_read.cu: In static member function ‘static void file_read::read_hvecs_file(const char*, int&, int&, thrust::host_vector<float>&)’:
/home/myl/cache_search/file_read.cu:206:6: warning: ignoring return value of ‘size_t fread(void*, size_t, size_t, FILE*)’ declared with attribute ‘warn_unused_result’ [-Wunused-result]
  206 |   fread(&d, sizeof(d), 1, file);
      |   ~~~^~~~~~~~~~~~~~~~~~~~~~~
/home/myl/cache_search/file_read.cu:208:6: warning: ignoring return value of ‘size_t fread(void*, size_t, size_t, FILE*)’ declared with attribute ‘warn_unused_result’ [-Wunused-result]
  208 |   fread(data_ptr, sizeof(float), n*d, file);
      |   ~~~^~~~~~~~~~~~~~~~~~~~~~~~~~~~~~~~~~~~~~
/home/myl/cache_search/graph_search.cuh(167): warning #177-D: variable "random_entry_seed" was declared but never referenced
    uint random_entry_seed = b_id*blockSize + t_id;
         ^

Remark: The warnings can be suppressed with "-diag-suppress <warning-number>"

[ 73%] Linking CXX executable /home/myl/cache_search/bin/test
[100%] Built target test
正在运行 ./test --ALGO=1 --topk=0 --n_candidates=1024 --expand_ratio=0.2 --point_ratio=0.00001024 --search_width=4 --t=50 --n_cluster=1000  --max_iter=1000 ...
Total GPUs visible: 6, using [3]: NVIDIA L40
Available Memory: 44940 MB, Total Memory: 45372 MB
Shared memory per block: 49152 bytes
Shared memory per SM   : 102400 bytes
Shared memory per block (optin): 101376 bytes
Input
n = 10000, d = 128
np = 100000000, dim = 128
Cluster number: 10000
Centroids read successfully
Input: copy points to device
Input: finish copy points to device
degree = 64
RB_Graph: finish read or build graph
Projection: reading pca base file /mnt/IntelP5520_8T_1/myl/cache_search/data/sift100M/rotated_base.fbin
read PCA file
sizeof_points = 12800000000
Projection: finish reading pca base file
BlockUp function
reading AABB from file /mnt/IntelP5520_8T_1/myl/cache_search/data/sift100M/1024_0.aabbs
Create context
Create module
Create program groups
Create pipeline
Create SBT
BVH Building Time = 0.448640 ms
batch_size = 5
time build_query_batches: 0.046558 ms
time pca projection: 0.12645 ms
time rt_entry search: 0.092768 ms
time graph search: 40715 ms
compute_dim = 21797413240
compute_dis = 544935331
average dimensions per distance computation = 40
time total search time: 40715.3 ms
checking results...
gt_k = 1000
recall1@1024 = 0.999700
recall10@1024 = 0.998670
recall100@1024 = 0.982325
recall1000@1024 = 0.620440
Free memory: 4634 MB
Total memory: 45372 MB
Used memory: 40738 MB
Clean up RT ...
Finish cleaning up RT
完成 DIM = 40 的测试

==================================================
正在处理: DIM = 39
==================================================
[ 13%] Built target compute_pca
[ 17%] Building NVCC ptx file cuda_compile_ptx_1_generated_devicePrograms.cu.ptx
[ 21%] compiling (and embedding ptx from) devicePrograms.cu
[ 26%] Building C object CMakeFiles/test.dir/cuda_compile_ptx_1_generated_devicePrograms.cu.ptx_embedded.c.o
[ 30%] Building CXX object CMakeFiles/test.dir/main.cpp.o
[ 34%] Building CUDA object CMakeFiles/test.dir/aabb.cu.o
[ 39%] Building CUDA object CMakeFiles/test.dir/entry.cu.o
[ 43%] Building CUDA object CMakeFiles/test.dir/entry_helper.cu.o
[ 47%] Building CUDA object CMakeFiles/test.dir/matrix.cu.o
[ 52%] Building CUDA object CMakeFiles/test.dir/file_read.cu.o
[ 56%] Building CXX object CMakeFiles/test.dir/raytracing.cpp.o
nvcc warning : incompatible redefinition for option 'std', the last value of this option was used
nvcc warning : incompatible redefinition for option 'std', the last value of this option was used
nvcc warning : incompatible redefinition for option 'std', the last value of this option was used
[ 60%] Building CUDA object CMakeFiles/test.dir/graph.cu.o
nvcc warning : incompatible redefinition for option 'std', the last value of this option was used
[ 65%] Building CUDA object CMakeFiles/test.dir/graph_helper.cu.o
nvcc warning : incompatible redefinition for option 'std', the last value of this option was used
[ 69%] Building CUDA object CMakeFiles/test.dir/cache/page_cache.cu.o
nvcc warning : incompatible redefinition for option 'std', the last value of this option was used
nvcc warning : incompatible redefinition for option 'std', the last value of this option was used
nvcc warning : incompatible redefinition for option 'std', the last value of this option was used
In file included from /home/myl/cache_search/head.h:3,
                 from /home/myl/cache_search/raytracing.h:3,
                 from /home/myl/cache_search/raytracing.cpp:2:
/home/myl/optix7.6/NVIDIA-OptiX-SDK-7.6.0-linux64-x86_64/include/optix_stubs.h: In function ‘OptixResult optixUninitWithHandle(void*)’:
/home/myl/optix7.6/NVIDIA-OptiX-SDK-7.6.0-linux64-x86_64/include/optix_stubs.h:256:36: warning: missing initializer for member ‘OptixFunctionTable::optixGetErrorString’ [-Wmissing-field-initializers]
  256 |     OptixFunctionTable empty = { 0 };
      |                                    ^
/home/myl/optix7.6/NVIDIA-OptiX-SDK-7.6.0-linux64-x86_64/include/optix_stubs.h:256:36: warning: missing initializer for member ‘OptixFunctionTable::optixDeviceContextCreate’ [-Wmissing-field-initializers]
/home/myl/optix7.6/NVIDIA-OptiX-SDK-7.6.0-linux64-x86_64/include/optix_stubs.h:256:36: warning: missing initializer for member ‘OptixFunctionTable::optixDeviceContextDestroy’ [-Wmissing-field-initializers]
/home/myl/optix7.6/NVIDIA-OptiX-SDK-7.6.0-linux64-x86_64/include/optix_stubs.h:256:36: warning: missing initializer for member ‘OptixFunctionTable::optixDeviceContextGetProperty’ [-Wmissing-field-initializers]
/home/myl/optix7.6/NVIDIA-OptiX-SDK-7.6.0-linux64-x86_64/include/optix_stubs.h:256:36: warning: missing initializer for member ‘OptixFunctionTable::optixDeviceContextSetLogCallback’ [-Wmissing-field-initializers]
/home/myl/optix7.6/NVIDIA-OptiX-SDK-7.6.0-linux64-x86_64/include/optix_stubs.h:256:36: warning: missing initializer for member ‘OptixFunctionTable::optixDeviceContextSetCacheEnabled’ [-Wmissing-field-initializers]
/home/myl/optix7.6/NVIDIA-OptiX-SDK-7.6.0-linux64-x86_64/include/optix_stubs.h:256:36: warning: missing initializer for member ‘OptixFunctionTable::optixDeviceContextSetCacheLocation’ [-Wmissing-field-initializers]
/home/myl/optix7.6/NVIDIA-OptiX-SDK-7.6.0-linux64-x86_64/include/optix_stubs.h:256:36: warning: missing initializer for member ‘OptixFunctionTable::optixDeviceContextSetCacheDatabaseSizes’ [-Wmissing-field-initializers]
/home/myl/optix7.6/NVIDIA-OptiX-SDK-7.6.0-linux64-x86_64/include/optix_stubs.h:256:36: warning: missing initializer for member ‘OptixFunctionTable::optixDeviceContextGetCacheEnabled’ [-Wmissing-field-initializers]
/home/myl/optix7.6/NVIDIA-OptiX-SDK-7.6.0-linux64-x86_64/include/optix_stubs.h:256:36: warning: missing initializer for member ‘OptixFunctionTable::optixDeviceContextGetCacheLocation’ [-Wmissing-field-initializers]
/home/myl/optix7.6/NVIDIA-OptiX-SDK-7.6.0-linux64-x86_64/include/optix_stubs.h:256:36: warning: missing initializer for member ‘OptixFunctionTable::optixDeviceContextGetCacheDatabaseSizes’ [-Wmissing-field-initializers]
/home/myl/optix7.6/NVIDIA-OptiX-SDK-7.6.0-linux64-x86_64/include/optix_stubs.h:256:36: warning: missing initializer for member ‘OptixFunctionTable::optixModuleCreateFromPTX’ [-Wmissing-field-initializers]
/home/myl/optix7.6/NVIDIA-OptiX-SDK-7.6.0-linux64-x86_64/include/optix_stubs.h:256:36: warning: missing initializer for member ‘OptixFunctionTable::optixModuleCreateFromPTXWithTasks’ [-Wmissing-field-initializers]
/home/myl/optix7.6/NVIDIA-OptiX-SDK-7.6.0-linux64-x86_64/include/optix_stubs.h:256:36: warning: missing initializer for member ‘OptixFunctionTable::optixModuleGetCompilationState’ [-Wmissing-field-initializers]
/home/myl/optix7.6/NVIDIA-OptiX-SDK-7.6.0-linux64-x86_64/include/optix_stubs.h:256:36: warning: missing initializer for member ‘OptixFunctionTable::optixModuleDestroy’ [-Wmissing-field-initializers]
/home/myl/optix7.6/NVIDIA-OptiX-SDK-7.6.0-linux64-x86_64/include/optix_stubs.h:256:36: warning: missing initializer for member ‘OptixFunctionTable::optixBuiltinISModuleGet’ [-Wmissing-field-initializers]
/home/myl/optix7.6/NVIDIA-OptiX-SDK-7.6.0-linux64-x86_64/include/optix_stubs.h:256:36: warning: missing initializer for member ‘OptixFunctionTable::optixTaskExecute’ [-Wmissing-field-initializers]
/home/myl/optix7.6/NVIDIA-OptiX-SDK-7.6.0-linux64-x86_64/include/optix_stubs.h:256:36: warning: missing initializer for member ‘OptixFunctionTable::optixProgramGroupCreate’ [-Wmissing-field-initializers]
/home/myl/optix7.6/NVIDIA-OptiX-SDK-7.6.0-linux64-x86_64/include/optix_stubs.h:256:36: warning: missing initializer for member ‘OptixFunctionTable::optixProgramGroupDestroy’ [-Wmissing-field-initializers]
/home/myl/optix7.6/NVIDIA-OptiX-SDK-7.6.0-linux64-x86_64/include/optix_stubs.h:256:36: warning: missing initializer for member ‘OptixFunctionTable::optixProgramGroupGetStackSize’ [-Wmissing-field-initializers]
/home/myl/optix7.6/NVIDIA-OptiX-SDK-7.6.0-linux64-x86_64/include/optix_stubs.h:256:36: warning: missing initializer for member ‘OptixFunctionTable::optixPipelineCreate’ [-Wmissing-field-initializers]
/home/myl/optix7.6/NVIDIA-OptiX-SDK-7.6.0-linux64-x86_64/include/optix_stubs.h:256:36: warning: missing initializer for member ‘OptixFunctionTable::optixPipelineDestroy’ [-Wmissing-field-initializers]
/home/myl/optix7.6/NVIDIA-OptiX-SDK-7.6.0-linux64-x86_64/include/optix_stubs.h:256:36: warning: missing initializer for member ‘OptixFunctionTable::optixPipelineSetStackSize’ [-Wmissing-field-initializers]
/home/myl/optix7.6/NVIDIA-OptiX-SDK-7.6.0-linux64-x86_64/include/optix_stubs.h:256:36: warning: missing initializer for member ‘OptixFunctionTable::optixAccelComputeMemoryUsage’ [-Wmissing-field-initializers]
/home/myl/optix7.6/NVIDIA-OptiX-SDK-7.6.0-linux64-x86_64/include/optix_stubs.h:256:36: warning: missing initializer for member ‘OptixFunctionTable::optixAccelBuild’ [-Wmissing-field-initializers]
/home/myl/optix7.6/NVIDIA-OptiX-SDK-7.6.0-linux64-x86_64/include/optix_stubs.h:256:36: warning: missing initializer for member ‘OptixFunctionTable::optixAccelGetRelocationInfo’ [-Wmissing-field-initializers]
/home/myl/optix7.6/NVIDIA-OptiX-SDK-7.6.0-linux64-x86_64/include/optix_stubs.h:256:36: warning: missing initializer for member ‘OptixFunctionTable::optixCheckRelocationCompatibility’ [-Wmissing-field-initializers]
/home/myl/optix7.6/NVIDIA-OptiX-SDK-7.6.0-linux64-x86_64/include/optix_stubs.h:256:36: warning: missing initializer for member ‘OptixFunctionTable::optixAccelRelocate’ [-Wmissing-field-initializers]
/home/myl/optix7.6/NVIDIA-OptiX-SDK-7.6.0-linux64-x86_64/include/optix_stubs.h:256:36: warning: missing initializer for member ‘OptixFunctionTable::optixAccelCompact’ [-Wmissing-field-initializers]
/home/myl/optix7.6/NVIDIA-OptiX-SDK-7.6.0-linux64-x86_64/include/optix_stubs.h:256:36: warning: missing initializer for member ‘OptixFunctionTable::optixConvertPointerToTraversableHandle’ [-Wmissing-field-initializers]
/home/myl/optix7.6/NVIDIA-OptiX-SDK-7.6.0-linux64-x86_64/include/optix_stubs.h:256:36: warning: missing initializer for member ‘OptixFunctionTable::optixOpacityMicromapArrayComputeMemoryUsage’ [-Wmissing-field-initializers]
/home/myl/optix7.6/NVIDIA-OptiX-SDK-7.6.0-linux64-x86_64/include/optix_stubs.h:256:36: warning: missing initializer for member ‘OptixFunctionTable::optixOpacityMicromapArrayBuild’ [-Wmissing-field-initializers]
/home/myl/optix7.6/NVIDIA-OptiX-SDK-7.6.0-linux64-x86_64/include/optix_stubs.h:256:36: warning: missing initializer for member ‘OptixFunctionTable::optixOpacityMicromapArrayGetRelocationInfo’ [-Wmissing-field-initializers]
/home/myl/optix7.6/NVIDIA-OptiX-SDK-7.6.0-linux64-x86_64/include/optix_stubs.h:256:36: warning: missing initializer for member ‘OptixFunctionTable::optixOpacityMicromapArrayRelocate’ [-Wmissing-field-initializers]
/home/myl/optix7.6/NVIDIA-OptiX-SDK-7.6.0-linux64-x86_64/include/optix_stubs.h:256:36: warning: missing initializer for member ‘OptixFunctionTable::reserved1’ [-Wmissing-field-initializers]
/home/myl/optix7.6/NVIDIA-OptiX-SDK-7.6.0-linux64-x86_64/include/optix_stubs.h:256:36: warning: missing initializer for member ‘OptixFunctionTable::reserved2’ [-Wmissing-field-initializers]
/home/myl/optix7.6/NVIDIA-OptiX-SDK-7.6.0-linux64-x86_64/include/optix_stubs.h:256:36: warning: missing initializer for member ‘OptixFunctionTable::optixSbtRecordPackHeader’ [-Wmissing-field-initializers]
/home/myl/optix7.6/NVIDIA-OptiX-SDK-7.6.0-linux64-x86_64/include/optix_stubs.h:256:36: warning: missing initializer for member ‘OptixFunctionTable::optixLaunch’ [-Wmissing-field-initializers]
/home/myl/optix7.6/NVIDIA-OptiX-SDK-7.6.0-linux64-x86_64/include/optix_stubs.h:256:36: warning: missing initializer for member ‘OptixFunctionTable::optixDenoiserCreate’ [-Wmissing-field-initializers]
/home/myl/optix7.6/NVIDIA-OptiX-SDK-7.6.0-linux64-x86_64/include/optix_stubs.h:256:36: warning: missing initializer for member ‘OptixFunctionTable::optixDenoiserDestroy’ [-Wmissing-field-initializers]
/home/myl/optix7.6/NVIDIA-OptiX-SDK-7.6.0-linux64-x86_64/include/optix_stubs.h:256:36: warning: missing initializer for member ‘OptixFunctionTable::optixDenoiserComputeMemoryResources’ [-Wmissing-field-initializers]
/home/myl/optix7.6/NVIDIA-OptiX-SDK-7.6.0-linux64-x86_64/include/optix_stubs.h:256:36: warning: missing initializer for member ‘OptixFunctionTable::optixDenoiserSetup’ [-Wmissing-field-initializers]
/home/myl/optix7.6/NVIDIA-OptiX-SDK-7.6.0-linux64-x86_64/include/optix_stubs.h:256:36: warning: missing initializer for member ‘OptixFunctionTable::optixDenoiserInvoke’ [-Wmissing-field-initializers]
/home/myl/optix7.6/NVIDIA-OptiX-SDK-7.6.0-linux64-x86_64/include/optix_stubs.h:256:36: warning: missing initializer for member ‘OptixFunctionTable::optixDenoiserComputeIntensity’ [-Wmissing-field-initializers]
/home/myl/optix7.6/NVIDIA-OptiX-SDK-7.6.0-linux64-x86_64/include/optix_stubs.h:256:36: warning: missing initializer for member ‘OptixFunctionTable::optixDenoiserComputeAverageColor’ [-Wmissing-field-initializers]
/home/myl/optix7.6/NVIDIA-OptiX-SDK-7.6.0-linux64-x86_64/include/optix_stubs.h:256:36: warning: missing initializer for member ‘OptixFunctionTable::optixDenoiserCreateWithUserModel’ [-Wmissing-field-initializers]
/home/myl/cache_search/cache/page_cache.cu:29: warning: "CUDA_CHECK" redefined
   29 | #define CUDA_CHECK(expr) cuda_check((expr), #expr, __FILE__, __LINE__)
      | 
In file included from /home/myl/cache_search/cache/../head.h:21,
                 from /home/myl/cache_search/cache/page_cache.h:7,
                 from /home/myl/cache_search/cache/page_cache.cu:1:
/home/myl/cache_search/cache/../helper.h:14: note: this is the location of the previous definition
   14 | #define CUDA_CHECK(call)                                                   \
      | 
In file included from /home/myl/cache_search/head.h:3,
                 from /home/myl/cache_search/entry.h:8,
                 from /home/myl/cache_search/graph.h:2,
                 from /home/myl/cache_search/main.cpp:3:
/home/myl/optix7.6/NVIDIA-OptiX-SDK-7.6.0-linux64-x86_64/include/optix_stubs.h: In function ‘OptixResult optixUninitWithHandle(void*)’:
/home/myl/optix7.6/NVIDIA-OptiX-SDK-7.6.0-linux64-x86_64/include/optix_stubs.h:256:36: warning: missing initializer for member ‘OptixFunctionTable::optixGetErrorString’ [-Wmissing-field-initializers]
  256 |     OptixFunctionTable empty = { 0 };
      |                                    ^
/home/myl/optix7.6/NVIDIA-OptiX-SDK-7.6.0-linux64-x86_64/include/optix_stubs.h:256:36: warning: missing initializer for member ‘OptixFunctionTable::optixDeviceContextCreate’ [-Wmissing-field-initializers]
/home/myl/optix7.6/NVIDIA-OptiX-SDK-7.6.0-linux64-x86_64/include/optix_stubs.h:256:36: warning: missing initializer for member ‘OptixFunctionTable::optixDeviceContextDestroy’ [-Wmissing-field-initializers]
/home/myl/optix7.6/NVIDIA-OptiX-SDK-7.6.0-linux64-x86_64/include/optix_stubs.h:256:36: warning: missing initializer for member ‘OptixFunctionTable::optixDeviceContextGetProperty’ [-Wmissing-field-initializers]
/home/myl/optix7.6/NVIDIA-OptiX-SDK-7.6.0-linux64-x86_64/include/optix_stubs.h:256:36: warning: missing initializer for member ‘OptixFunctionTable::optixDeviceContextSetLogCallback’ [-Wmissing-field-initializers]
/home/myl/optix7.6/NVIDIA-OptiX-SDK-7.6.0-linux64-x86_64/include/optix_stubs.h:256:36: warning: missing initializer for member ‘OptixFunctionTable::optixDeviceContextSetCacheEnabled’ [-Wmissing-field-initializers]
/home/myl/optix7.6/NVIDIA-OptiX-SDK-7.6.0-linux64-x86_64/include/optix_stubs.h:256:36: warning: missing initializer for member ‘OptixFunctionTable::optixDeviceContextSetCacheLocation’ [-Wmissing-field-initializers]
/home/myl/optix7.6/NVIDIA-OptiX-SDK-7.6.0-linux64-x86_64/include/optix_stubs.h:256:36: warning: missing initializer for member ‘OptixFunctionTable::optixDeviceContextSetCacheDatabaseSizes’ [-Wmissing-field-initializers]
/home/myl/optix7.6/NVIDIA-OptiX-SDK-7.6.0-linux64-x86_64/include/optix_stubs.h:256:36: warning: missing initializer for member ‘OptixFunctionTable::optixDeviceContextGetCacheEnabled’ [-Wmissing-field-initializers]
/home/myl/optix7.6/NVIDIA-OptiX-SDK-7.6.0-linux64-x86_64/include/optix_stubs.h:256:36: warning: missing initializer for member ‘OptixFunctionTable::optixDeviceContextGetCacheLocation’ [-Wmissing-field-initializers]
/home/myl/optix7.6/NVIDIA-OptiX-SDK-7.6.0-linux64-x86_64/include/optix_stubs.h:256:36: warning: missing initializer for member ‘OptixFunctionTable::optixDeviceContextGetCacheDatabaseSizes’ [-Wmissing-field-initializers]
/home/myl/optix7.6/NVIDIA-OptiX-SDK-7.6.0-linux64-x86_64/include/optix_stubs.h:256:36: warning: missing initializer for member ‘OptixFunctionTable::optixModuleCreateFromPTX’ [-Wmissing-field-initializers]
/home/myl/optix7.6/NVIDIA-OptiX-SDK-7.6.0-linux64-x86_64/include/optix_stubs.h:256:36: warning: missing initializer for member ‘OptixFunctionTable::optixModuleCreateFromPTXWithTasks’ [-Wmissing-field-initializers]
/home/myl/optix7.6/NVIDIA-OptiX-SDK-7.6.0-linux64-x86_64/include/optix_stubs.h:256:36: warning: missing initializer for member ‘OptixFunctionTable::optixModuleGetCompilationState’ [-Wmissing-field-initializers]
/home/myl/optix7.6/NVIDIA-OptiX-SDK-7.6.0-linux64-x86_64/include/optix_stubs.h:256:36: warning: missing initializer for member ‘OptixFunctionTable::optixModuleDestroy’ [-Wmissing-field-initializers]
/home/myl/optix7.6/NVIDIA-OptiX-SDK-7.6.0-linux64-x86_64/include/optix_stubs.h:256:36: warning: missing initializer for member ‘OptixFunctionTable::optixBuiltinISModuleGet’ [-Wmissing-field-initializers]
/home/myl/optix7.6/NVIDIA-OptiX-SDK-7.6.0-linux64-x86_64/include/optix_stubs.h:256:36: warning: missing initializer for member ‘OptixFunctionTable::optixTaskExecute’ [-Wmissing-field-initializers]
/home/myl/optix7.6/NVIDIA-OptiX-SDK-7.6.0-linux64-x86_64/include/optix_stubs.h:256:36: warning: missing initializer for member ‘OptixFunctionTable::optixProgramGroupCreate’ [-Wmissing-field-initializers]
/home/myl/optix7.6/NVIDIA-OptiX-SDK-7.6.0-linux64-x86_64/include/optix_stubs.h:256:36: warning: missing initializer for member ‘OptixFunctionTable::optixProgramGroupDestroy’ [-Wmissing-field-initializers]
/home/myl/optix7.6/NVIDIA-OptiX-SDK-7.6.0-linux64-x86_64/include/optix_stubs.h:256:36: warning: missing initializer for member ‘OptixFunctionTable::optixProgramGroupGetStackSize’ [-Wmissing-field-initializers]
/home/myl/optix7.6/NVIDIA-OptiX-SDK-7.6.0-linux64-x86_64/include/optix_stubs.h:256:36: warning: missing initializer for member ‘OptixFunctionTable::optixPipelineCreate’ [-Wmissing-field-initializers]
/home/myl/optix7.6/NVIDIA-OptiX-SDK-7.6.0-linux64-x86_64/include/optix_stubs.h:256:36: warning: missing initializer for member ‘OptixFunctionTable::optixPipelineDestroy’ [-Wmissing-field-initializers]
/home/myl/optix7.6/NVIDIA-OptiX-SDK-7.6.0-linux64-x86_64/include/optix_stubs.h:256:36: warning: missing initializer for member ‘OptixFunctionTable::optixPipelineSetStackSize’ [-Wmissing-field-initializers]
/home/myl/optix7.6/NVIDIA-OptiX-SDK-7.6.0-linux64-x86_64/include/optix_stubs.h:256:36: warning: missing initializer for member ‘OptixFunctionTable::optixAccelComputeMemoryUsage’ [-Wmissing-field-initializers]
/home/myl/optix7.6/NVIDIA-OptiX-SDK-7.6.0-linux64-x86_64/include/optix_stubs.h:256:36: warning: missing initializer for member ‘OptixFunctionTable::optixAccelBuild’ [-Wmissing-field-initializers]
/home/myl/optix7.6/NVIDIA-OptiX-SDK-7.6.0-linux64-x86_64/include/optix_stubs.h:256:36: warning: missing initializer for member ‘OptixFunctionTable::optixAccelGetRelocationInfo’ [-Wmissing-field-initializers]
/home/myl/optix7.6/NVIDIA-OptiX-SDK-7.6.0-linux64-x86_64/include/optix_stubs.h:256:36: warning: missing initializer for member ‘OptixFunctionTable::optixCheckRelocationCompatibility’ [-Wmissing-field-initializers]
/home/myl/optix7.6/NVIDIA-OptiX-SDK-7.6.0-linux64-x86_64/include/optix_stubs.h:256:36: warning: missing initializer for member ‘OptixFunctionTable::optixAccelRelocate’ [-Wmissing-field-initializers]
/home/myl/optix7.6/NVIDIA-OptiX-SDK-7.6.0-linux64-x86_64/include/optix_stubs.h:256:36: warning: missing initializer for member ‘OptixFunctionTable::optixAccelCompact’ [-Wmissing-field-initializers]
/home/myl/optix7.6/NVIDIA-OptiX-SDK-7.6.0-linux64-x86_64/include/optix_stubs.h:256:36: warning: missing initializer for member ‘OptixFunctionTable::optixConvertPointerToTraversableHandle’ [-Wmissing-field-initializers]
/home/myl/optix7.6/NVIDIA-OptiX-SDK-7.6.0-linux64-x86_64/include/optix_stubs.h:256:36: warning: missing initializer for member ‘OptixFunctionTable::optixOpacityMicromapArrayComputeMemoryUsage’ [-Wmissing-field-initializers]
/home/myl/optix7.6/NVIDIA-OptiX-SDK-7.6.0-linux64-x86_64/include/optix_stubs.h:256:36: warning: missing initializer for member ‘OptixFunctionTable::optixOpacityMicromapArrayBuild’ [-Wmissing-field-initializers]
/home/myl/optix7.6/NVIDIA-OptiX-SDK-7.6.0-linux64-x86_64/include/optix_stubs.h:256:36: warning: missing initializer for member ‘OptixFunctionTable::optixOpacityMicromapArrayGetRelocationInfo’ [-Wmissing-field-initializers]
/home/myl/optix7.6/NVIDIA-OptiX-SDK-7.6.0-linux64-x86_64/include/optix_stubs.h:256:36: warning: missing initializer for member ‘OptixFunctionTable::optixOpacityMicromapArrayRelocate’ [-Wmissing-field-initializers]
/home/myl/optix7.6/NVIDIA-OptiX-SDK-7.6.0-linux64-x86_64/include/optix_stubs.h:256:36: warning: missing initializer for member ‘OptixFunctionTable::reserved1’ [-Wmissing-field-initializers]
/home/myl/optix7.6/NVIDIA-OptiX-SDK-7.6.0-linux64-x86_64/include/optix_stubs.h:256:36: warning: missing initializer for member ‘OptixFunctionTable::reserved2’ [-Wmissing-field-initializers]
/home/myl/optix7.6/NVIDIA-OptiX-SDK-7.6.0-linux64-x86_64/include/optix_stubs.h:256:36: warning: missing initializer for member ‘OptixFunctionTable::optixSbtRecordPackHeader’ [-Wmissing-field-initializers]
/home/myl/optix7.6/NVIDIA-OptiX-SDK-7.6.0-linux64-x86_64/include/optix_stubs.h:256:36: warning: missing initializer for member ‘OptixFunctionTable::optixLaunch’ [-Wmissing-field-initializers]
/home/myl/optix7.6/NVIDIA-OptiX-SDK-7.6.0-linux64-x86_64/include/optix_stubs.h:256:36: warning: missing initializer for member ‘OptixFunctionTable::optixDenoiserCreate’ [-Wmissing-field-initializers]
/home/myl/optix7.6/NVIDIA-OptiX-SDK-7.6.0-linux64-x86_64/include/optix_stubs.h:256:36: warning: missing initializer for member ‘OptixFunctionTable::optixDenoiserDestroy’ [-Wmissing-field-initializers]
/home/myl/optix7.6/NVIDIA-OptiX-SDK-7.6.0-linux64-x86_64/include/optix_stubs.h:256:36: warning: missing initializer for member ‘OptixFunctionTable::optixDenoiserComputeMemoryResources’ [-Wmissing-field-initializers]
/home/myl/optix7.6/NVIDIA-OptiX-SDK-7.6.0-linux64-x86_64/include/optix_stubs.h:256:36: warning: missing initializer for member ‘OptixFunctionTable::optixDenoiserSetup’ [-Wmissing-field-initializers]
/home/myl/optix7.6/NVIDIA-OptiX-SDK-7.6.0-linux64-x86_64/include/optix_stubs.h:256:36: warning: missing initializer for member ‘OptixFunctionTable::optixDenoiserInvoke’ [-Wmissing-field-initializers]
/home/myl/optix7.6/NVIDIA-OptiX-SDK-7.6.0-linux64-x86_64/include/optix_stubs.h:256:36: warning: missing initializer for member ‘OptixFunctionTable::optixDenoiserComputeIntensity’ [-Wmissing-field-initializers]
/home/myl/optix7.6/NVIDIA-OptiX-SDK-7.6.0-linux64-x86_64/include/optix_stubs.h:256:36: warning: missing initializer for member ‘OptixFunctionTable::optixDenoiserComputeAverageColor’ [-Wmissing-field-initializers]
/home/myl/optix7.6/NVIDIA-OptiX-SDK-7.6.0-linux64-x86_64/include/optix_stubs.h:256:36: warning: missing initializer for member ‘OptixFunctionTable::optixDenoiserCreateWithUserModel’ [-Wmissing-field-initializers]
/home/myl/cache_search/cache/page_cache.cu:29: warning: "CUDA_CHECK" redefined
   29 | #define CUDA_CHECK(expr) cuda_check((expr), #expr, __FILE__, __LINE__)
      | 
In file included from /home/myl/cache_search/cache/../head.h:21,
                 from /home/myl/cache_search/cache/page_cache.h:7,
                 from /home/myl/cache_search/cache/page_cache.cu:1:
/home/myl/cache_search/cache/../helper.h:14: note: this is the location of the previous definition
   14 | #define CUDA_CHECK(call)                                                   \
      | 
/home/myl/cache_search/cache/page_cache.cu:29: warning: "CUDA_CHECK" redefined
   29 | #define CUDA_CHECK(expr) cuda_check((expr), #expr, __FILE__, __LINE__)
      | 
In file included from /home/myl/cache_search/cache/../head.h:21,
                 from /home/myl/cache_search/cache/page_cache.h:7,
                 from /home/myl/cache_search/cache/page_cache.cu:1:
/home/myl/cache_search/cache/../helper.h:14: note: this is the location of the previous definition
   14 | #define CUDA_CHECK(call)                                                   \
      | 
In file included from /home/myl/cache_search/graph.h:3,
                 from /home/myl/cache_search/main.cpp:3:
/home/myl/cache_search/pca/pca.h: In constructor ‘PCA::PCA(float*, uint, uint)’:
/home/myl/cache_search/pca/pca.h:17:23: warning: comparison of integer expressions of different signedness: ‘int’ and ‘uint’ {aka ‘unsigned int’} [-Wsign-compare]
   17 |     for (int i = 0; i < nb; i++) {
      |                     ~~^~~~
/home/myl/cache_search/pca/pca.h:18:25: warning: comparison of integer expressions of different signedness: ‘int’ and ‘uint’ {aka ‘unsigned int’} [-Wsign-compare]
   18 |       for (int j = 0; j < dim; j++) {
      |                       ~~^~~~~
/home/myl/cache_search/main.cpp: In function ‘int main(int, char**)’:
/home/myl/cache_search/main.cpp:91:9: warning: unused variable ‘datafile’ [-Wunused-variable]
   91 |   char* datafile = (char*)FLAGS_data_path.c_str();
      |         ^~~~~~~~
/home/myl/cache_search/main.cpp:92:9: warning: unused variable ‘queryfile’ [-Wunused-variable]
   92 |   char* queryfile = (char*)FLAGS_query_path.c_str();
      |         ^~~~~~~~~
/home/myl/cache_search/main.cpp:93:9: warning: unused variable ‘gtfile’ [-Wunused-variable]
   93 |   char* gtfile = (char*)FLAGS_gt_path.c_str();
      |         ^~~~~~
/home/myl/cache_search/file_read.cu(138): warning #1650-D: result of call is not used
    fscanf(file, "%d %d", &n, &d);
    ^

Remark: The warnings can be suppressed with "-diag-suppress <warning-number>"

/home/myl/cache_search/file_read.cu(142): warning #1650-D: result of call is not used
        fscanf(file, "%f,", &data[i * d + j]);
        ^

/home/myl/cache_search/file_read.cu(144): warning #1650-D: result of call is not used
      fscanf(file, "%f", &data[i * d + d - 1]);
      ^

/home/myl/cache_search/file_read.cu(206): warning #1650-D: result of call is not used
    fread(&d, sizeof(d), 1, file);
    ^

/home/myl/cache_search/file_read.cu(208): warning #1650-D: result of call is not used
    fread(data_ptr, sizeof(float), n*d, file);
    ^

/home/myl/cache_search/file_read.cu(138): warning #1650-D: result of call is not used
    fscanf(file, "%d %d", &n, &d);
    ^

Remark: The warnings can be suppressed with "-diag-suppress <warning-number>"

/home/myl/cache_search/file_read.cu(142): warning #1650-D: result of call is not used
        fscanf(file, "%f,", &data[i * d + j]);
        ^

/home/myl/cache_search/file_read.cu(144): warning #1650-D: result of call is not used
      fscanf(file, "%f", &data[i * d + d - 1]);
      ^

/home/myl/cache_search/file_read.cu(206): warning #1650-D: result of call is not used
    fread(&d, sizeof(d), 1, file);
    ^

/home/myl/cache_search/file_read.cu(208): warning #1650-D: result of call is not used
    fread(data_ptr, sizeof(float), n*d, file);
    ^

/home/myl/cache_search/graph_search.cuh(167): warning #177-D: variable "random_entry_seed" was declared but never referenced
    uint random_entry_seed = b_id*blockSize + t_id;
         ^

Remark: The warnings can be suppressed with "-diag-suppress <warning-number>"

/home/myl/cache_search/graph_helper.cu(222): warning #177-D: variable "max_threads" was declared but never referenced
    int max_threads = 64;
        ^

Remark: The warnings can be suppressed with "-diag-suppress <warning-number>"

/home/myl/cache_search/file_read.cu(138): warning #1650-D: result of call is not used
    fscanf(file, "%d %d", &n, &d);
    ^

Remark: The warnings can be suppressed with "-diag-suppress <warning-number>"

/home/myl/cache_search/file_read.cu(142): warning #1650-D: result of call is not used
        fscanf(file, "%f,", &data[i * d + j]);
        ^

/home/myl/cache_search/file_read.cu(144): warning #1650-D: result of call is not used
      fscanf(file, "%f", &data[i * d + d - 1]);
      ^

/home/myl/cache_search/file_read.cu(206): warning #1650-D: result of call is not used
    fread(&d, sizeof(d), 1, file);
    ^

/home/myl/cache_search/file_read.cu(208): warning #1650-D: result of call is not used
    fread(data_ptr, sizeof(float), n*d, file);
    ^

/home/myl/cache_search/graph_helper.cu(222): warning #177-D: variable "max_threads" was declared but never referenced
    int max_threads = 64;
        ^

Remark: The warnings can be suppressed with "-diag-suppress <warning-number>"

/home/myl/cache_search/file_read.cu: In static member function ‘static void file_read::read_txt_file(const char*, int&, int&, thrust::host_vector<float>&)’:
/home/myl/cache_search/file_read.cu:138:7: warning: ignoring return value of ‘int fscanf(FILE*, const char*, ...)’ declared with attribute ‘warn_unused_result’ [-Wunused-result]
  138 |   fscanf(file, "%d %d", &n, &d);
      |   ~~~~^~~~~~~~~~~~~~~~~~~~~~~
/home/myl/cache_search/file_read.cu:142:7: warning: ignoring return value of ‘int fscanf(FILE*, const char*, ...)’ declared with attribute ‘warn_unused_result’ [-Wunused-result]
  142 |       fscanf(file, "%f,", &data[i * d + j]);
      |       ^~~~~~~~~~~~~~~~~~~~~~~~~~~~~~~~~
/home/myl/cache_search/file_read.cu:144:7: warning: ignoring return value of ‘int fscanf(FILE*, const char*, ...)’ declared with attribute ‘warn_unused_result’ [-Wunused-result]
  144 |     fscanf(file, "%f", &data[i * d + d - 1]);
      |     ~~^~~~~~~~~~~~~~~~~~~~~~~~~~~~~~~~~~~~~~
/home/myl/cache_search/file_read.cu: In static member function ‘static void file_read::read_hvecs_file(const char*, int&, int&, thrust::host_vector<float>&)’:
/home/myl/cache_search/file_read.cu:206:6: warning: ignoring return value of ‘size_t fread(void*, size_t, size_t, FILE*)’ declared with attribute ‘warn_unused_result’ [-Wunused-result]
  206 |   fread(&d, sizeof(d), 1, file);
      |   ~~~^~~~~~~~~~~~~~~~~~~~~~~
/home/myl/cache_search/file_read.cu:208:6: warning: ignoring return value of ‘size_t fread(void*, size_t, size_t, FILE*)’ declared with attribute ‘warn_unused_result’ [-Wunused-result]
  208 |   fread(data_ptr, sizeof(float), n*d, file);
      |   ~~~^~~~~~~~~~~~~~~~~~~~~~~~~~~~~~~~~~~~~~
/home/myl/cache_search/graph_search.cuh(167): warning #177-D: variable "random_entry_seed" was declared but never referenced
    uint random_entry_seed = b_id*blockSize + t_id;
         ^

Remark: The warnings can be suppressed with "-diag-suppress <warning-number>"

[ 73%] Linking CXX executable /home/myl/cache_search/bin/test
[100%] Built target test
正在运行 ./test --ALGO=1 --topk=0 --n_candidates=1024 --expand_ratio=0.2 --point_ratio=0.00001024 --search_width=4 --t=50 --n_cluster=1000  --max_iter=1000 ...
Total GPUs visible: 6, using [3]: NVIDIA L40
Available Memory: 44940 MB, Total Memory: 45372 MB
Shared memory per block: 49152 bytes
Shared memory per SM   : 102400 bytes
Shared memory per block (optin): 101376 bytes
Input
n = 10000, d = 128
np = 100000000, dim = 128
Cluster number: 10000
Centroids read successfully
Input: copy points to device
Input: finish copy points to device
degree = 64
RB_Graph: finish read or build graph
Projection: reading pca base file /mnt/IntelP5520_8T_1/myl/cache_search/data/sift100M/rotated_base.fbin
read PCA file
sizeof_points = 12800000000
Projection: finish reading pca base file
BlockUp function
reading AABB from file /mnt/IntelP5520_8T_1/myl/cache_search/data/sift100M/1024_0.aabbs
Create context
Create module
Create program groups
Create pipeline
Create SBT
BVH Building Time = 0.474560 ms
batch_size = 5
time build_query_batches: 0.077746 ms
time pca projection: 0.172851 ms
time rt_entry search: 0.076792 ms
time graph search: 40772.9 ms
compute_dim = 21266300679
compute_dis = 545289761
average dimensions per distance computation = 39
time total search time: 40773.2 ms
checking results...
gt_k = 1000
recall1@1024 = 0.999600
recall10@1024 = 0.998310
recall100@1024 = 0.977903
recall1000@1024 = 0.607137
Free memory: 5016 MB
Total memory: 45372 MB
Used memory: 40356 MB
Clean up RT ...
Finish cleaning up RT
完成 DIM = 39 的测试

==================================================
正在处理: DIM = 38
==================================================
[ 13%] Built target compute_pca
[ 17%] Building NVCC ptx file cuda_compile_ptx_1_generated_devicePrograms.cu.ptx
[ 21%] compiling (and embedding ptx from) devicePrograms.cu
[ 26%] Building C object CMakeFiles/test.dir/cuda_compile_ptx_1_generated_devicePrograms.cu.ptx_embedded.c.o
[ 34%] Building CUDA object CMakeFiles/test.dir/aabb.cu.o
[ 34%] Building CXX object CMakeFiles/test.dir/main.cpp.o
[ 39%] Building CUDA object CMakeFiles/test.dir/entry.cu.o
[ 43%] Building CUDA object CMakeFiles/test.dir/entry_helper.cu.o
[ 47%] Building CUDA object CMakeFiles/test.dir/matrix.cu.o
[ 52%] Building CUDA object CMakeFiles/test.dir/file_read.cu.o
nvcc warning : incompatible redefinition for option 'std', the last value of this option was used
[ 56%] Building CXX object CMakeFiles/test.dir/raytracing.cpp.o
nvcc warning : incompatible redefinition for option 'std', the last value of this option was used
[ 60%] Building CUDA object CMakeFiles/test.dir/graph.cu.o
nvcc warning : incompatible redefinition for option 'std', the last value of this option was used
nvcc warning : incompatible redefinition for option 'std', the last value of this option was used
[ 65%] Building CUDA object CMakeFiles/test.dir/graph_helper.cu.o
nvcc warning : incompatible redefinition for option 'std', the last value of this option was used
[ 69%] Building CUDA object CMakeFiles/test.dir/cache/page_cache.cu.o
nvcc warning : incompatible redefinition for option 'std', the last value of this option was used
nvcc warning : incompatible redefinition for option 'std', the last value of this option was used
nvcc warning : incompatible redefinition for option 'std', the last value of this option was used
In file included from /home/myl/cache_search/head.h:3,
                 from /home/myl/cache_search/raytracing.h:3,
                 from /home/myl/cache_search/raytracing.cpp:2:
/home/myl/optix7.6/NVIDIA-OptiX-SDK-7.6.0-linux64-x86_64/include/optix_stubs.h: In function ‘OptixResult optixUninitWithHandle(void*)’:
/home/myl/optix7.6/NVIDIA-OptiX-SDK-7.6.0-linux64-x86_64/include/optix_stubs.h:256:36: warning: missing initializer for member ‘OptixFunctionTable::optixGetErrorString’ [-Wmissing-field-initializers]
  256 |     OptixFunctionTable empty = { 0 };
      |                                    ^
/home/myl/optix7.6/NVIDIA-OptiX-SDK-7.6.0-linux64-x86_64/include/optix_stubs.h:256:36: warning: missing initializer for member ‘OptixFunctionTable::optixDeviceContextCreate’ [-Wmissing-field-initializers]
/home/myl/optix7.6/NVIDIA-OptiX-SDK-7.6.0-linux64-x86_64/include/optix_stubs.h:256:36: warning: missing initializer for member ‘OptixFunctionTable::optixDeviceContextDestroy’ [-Wmissing-field-initializers]
/home/myl/optix7.6/NVIDIA-OptiX-SDK-7.6.0-linux64-x86_64/include/optix_stubs.h:256:36: warning: missing initializer for member ‘OptixFunctionTable::optixDeviceContextGetProperty’ [-Wmissing-field-initializers]
/home/myl/optix7.6/NVIDIA-OptiX-SDK-7.6.0-linux64-x86_64/include/optix_stubs.h:256:36: warning: missing initializer for member ‘OptixFunctionTable::optixDeviceContextSetLogCallback’ [-Wmissing-field-initializers]
/home/myl/optix7.6/NVIDIA-OptiX-SDK-7.6.0-linux64-x86_64/include/optix_stubs.h:256:36: warning: missing initializer for member ‘OptixFunctionTable::optixDeviceContextSetCacheEnabled’ [-Wmissing-field-initializers]
/home/myl/optix7.6/NVIDIA-OptiX-SDK-7.6.0-linux64-x86_64/include/optix_stubs.h:256:36: warning: missing initializer for member ‘OptixFunctionTable::optixDeviceContextSetCacheLocation’ [-Wmissing-field-initializers]
/home/myl/optix7.6/NVIDIA-OptiX-SDK-7.6.0-linux64-x86_64/include/optix_stubs.h:256:36: warning: missing initializer for member ‘OptixFunctionTable::optixDeviceContextSetCacheDatabaseSizes’ [-Wmissing-field-initializers]
/home/myl/optix7.6/NVIDIA-OptiX-SDK-7.6.0-linux64-x86_64/include/optix_stubs.h:256:36: warning: missing initializer for member ‘OptixFunctionTable::optixDeviceContextGetCacheEnabled’ [-Wmissing-field-initializers]
/home/myl/optix7.6/NVIDIA-OptiX-SDK-7.6.0-linux64-x86_64/include/optix_stubs.h:256:36: warning: missing initializer for member ‘OptixFunctionTable::optixDeviceContextGetCacheLocation’ [-Wmissing-field-initializers]
/home/myl/optix7.6/NVIDIA-OptiX-SDK-7.6.0-linux64-x86_64/include/optix_stubs.h:256:36: warning: missing initializer for member ‘OptixFunctionTable::optixDeviceContextGetCacheDatabaseSizes’ [-Wmissing-field-initializers]
/home/myl/optix7.6/NVIDIA-OptiX-SDK-7.6.0-linux64-x86_64/include/optix_stubs.h:256:36: warning: missing initializer for member ‘OptixFunctionTable::optixModuleCreateFromPTX’ [-Wmissing-field-initializers]
/home/myl/optix7.6/NVIDIA-OptiX-SDK-7.6.0-linux64-x86_64/include/optix_stubs.h:256:36: warning: missing initializer for member ‘OptixFunctionTable::optixModuleCreateFromPTXWithTasks’ [-Wmissing-field-initializers]
/home/myl/optix7.6/NVIDIA-OptiX-SDK-7.6.0-linux64-x86_64/include/optix_stubs.h:256:36: warning: missing initializer for member ‘OptixFunctionTable::optixModuleGetCompilationState’ [-Wmissing-field-initializers]
/home/myl/optix7.6/NVIDIA-OptiX-SDK-7.6.0-linux64-x86_64/include/optix_stubs.h:256:36: warning: missing initializer for member ‘OptixFunctionTable::optixModuleDestroy’ [-Wmissing-field-initializers]
/home/myl/optix7.6/NVIDIA-OptiX-SDK-7.6.0-linux64-x86_64/include/optix_stubs.h:256:36: warning: missing initializer for member ‘OptixFunctionTable::optixBuiltinISModuleGet’ [-Wmissing-field-initializers]
/home/myl/optix7.6/NVIDIA-OptiX-SDK-7.6.0-linux64-x86_64/include/optix_stubs.h:256:36: warning: missing initializer for member ‘OptixFunctionTable::optixTaskExecute’ [-Wmissing-field-initializers]
/home/myl/optix7.6/NVIDIA-OptiX-SDK-7.6.0-linux64-x86_64/include/optix_stubs.h:256:36: warning: missing initializer for member ‘OptixFunctionTable::optixProgramGroupCreate’ [-Wmissing-field-initializers]
/home/myl/optix7.6/NVIDIA-OptiX-SDK-7.6.0-linux64-x86_64/include/optix_stubs.h:256:36: warning: missing initializer for member ‘OptixFunctionTable::optixProgramGroupDestroy’ [-Wmissing-field-initializers]
/home/myl/optix7.6/NVIDIA-OptiX-SDK-7.6.0-linux64-x86_64/include/optix_stubs.h:256:36: warning: missing initializer for member ‘OptixFunctionTable::optixProgramGroupGetStackSize’ [-Wmissing-field-initializers]
/home/myl/optix7.6/NVIDIA-OptiX-SDK-7.6.0-linux64-x86_64/include/optix_stubs.h:256:36: warning: missing initializer for member ‘OptixFunctionTable::optixPipelineCreate’ [-Wmissing-field-initializers]
/home/myl/optix7.6/NVIDIA-OptiX-SDK-7.6.0-linux64-x86_64/include/optix_stubs.h:256:36: warning: missing initializer for member ‘OptixFunctionTable::optixPipelineDestroy’ [-Wmissing-field-initializers]
/home/myl/optix7.6/NVIDIA-OptiX-SDK-7.6.0-linux64-x86_64/include/optix_stubs.h:256:36: warning: missing initializer for member ‘OptixFunctionTable::optixPipelineSetStackSize’ [-Wmissing-field-initializers]
/home/myl/optix7.6/NVIDIA-OptiX-SDK-7.6.0-linux64-x86_64/include/optix_stubs.h:256:36: warning: missing initializer for member ‘OptixFunctionTable::optixAccelComputeMemoryUsage’ [-Wmissing-field-initializers]
/home/myl/optix7.6/NVIDIA-OptiX-SDK-7.6.0-linux64-x86_64/include/optix_stubs.h:256:36: warning: missing initializer for member ‘OptixFunctionTable::optixAccelBuild’ [-Wmissing-field-initializers]
/home/myl/optix7.6/NVIDIA-OptiX-SDK-7.6.0-linux64-x86_64/include/optix_stubs.h:256:36: warning: missing initializer for member ‘OptixFunctionTable::optixAccelGetRelocationInfo’ [-Wmissing-field-initializers]
/home/myl/optix7.6/NVIDIA-OptiX-SDK-7.6.0-linux64-x86_64/include/optix_stubs.h:256:36: warning: missing initializer for member ‘OptixFunctionTable::optixCheckRelocationCompatibility’ [-Wmissing-field-initializers]
/home/myl/optix7.6/NVIDIA-OptiX-SDK-7.6.0-linux64-x86_64/include/optix_stubs.h:256:36: warning: missing initializer for member ‘OptixFunctionTable::optixAccelRelocate’ [-Wmissing-field-initializers]
/home/myl/optix7.6/NVIDIA-OptiX-SDK-7.6.0-linux64-x86_64/include/optix_stubs.h:256:36: warning: missing initializer for member ‘OptixFunctionTable::optixAccelCompact’ [-Wmissing-field-initializers]
/home/myl/optix7.6/NVIDIA-OptiX-SDK-7.6.0-linux64-x86_64/include/optix_stubs.h:256:36: warning: missing initializer for member ‘OptixFunctionTable::optixConvertPointerToTraversableHandle’ [-Wmissing-field-initializers]
/home/myl/optix7.6/NVIDIA-OptiX-SDK-7.6.0-linux64-x86_64/include/optix_stubs.h:256:36: warning: missing initializer for member ‘OptixFunctionTable::optixOpacityMicromapArrayComputeMemoryUsage’ [-Wmissing-field-initializers]
/home/myl/optix7.6/NVIDIA-OptiX-SDK-7.6.0-linux64-x86_64/include/optix_stubs.h:256:36: warning: missing initializer for member ‘OptixFunctionTable::optixOpacityMicromapArrayBuild’ [-Wmissing-field-initializers]
/home/myl/optix7.6/NVIDIA-OptiX-SDK-7.6.0-linux64-x86_64/include/optix_stubs.h:256:36: warning: missing initializer for member ‘OptixFunctionTable::optixOpacityMicromapArrayGetRelocationInfo’ [-Wmissing-field-initializers]
/home/myl/optix7.6/NVIDIA-OptiX-SDK-7.6.0-linux64-x86_64/include/optix_stubs.h:256:36: warning: missing initializer for member ‘OptixFunctionTable::optixOpacityMicromapArrayRelocate’ [-Wmissing-field-initializers]
/home/myl/optix7.6/NVIDIA-OptiX-SDK-7.6.0-linux64-x86_64/include/optix_stubs.h:256:36: warning: missing initializer for member ‘OptixFunctionTable::reserved1’ [-Wmissing-field-initializers]
/home/myl/optix7.6/NVIDIA-OptiX-SDK-7.6.0-linux64-x86_64/include/optix_stubs.h:256:36: warning: missing initializer for member ‘OptixFunctionTable::reserved2’ [-Wmissing-field-initializers]
/home/myl/optix7.6/NVIDIA-OptiX-SDK-7.6.0-linux64-x86_64/include/optix_stubs.h:256:36: warning: missing initializer for member ‘OptixFunctionTable::optixSbtRecordPackHeader’ [-Wmissing-field-initializers]
/home/myl/optix7.6/NVIDIA-OptiX-SDK-7.6.0-linux64-x86_64/include/optix_stubs.h:256:36: warning: missing initializer for member ‘OptixFunctionTable::optixLaunch’ [-Wmissing-field-initializers]
/home/myl/optix7.6/NVIDIA-OptiX-SDK-7.6.0-linux64-x86_64/include/optix_stubs.h:256:36: warning: missing initializer for member ‘OptixFunctionTable::optixDenoiserCreate’ [-Wmissing-field-initializers]
/home/myl/optix7.6/NVIDIA-OptiX-SDK-7.6.0-linux64-x86_64/include/optix_stubs.h:256:36: warning: missing initializer for member ‘OptixFunctionTable::optixDenoiserDestroy’ [-Wmissing-field-initializers]
/home/myl/optix7.6/NVIDIA-OptiX-SDK-7.6.0-linux64-x86_64/include/optix_stubs.h:256:36: warning: missing initializer for member ‘OptixFunctionTable::optixDenoiserComputeMemoryResources’ [-Wmissing-field-initializers]
/home/myl/optix7.6/NVIDIA-OptiX-SDK-7.6.0-linux64-x86_64/include/optix_stubs.h:256:36: warning: missing initializer for member ‘OptixFunctionTable::optixDenoiserSetup’ [-Wmissing-field-initializers]
/home/myl/optix7.6/NVIDIA-OptiX-SDK-7.6.0-linux64-x86_64/include/optix_stubs.h:256:36: warning: missing initializer for member ‘OptixFunctionTable::optixDenoiserInvoke’ [-Wmissing-field-initializers]
/home/myl/optix7.6/NVIDIA-OptiX-SDK-7.6.0-linux64-x86_64/include/optix_stubs.h:256:36: warning: missing initializer for member ‘OptixFunctionTable::optixDenoiserComputeIntensity’ [-Wmissing-field-initializers]
/home/myl/optix7.6/NVIDIA-OptiX-SDK-7.6.0-linux64-x86_64/include/optix_stubs.h:256:36: warning: missing initializer for member ‘OptixFunctionTable::optixDenoiserComputeAverageColor’ [-Wmissing-field-initializers]
/home/myl/optix7.6/NVIDIA-OptiX-SDK-7.6.0-linux64-x86_64/include/optix_stubs.h:256:36: warning: missing initializer for member ‘OptixFunctionTable::optixDenoiserCreateWithUserModel’ [-Wmissing-field-initializers]
/home/myl/cache_search/cache/page_cache.cu:29: warning: "CUDA_CHECK" redefined
   29 | #define CUDA_CHECK(expr) cuda_check((expr), #expr, __FILE__, __LINE__)
      | 
In file included from /home/myl/cache_search/cache/../head.h:21,
                 from /home/myl/cache_search/cache/page_cache.h:7,
                 from /home/myl/cache_search/cache/page_cache.cu:1:
/home/myl/cache_search/cache/../helper.h:14: note: this is the location of the previous definition
   14 | #define CUDA_CHECK(call)                                                   \
      | 
In file included from /home/myl/cache_search/head.h:3,
                 from /home/myl/cache_search/entry.h:8,
                 from /home/myl/cache_search/graph.h:2,
                 from /home/myl/cache_search/main.cpp:3:
/home/myl/optix7.6/NVIDIA-OptiX-SDK-7.6.0-linux64-x86_64/include/optix_stubs.h: In function ‘OptixResult optixUninitWithHandle(void*)’:
/home/myl/optix7.6/NVIDIA-OptiX-SDK-7.6.0-linux64-x86_64/include/optix_stubs.h:256:36: warning: missing initializer for member ‘OptixFunctionTable::optixGetErrorString’ [-Wmissing-field-initializers]
  256 |     OptixFunctionTable empty = { 0 };
      |                                    ^
/home/myl/optix7.6/NVIDIA-OptiX-SDK-7.6.0-linux64-x86_64/include/optix_stubs.h:256:36: warning: missing initializer for member ‘OptixFunctionTable::optixDeviceContextCreate’ [-Wmissing-field-initializers]
/home/myl/optix7.6/NVIDIA-OptiX-SDK-7.6.0-linux64-x86_64/include/optix_stubs.h:256:36: warning: missing initializer for member ‘OptixFunctionTable::optixDeviceContextDestroy’ [-Wmissing-field-initializers]
/home/myl/optix7.6/NVIDIA-OptiX-SDK-7.6.0-linux64-x86_64/include/optix_stubs.h:256:36: warning: missing initializer for member ‘OptixFunctionTable::optixDeviceContextGetProperty’ [-Wmissing-field-initializers]
/home/myl/optix7.6/NVIDIA-OptiX-SDK-7.6.0-linux64-x86_64/include/optix_stubs.h:256:36: warning: missing initializer for member ‘OptixFunctionTable::optixDeviceContextSetLogCallback’ [-Wmissing-field-initializers]
/home/myl/optix7.6/NVIDIA-OptiX-SDK-7.6.0-linux64-x86_64/include/optix_stubs.h:256:36: warning: missing initializer for member ‘OptixFunctionTable::optixDeviceContextSetCacheEnabled’ [-Wmissing-field-initializers]
/home/myl/optix7.6/NVIDIA-OptiX-SDK-7.6.0-linux64-x86_64/include/optix_stubs.h:256:36: warning: missing initializer for member ‘OptixFunctionTable::optixDeviceContextSetCacheLocation’ [-Wmissing-field-initializers]
/home/myl/optix7.6/NVIDIA-OptiX-SDK-7.6.0-linux64-x86_64/include/optix_stubs.h:256:36: warning: missing initializer for member ‘OptixFunctionTable::optixDeviceContextSetCacheDatabaseSizes’ [-Wmissing-field-initializers]
/home/myl/optix7.6/NVIDIA-OptiX-SDK-7.6.0-linux64-x86_64/include/optix_stubs.h:256:36: warning: missing initializer for member ‘OptixFunctionTable::optixDeviceContextGetCacheEnabled’ [-Wmissing-field-initializers]
/home/myl/optix7.6/NVIDIA-OptiX-SDK-7.6.0-linux64-x86_64/include/optix_stubs.h:256:36: warning: missing initializer for member ‘OptixFunctionTable::optixDeviceContextGetCacheLocation’ [-Wmissing-field-initializers]
/home/myl/optix7.6/NVIDIA-OptiX-SDK-7.6.0-linux64-x86_64/include/optix_stubs.h:256:36: warning: missing initializer for member ‘OptixFunctionTable::optixDeviceContextGetCacheDatabaseSizes’ [-Wmissing-field-initializers]
/home/myl/optix7.6/NVIDIA-OptiX-SDK-7.6.0-linux64-x86_64/include/optix_stubs.h:256:36: warning: missing initializer for member ‘OptixFunctionTable::optixModuleCreateFromPTX’ [-Wmissing-field-initializers]
/home/myl/optix7.6/NVIDIA-OptiX-SDK-7.6.0-linux64-x86_64/include/optix_stubs.h:256:36: warning: missing initializer for member ‘OptixFunctionTable::optixModuleCreateFromPTXWithTasks’ [-Wmissing-field-initializers]
/home/myl/optix7.6/NVIDIA-OptiX-SDK-7.6.0-linux64-x86_64/include/optix_stubs.h:256:36: warning: missing initializer for member ‘OptixFunctionTable::optixModuleGetCompilationState’ [-Wmissing-field-initializers]
/home/myl/optix7.6/NVIDIA-OptiX-SDK-7.6.0-linux64-x86_64/include/optix_stubs.h:256:36: warning: missing initializer for member ‘OptixFunctionTable::optixModuleDestroy’ [-Wmissing-field-initializers]
/home/myl/optix7.6/NVIDIA-OptiX-SDK-7.6.0-linux64-x86_64/include/optix_stubs.h:256:36: warning: missing initializer for member ‘OptixFunctionTable::optixBuiltinISModuleGet’ [-Wmissing-field-initializers]
/home/myl/optix7.6/NVIDIA-OptiX-SDK-7.6.0-linux64-x86_64/include/optix_stubs.h:256:36: warning: missing initializer for member ‘OptixFunctionTable::optixTaskExecute’ [-Wmissing-field-initializers]
/home/myl/optix7.6/NVIDIA-OptiX-SDK-7.6.0-linux64-x86_64/include/optix_stubs.h:256:36: warning: missing initializer for member ‘OptixFunctionTable::optixProgramGroupCreate’ [-Wmissing-field-initializers]
/home/myl/optix7.6/NVIDIA-OptiX-SDK-7.6.0-linux64-x86_64/include/optix_stubs.h:256:36: warning: missing initializer for member ‘OptixFunctionTable::optixProgramGroupDestroy’ [-Wmissing-field-initializers]
/home/myl/optix7.6/NVIDIA-OptiX-SDK-7.6.0-linux64-x86_64/include/optix_stubs.h:256:36: warning: missing initializer for member ‘OptixFunctionTable::optixProgramGroupGetStackSize’ [-Wmissing-field-initializers]
/home/myl/optix7.6/NVIDIA-OptiX-SDK-7.6.0-linux64-x86_64/include/optix_stubs.h:256:36: warning: missing initializer for member ‘OptixFunctionTable::optixPipelineCreate’ [-Wmissing-field-initializers]
/home/myl/optix7.6/NVIDIA-OptiX-SDK-7.6.0-linux64-x86_64/include/optix_stubs.h:256:36: warning: missing initializer for member ‘OptixFunctionTable::optixPipelineDestroy’ [-Wmissing-field-initializers]
/home/myl/optix7.6/NVIDIA-OptiX-SDK-7.6.0-linux64-x86_64/include/optix_stubs.h:256:36: warning: missing initializer for member ‘OptixFunctionTable::optixPipelineSetStackSize’ [-Wmissing-field-initializers]
/home/myl/optix7.6/NVIDIA-OptiX-SDK-7.6.0-linux64-x86_64/include/optix_stubs.h:256:36: warning: missing initializer for member ‘OptixFunctionTable::optixAccelComputeMemoryUsage’ [-Wmissing-field-initializers]
/home/myl/optix7.6/NVIDIA-OptiX-SDK-7.6.0-linux64-x86_64/include/optix_stubs.h:256:36: warning: missing initializer for member ‘OptixFunctionTable::optixAccelBuild’ [-Wmissing-field-initializers]
/home/myl/optix7.6/NVIDIA-OptiX-SDK-7.6.0-linux64-x86_64/include/optix_stubs.h:256:36: warning: missing initializer for member ‘OptixFunctionTable::optixAccelGetRelocationInfo’ [-Wmissing-field-initializers]
/home/myl/optix7.6/NVIDIA-OptiX-SDK-7.6.0-linux64-x86_64/include/optix_stubs.h:256:36: warning: missing initializer for member ‘OptixFunctionTable::optixCheckRelocationCompatibility’ [-Wmissing-field-initializers]
/home/myl/optix7.6/NVIDIA-OptiX-SDK-7.6.0-linux64-x86_64/include/optix_stubs.h:256:36: warning: missing initializer for member ‘OptixFunctionTable::optixAccelRelocate’ [-Wmissing-field-initializers]
/home/myl/optix7.6/NVIDIA-OptiX-SDK-7.6.0-linux64-x86_64/include/optix_stubs.h:256:36: warning: missing initializer for member ‘OptixFunctionTable::optixAccelCompact’ [-Wmissing-field-initializers]
/home/myl/optix7.6/NVIDIA-OptiX-SDK-7.6.0-linux64-x86_64/include/optix_stubs.h:256:36: warning: missing initializer for member ‘OptixFunctionTable::optixConvertPointerToTraversableHandle’ [-Wmissing-field-initializers]
/home/myl/optix7.6/NVIDIA-OptiX-SDK-7.6.0-linux64-x86_64/include/optix_stubs.h:256:36: warning: missing initializer for member ‘OptixFunctionTable::optixOpacityMicromapArrayComputeMemoryUsage’ [-Wmissing-field-initializers]
/home/myl/optix7.6/NVIDIA-OptiX-SDK-7.6.0-linux64-x86_64/include/optix_stubs.h:256:36: warning: missing initializer for member ‘OptixFunctionTable::optixOpacityMicromapArrayBuild’ [-Wmissing-field-initializers]
/home/myl/optix7.6/NVIDIA-OptiX-SDK-7.6.0-linux64-x86_64/include/optix_stubs.h:256:36: warning: missing initializer for member ‘OptixFunctionTable::optixOpacityMicromapArrayGetRelocationInfo’ [-Wmissing-field-initializers]
/home/myl/optix7.6/NVIDIA-OptiX-SDK-7.6.0-linux64-x86_64/include/optix_stubs.h:256:36: warning: missing initializer for member ‘OptixFunctionTable::optixOpacityMicromapArrayRelocate’ [-Wmissing-field-initializers]
/home/myl/optix7.6/NVIDIA-OptiX-SDK-7.6.0-linux64-x86_64/include/optix_stubs.h:256:36: warning: missing initializer for member ‘OptixFunctionTable::reserved1’ [-Wmissing-field-initializers]
/home/myl/optix7.6/NVIDIA-OptiX-SDK-7.6.0-linux64-x86_64/include/optix_stubs.h:256:36: warning: missing initializer for member ‘OptixFunctionTable::reserved2’ [-Wmissing-field-initializers]
/home/myl/optix7.6/NVIDIA-OptiX-SDK-7.6.0-linux64-x86_64/include/optix_stubs.h:256:36: warning: missing initializer for member ‘OptixFunctionTable::optixSbtRecordPackHeader’ [-Wmissing-field-initializers]
/home/myl/optix7.6/NVIDIA-OptiX-SDK-7.6.0-linux64-x86_64/include/optix_stubs.h:256:36: warning: missing initializer for member ‘OptixFunctionTable::optixLaunch’ [-Wmissing-field-initializers]
/home/myl/optix7.6/NVIDIA-OptiX-SDK-7.6.0-linux64-x86_64/include/optix_stubs.h:256:36: warning: missing initializer for member ‘OptixFunctionTable::optixDenoiserCreate’ [-Wmissing-field-initializers]
/home/myl/optix7.6/NVIDIA-OptiX-SDK-7.6.0-linux64-x86_64/include/optix_stubs.h:256:36: warning: missing initializer for member ‘OptixFunctionTable::optixDenoiserDestroy’ [-Wmissing-field-initializers]
/home/myl/optix7.6/NVIDIA-OptiX-SDK-7.6.0-linux64-x86_64/include/optix_stubs.h:256:36: warning: missing initializer for member ‘OptixFunctionTable::optixDenoiserComputeMemoryResources’ [-Wmissing-field-initializers]
/home/myl/optix7.6/NVIDIA-OptiX-SDK-7.6.0-linux64-x86_64/include/optix_stubs.h:256:36: warning: missing initializer for member ‘OptixFunctionTable::optixDenoiserSetup’ [-Wmissing-field-initializers]
/home/myl/optix7.6/NVIDIA-OptiX-SDK-7.6.0-linux64-x86_64/include/optix_stubs.h:256:36: warning: missing initializer for member ‘OptixFunctionTable::optixDenoiserInvoke’ [-Wmissing-field-initializers]
/home/myl/optix7.6/NVIDIA-OptiX-SDK-7.6.0-linux64-x86_64/include/optix_stubs.h:256:36: warning: missing initializer for member ‘OptixFunctionTable::optixDenoiserComputeIntensity’ [-Wmissing-field-initializers]
/home/myl/optix7.6/NVIDIA-OptiX-SDK-7.6.0-linux64-x86_64/include/optix_stubs.h:256:36: warning: missing initializer for member ‘OptixFunctionTable::optixDenoiserComputeAverageColor’ [-Wmissing-field-initializers]
/home/myl/optix7.6/NVIDIA-OptiX-SDK-7.6.0-linux64-x86_64/include/optix_stubs.h:256:36: warning: missing initializer for member ‘OptixFunctionTable::optixDenoiserCreateWithUserModel’ [-Wmissing-field-initializers]
/home/myl/cache_search/cache/page_cache.cu:29: warning: "CUDA_CHECK" redefined
   29 | #define CUDA_CHECK(expr) cuda_check((expr), #expr, __FILE__, __LINE__)
      | 
In file included from /home/myl/cache_search/cache/../head.h:21,
                 from /home/myl/cache_search/cache/page_cache.h:7,
                 from /home/myl/cache_search/cache/page_cache.cu:1:
/home/myl/cache_search/cache/../helper.h:14: note: this is the location of the previous definition
   14 | #define CUDA_CHECK(call)                                                   \
      | 
/home/myl/cache_search/cache/page_cache.cu:29: warning: "CUDA_CHECK" redefined
   29 | #define CUDA_CHECK(expr) cuda_check((expr), #expr, __FILE__, __LINE__)
      | 
In file included from /home/myl/cache_search/cache/../head.h:21,
                 from /home/myl/cache_search/cache/page_cache.h:7,
                 from /home/myl/cache_search/cache/page_cache.cu:1:
/home/myl/cache_search/cache/../helper.h:14: note: this is the location of the previous definition
   14 | #define CUDA_CHECK(call)                                                   \
      | 
In file included from /home/myl/cache_search/graph.h:3,
                 from /home/myl/cache_search/main.cpp:3:
/home/myl/cache_search/pca/pca.h: In constructor ‘PCA::PCA(float*, uint, uint)’:
/home/myl/cache_search/pca/pca.h:17:23: warning: comparison of integer expressions of different signedness: ‘int’ and ‘uint’ {aka ‘unsigned int’} [-Wsign-compare]
   17 |     for (int i = 0; i < nb; i++) {
      |                     ~~^~~~
/home/myl/cache_search/pca/pca.h:18:25: warning: comparison of integer expressions of different signedness: ‘int’ and ‘uint’ {aka ‘unsigned int’} [-Wsign-compare]
   18 |       for (int j = 0; j < dim; j++) {
      |                       ~~^~~~~
/home/myl/cache_search/main.cpp: In function ‘int main(int, char**)’:
/home/myl/cache_search/main.cpp:91:9: warning: unused variable ‘datafile’ [-Wunused-variable]
   91 |   char* datafile = (char*)FLAGS_data_path.c_str();
      |         ^~~~~~~~
/home/myl/cache_search/main.cpp:92:9: warning: unused variable ‘queryfile’ [-Wunused-variable]
   92 |   char* queryfile = (char*)FLAGS_query_path.c_str();
      |         ^~~~~~~~~
/home/myl/cache_search/main.cpp:93:9: warning: unused variable ‘gtfile’ [-Wunused-variable]
   93 |   char* gtfile = (char*)FLAGS_gt_path.c_str();
      |         ^~~~~~
/home/myl/cache_search/file_read.cu(138): warning #1650-D: result of call is not used
    fscanf(file, "%d %d", &n, &d);
    ^

Remark: The warnings can be suppressed with "-diag-suppress <warning-number>"

/home/myl/cache_search/file_read.cu(142): warning #1650-D: result of call is not used
        fscanf(file, "%f,", &data[i * d + j]);
        ^

/home/myl/cache_search/file_read.cu(144): warning #1650-D: result of call is not used
      fscanf(file, "%f", &data[i * d + d - 1]);
      ^

/home/myl/cache_search/file_read.cu(206): warning #1650-D: result of call is not used
    fread(&d, sizeof(d), 1, file);
    ^

/home/myl/cache_search/file_read.cu(208): warning #1650-D: result of call is not used
    fread(data_ptr, sizeof(float), n*d, file);
    ^

/home/myl/cache_search/file_read.cu(138): warning #1650-D: result of call is not used
    fscanf(file, "%d %d", &n, &d);
    ^

Remark: The warnings can be suppressed with "-diag-suppress <warning-number>"

/home/myl/cache_search/file_read.cu(142): warning #1650-D: result of call is not used
        fscanf(file, "%f,", &data[i * d + j]);
        ^

/home/myl/cache_search/file_read.cu(144): warning #1650-D: result of call is not used
      fscanf(file, "%f", &data[i * d + d - 1]);
      ^

/home/myl/cache_search/file_read.cu(206): warning #1650-D: result of call is not used
    fread(&d, sizeof(d), 1, file);
    ^

/home/myl/cache_search/file_read.cu(208): warning #1650-D: result of call is not used
    fread(data_ptr, sizeof(float), n*d, file);
    ^

/home/myl/cache_search/graph_helper.cu(222): warning #177-D: variable "max_threads" was declared but never referenced
    int max_threads = 64;
        ^

Remark: The warnings can be suppressed with "-diag-suppress <warning-number>"

/home/myl/cache_search/graph_search.cuh(167): warning #177-D: variable "random_entry_seed" was declared but never referenced
    uint random_entry_seed = b_id*blockSize + t_id;
         ^

Remark: The warnings can be suppressed with "-diag-suppress <warning-number>"

/home/myl/cache_search/file_read.cu(138): warning #1650-D: result of call is not used
    fscanf(file, "%d %d", &n, &d);
    ^

Remark: The warnings can be suppressed with "-diag-suppress <warning-number>"

/home/myl/cache_search/file_read.cu(142): warning #1650-D: result of call is not used
        fscanf(file, "%f,", &data[i * d + j]);
        ^

/home/myl/cache_search/file_read.cu(144): warning #1650-D: result of call is not used
      fscanf(file, "%f", &data[i * d + d - 1]);
      ^

/home/myl/cache_search/file_read.cu(206): warning #1650-D: result of call is not used
    fread(&d, sizeof(d), 1, file);
    ^

/home/myl/cache_search/file_read.cu(208): warning #1650-D: result of call is not used
    fread(data_ptr, sizeof(float), n*d, file);
    ^

/home/myl/cache_search/graph_helper.cu(222): warning #177-D: variable "max_threads" was declared but never referenced
    int max_threads = 64;
        ^

Remark: The warnings can be suppressed with "-diag-suppress <warning-number>"

/home/myl/cache_search/file_read.cu: In static member function ‘static void file_read::read_txt_file(const char*, int&, int&, thrust::host_vector<float>&)’:
/home/myl/cache_search/file_read.cu:138:7: warning: ignoring return value of ‘int fscanf(FILE*, const char*, ...)’ declared with attribute ‘warn_unused_result’ [-Wunused-result]
  138 |   fscanf(file, "%d %d", &n, &d);
      |   ~~~~^~~~~~~~~~~~~~~~~~~~~~~
/home/myl/cache_search/file_read.cu:142:7: warning: ignoring return value of ‘int fscanf(FILE*, const char*, ...)’ declared with attribute ‘warn_unused_result’ [-Wunused-result]
  142 |       fscanf(file, "%f,", &data[i * d + j]);
      |       ^~~~~~~~~~~~~~~~~~~~~~~~~~~~~~~~~
/home/myl/cache_search/file_read.cu:144:7: warning: ignoring return value of ‘int fscanf(FILE*, const char*, ...)’ declared with attribute ‘warn_unused_result’ [-Wunused-result]
  144 |     fscanf(file, "%f", &data[i * d + d - 1]);
      |     ~~^~~~~~~~~~~~~~~~~~~~~~~~~~~~~~~~~~~~~~
/home/myl/cache_search/file_read.cu: In static member function ‘static void file_read::read_hvecs_file(const char*, int&, int&, thrust::host_vector<float>&)’:
/home/myl/cache_search/file_read.cu:206:6: warning: ignoring return value of ‘size_t fread(void*, size_t, size_t, FILE*)’ declared with attribute ‘warn_unused_result’ [-Wunused-result]
  206 |   fread(&d, sizeof(d), 1, file);
      |   ~~~^~~~~~~~~~~~~~~~~~~~~~~
/home/myl/cache_search/file_read.cu:208:6: warning: ignoring return value of ‘size_t fread(void*, size_t, size_t, FILE*)’ declared with attribute ‘warn_unused_result’ [-Wunused-result]
  208 |   fread(data_ptr, sizeof(float), n*d, file);
      |   ~~~^~~~~~~~~~~~~~~~~~~~~~~~~~~~~~~~~~~~~~
/home/myl/cache_search/graph_search.cuh(167): warning #177-D: variable "random_entry_seed" was declared but never referenced
    uint random_entry_seed = b_id*blockSize + t_id;
         ^

Remark: The warnings can be suppressed with "-diag-suppress <warning-number>"

[ 73%] Linking CXX executable /home/myl/cache_search/bin/test
[100%] Built target test
正在运行 ./test --ALGO=1 --topk=0 --n_candidates=1024 --expand_ratio=0.2 --point_ratio=0.00001024 --search_width=4 --t=50 --n_cluster=1000  --max_iter=1000 ...
Total GPUs visible: 6, using [3]: NVIDIA L40
Available Memory: 44940 MB, Total Memory: 45372 MB
Shared memory per block: 49152 bytes
Shared memory per SM   : 102400 bytes
Shared memory per block (optin): 101376 bytes
Input
n = 10000, d = 128
np = 100000000, dim = 128
Cluster number: 10000
Centroids read successfully
Input: copy points to device
Input: finish copy points to device
degree = 64
RB_Graph: finish read or build graph
Projection: reading pca base file /mnt/IntelP5520_8T_1/myl/cache_search/data/sift100M/rotated_base.fbin
read PCA file
sizeof_points = 12800000000
Projection: finish reading pca base file
BlockUp function
reading AABB from file /mnt/IntelP5520_8T_1/myl/cache_search/data/sift100M/1024_0.aabbs
Create context
Create module
Create program groups
Create pipeline
Create SBT
BVH Building Time = 0.484928 ms
batch_size = 5
time build_query_batches: 0.048075 ms
time pca projection: 0.148163 ms
time rt_entry search: 0.062386 ms
time graph search: 40772.1 ms
compute_dim = 20733450940
compute_dis = 545617130
average dimensions per distance computation = 38
time total search time: 40772.4 ms
checking results...
gt_k = 1000
recall1@1024 = 0.999600
recall10@1024 = 0.998160
recall100@1024 = 0.973742
recall1000@1024 = 0.595710
Free memory: 5398 MB
Total memory: 45372 MB
Used memory: 39974 MB
Clean up RT ...
Finish cleaning up RT
完成 DIM = 38 的测试

==================================================
正在处理: DIM = 37
==================================================
[ 13%] Built target compute_pca
[ 17%] Building NVCC ptx file cuda_compile_ptx_1_generated_devicePrograms.cu.ptx
[ 21%] compiling (and embedding ptx from) devicePrograms.cu
[ 26%] Building C object CMakeFiles/test.dir/cuda_compile_ptx_1_generated_devicePrograms.cu.ptx_embedded.c.o
[ 30%] Building CXX object CMakeFiles/test.dir/main.cpp.o
[ 39%] Building CUDA object CMakeFiles/test.dir/entry.cu.o
[ 39%] Building CUDA object CMakeFiles/test.dir/aabb.cu.o
[ 43%] Building CUDA object CMakeFiles/test.dir/entry_helper.cu.o
[ 47%] Building CUDA object CMakeFiles/test.dir/matrix.cu.o
[ 52%] Building CUDA object CMakeFiles/test.dir/file_read.cu.o
[ 56%] Building CXX object CMakeFiles/test.dir/raytracing.cpp.o
nvcc warning : incompatible redefinition for option 'std', the last value of this option was used
nvcc warning : incompatible redefinition for option 'std', the last value of this option was used
nvcc warning : incompatible redefinition for option 'std', the last value of this option was used
[ 60%] Building CUDA object CMakeFiles/test.dir/graph.cu.o
nvcc warning : incompatible redefinition for option 'std', the last value of this option was used
[ 65%] Building CUDA object CMakeFiles/test.dir/graph_helper.cu.o
nvcc warning : incompatible redefinition for option 'std', the last value of this option was used
[ 69%] Building CUDA object CMakeFiles/test.dir/cache/page_cache.cu.o
nvcc warning : incompatible redefinition for option 'std', the last value of this option was used
nvcc warning : incompatible redefinition for option 'std', the last value of this option was used
nvcc warning : incompatible redefinition for option 'std', the last value of this option was used
In file included from /home/myl/cache_search/head.h:3,
                 from /home/myl/cache_search/raytracing.h:3,
                 from /home/myl/cache_search/raytracing.cpp:2:
/home/myl/optix7.6/NVIDIA-OptiX-SDK-7.6.0-linux64-x86_64/include/optix_stubs.h: In function ‘OptixResult optixUninitWithHandle(void*)’:
/home/myl/optix7.6/NVIDIA-OptiX-SDK-7.6.0-linux64-x86_64/include/optix_stubs.h:256:36: warning: missing initializer for member ‘OptixFunctionTable::optixGetErrorString’ [-Wmissing-field-initializers]
  256 |     OptixFunctionTable empty = { 0 };
      |                                    ^
/home/myl/optix7.6/NVIDIA-OptiX-SDK-7.6.0-linux64-x86_64/include/optix_stubs.h:256:36: warning: missing initializer for member ‘OptixFunctionTable::optixDeviceContextCreate’ [-Wmissing-field-initializers]
/home/myl/optix7.6/NVIDIA-OptiX-SDK-7.6.0-linux64-x86_64/include/optix_stubs.h:256:36: warning: missing initializer for member ‘OptixFunctionTable::optixDeviceContextDestroy’ [-Wmissing-field-initializers]
/home/myl/optix7.6/NVIDIA-OptiX-SDK-7.6.0-linux64-x86_64/include/optix_stubs.h:256:36: warning: missing initializer for member ‘OptixFunctionTable::optixDeviceContextGetProperty’ [-Wmissing-field-initializers]
/home/myl/optix7.6/NVIDIA-OptiX-SDK-7.6.0-linux64-x86_64/include/optix_stubs.h:256:36: warning: missing initializer for member ‘OptixFunctionTable::optixDeviceContextSetLogCallback’ [-Wmissing-field-initializers]
/home/myl/optix7.6/NVIDIA-OptiX-SDK-7.6.0-linux64-x86_64/include/optix_stubs.h:256:36: warning: missing initializer for member ‘OptixFunctionTable::optixDeviceContextSetCacheEnabled’ [-Wmissing-field-initializers]
/home/myl/optix7.6/NVIDIA-OptiX-SDK-7.6.0-linux64-x86_64/include/optix_stubs.h:256:36: warning: missing initializer for member ‘OptixFunctionTable::optixDeviceContextSetCacheLocation’ [-Wmissing-field-initializers]
/home/myl/optix7.6/NVIDIA-OptiX-SDK-7.6.0-linux64-x86_64/include/optix_stubs.h:256:36: warning: missing initializer for member ‘OptixFunctionTable::optixDeviceContextSetCacheDatabaseSizes’ [-Wmissing-field-initializers]
/home/myl/optix7.6/NVIDIA-OptiX-SDK-7.6.0-linux64-x86_64/include/optix_stubs.h:256:36: warning: missing initializer for member ‘OptixFunctionTable::optixDeviceContextGetCacheEnabled’ [-Wmissing-field-initializers]
/home/myl/optix7.6/NVIDIA-OptiX-SDK-7.6.0-linux64-x86_64/include/optix_stubs.h:256:36: warning: missing initializer for member ‘OptixFunctionTable::optixDeviceContextGetCacheLocation’ [-Wmissing-field-initializers]
/home/myl/optix7.6/NVIDIA-OptiX-SDK-7.6.0-linux64-x86_64/include/optix_stubs.h:256:36: warning: missing initializer for member ‘OptixFunctionTable::optixDeviceContextGetCacheDatabaseSizes’ [-Wmissing-field-initializers]
/home/myl/optix7.6/NVIDIA-OptiX-SDK-7.6.0-linux64-x86_64/include/optix_stubs.h:256:36: warning: missing initializer for member ‘OptixFunctionTable::optixModuleCreateFromPTX’ [-Wmissing-field-initializers]
/home/myl/optix7.6/NVIDIA-OptiX-SDK-7.6.0-linux64-x86_64/include/optix_stubs.h:256:36: warning: missing initializer for member ‘OptixFunctionTable::optixModuleCreateFromPTXWithTasks’ [-Wmissing-field-initializers]
/home/myl/optix7.6/NVIDIA-OptiX-SDK-7.6.0-linux64-x86_64/include/optix_stubs.h:256:36: warning: missing initializer for member ‘OptixFunctionTable::optixModuleGetCompilationState’ [-Wmissing-field-initializers]
/home/myl/optix7.6/NVIDIA-OptiX-SDK-7.6.0-linux64-x86_64/include/optix_stubs.h:256:36: warning: missing initializer for member ‘OptixFunctionTable::optixModuleDestroy’ [-Wmissing-field-initializers]
/home/myl/optix7.6/NVIDIA-OptiX-SDK-7.6.0-linux64-x86_64/include/optix_stubs.h:256:36: warning: missing initializer for member ‘OptixFunctionTable::optixBuiltinISModuleGet’ [-Wmissing-field-initializers]
/home/myl/optix7.6/NVIDIA-OptiX-SDK-7.6.0-linux64-x86_64/include/optix_stubs.h:256:36: warning: missing initializer for member ‘OptixFunctionTable::optixTaskExecute’ [-Wmissing-field-initializers]
/home/myl/optix7.6/NVIDIA-OptiX-SDK-7.6.0-linux64-x86_64/include/optix_stubs.h:256:36: warning: missing initializer for member ‘OptixFunctionTable::optixProgramGroupCreate’ [-Wmissing-field-initializers]
/home/myl/optix7.6/NVIDIA-OptiX-SDK-7.6.0-linux64-x86_64/include/optix_stubs.h:256:36: warning: missing initializer for member ‘OptixFunctionTable::optixProgramGroupDestroy’ [-Wmissing-field-initializers]
/home/myl/optix7.6/NVIDIA-OptiX-SDK-7.6.0-linux64-x86_64/include/optix_stubs.h:256:36: warning: missing initializer for member ‘OptixFunctionTable::optixProgramGroupGetStackSize’ [-Wmissing-field-initializers]
/home/myl/optix7.6/NVIDIA-OptiX-SDK-7.6.0-linux64-x86_64/include/optix_stubs.h:256:36: warning: missing initializer for member ‘OptixFunctionTable::optixPipelineCreate’ [-Wmissing-field-initializers]
/home/myl/optix7.6/NVIDIA-OptiX-SDK-7.6.0-linux64-x86_64/include/optix_stubs.h:256:36: warning: missing initializer for member ‘OptixFunctionTable::optixPipelineDestroy’ [-Wmissing-field-initializers]
/home/myl/optix7.6/NVIDIA-OptiX-SDK-7.6.0-linux64-x86_64/include/optix_stubs.h:256:36: warning: missing initializer for member ‘OptixFunctionTable::optixPipelineSetStackSize’ [-Wmissing-field-initializers]
/home/myl/optix7.6/NVIDIA-OptiX-SDK-7.6.0-linux64-x86_64/include/optix_stubs.h:256:36: warning: missing initializer for member ‘OptixFunctionTable::optixAccelComputeMemoryUsage’ [-Wmissing-field-initializers]
/home/myl/optix7.6/NVIDIA-OptiX-SDK-7.6.0-linux64-x86_64/include/optix_stubs.h:256:36: warning: missing initializer for member ‘OptixFunctionTable::optixAccelBuild’ [-Wmissing-field-initializers]
/home/myl/optix7.6/NVIDIA-OptiX-SDK-7.6.0-linux64-x86_64/include/optix_stubs.h:256:36: warning: missing initializer for member ‘OptixFunctionTable::optixAccelGetRelocationInfo’ [-Wmissing-field-initializers]
/home/myl/optix7.6/NVIDIA-OptiX-SDK-7.6.0-linux64-x86_64/include/optix_stubs.h:256:36: warning: missing initializer for member ‘OptixFunctionTable::optixCheckRelocationCompatibility’ [-Wmissing-field-initializers]
/home/myl/optix7.6/NVIDIA-OptiX-SDK-7.6.0-linux64-x86_64/include/optix_stubs.h:256:36: warning: missing initializer for member ‘OptixFunctionTable::optixAccelRelocate’ [-Wmissing-field-initializers]
/home/myl/optix7.6/NVIDIA-OptiX-SDK-7.6.0-linux64-x86_64/include/optix_stubs.h:256:36: warning: missing initializer for member ‘OptixFunctionTable::optixAccelCompact’ [-Wmissing-field-initializers]
/home/myl/optix7.6/NVIDIA-OptiX-SDK-7.6.0-linux64-x86_64/include/optix_stubs.h:256:36: warning: missing initializer for member ‘OptixFunctionTable::optixConvertPointerToTraversableHandle’ [-Wmissing-field-initializers]
/home/myl/optix7.6/NVIDIA-OptiX-SDK-7.6.0-linux64-x86_64/include/optix_stubs.h:256:36: warning: missing initializer for member ‘OptixFunctionTable::optixOpacityMicromapArrayComputeMemoryUsage’ [-Wmissing-field-initializers]
/home/myl/optix7.6/NVIDIA-OptiX-SDK-7.6.0-linux64-x86_64/include/optix_stubs.h:256:36: warning: missing initializer for member ‘OptixFunctionTable::optixOpacityMicromapArrayBuild’ [-Wmissing-field-initializers]
/home/myl/optix7.6/NVIDIA-OptiX-SDK-7.6.0-linux64-x86_64/include/optix_stubs.h:256:36: warning: missing initializer for member ‘OptixFunctionTable::optixOpacityMicromapArrayGetRelocationInfo’ [-Wmissing-field-initializers]
/home/myl/optix7.6/NVIDIA-OptiX-SDK-7.6.0-linux64-x86_64/include/optix_stubs.h:256:36: warning: missing initializer for member ‘OptixFunctionTable::optixOpacityMicromapArrayRelocate’ [-Wmissing-field-initializers]
/home/myl/optix7.6/NVIDIA-OptiX-SDK-7.6.0-linux64-x86_64/include/optix_stubs.h:256:36: warning: missing initializer for member ‘OptixFunctionTable::reserved1’ [-Wmissing-field-initializers]
/home/myl/optix7.6/NVIDIA-OptiX-SDK-7.6.0-linux64-x86_64/include/optix_stubs.h:256:36: warning: missing initializer for member ‘OptixFunctionTable::reserved2’ [-Wmissing-field-initializers]
/home/myl/optix7.6/NVIDIA-OptiX-SDK-7.6.0-linux64-x86_64/include/optix_stubs.h:256:36: warning: missing initializer for member ‘OptixFunctionTable::optixSbtRecordPackHeader’ [-Wmissing-field-initializers]
/home/myl/optix7.6/NVIDIA-OptiX-SDK-7.6.0-linux64-x86_64/include/optix_stubs.h:256:36: warning: missing initializer for member ‘OptixFunctionTable::optixLaunch’ [-Wmissing-field-initializers]
/home/myl/optix7.6/NVIDIA-OptiX-SDK-7.6.0-linux64-x86_64/include/optix_stubs.h:256:36: warning: missing initializer for member ‘OptixFunctionTable::optixDenoiserCreate’ [-Wmissing-field-initializers]
/home/myl/optix7.6/NVIDIA-OptiX-SDK-7.6.0-linux64-x86_64/include/optix_stubs.h:256:36: warning: missing initializer for member ‘OptixFunctionTable::optixDenoiserDestroy’ [-Wmissing-field-initializers]
/home/myl/optix7.6/NVIDIA-OptiX-SDK-7.6.0-linux64-x86_64/include/optix_stubs.h:256:36: warning: missing initializer for member ‘OptixFunctionTable::optixDenoiserComputeMemoryResources’ [-Wmissing-field-initializers]
/home/myl/optix7.6/NVIDIA-OptiX-SDK-7.6.0-linux64-x86_64/include/optix_stubs.h:256:36: warning: missing initializer for member ‘OptixFunctionTable::optixDenoiserSetup’ [-Wmissing-field-initializers]
/home/myl/optix7.6/NVIDIA-OptiX-SDK-7.6.0-linux64-x86_64/include/optix_stubs.h:256:36: warning: missing initializer for member ‘OptixFunctionTable::optixDenoiserInvoke’ [-Wmissing-field-initializers]
/home/myl/optix7.6/NVIDIA-OptiX-SDK-7.6.0-linux64-x86_64/include/optix_stubs.h:256:36: warning: missing initializer for member ‘OptixFunctionTable::optixDenoiserComputeIntensity’ [-Wmissing-field-initializers]
/home/myl/optix7.6/NVIDIA-OptiX-SDK-7.6.0-linux64-x86_64/include/optix_stubs.h:256:36: warning: missing initializer for member ‘OptixFunctionTable::optixDenoiserComputeAverageColor’ [-Wmissing-field-initializers]
/home/myl/optix7.6/NVIDIA-OptiX-SDK-7.6.0-linux64-x86_64/include/optix_stubs.h:256:36: warning: missing initializer for member ‘OptixFunctionTable::optixDenoiserCreateWithUserModel’ [-Wmissing-field-initializers]
/home/myl/cache_search/cache/page_cache.cu:29: warning: "CUDA_CHECK" redefined
   29 | #define CUDA_CHECK(expr) cuda_check((expr), #expr, __FILE__, __LINE__)
      | 
In file included from /home/myl/cache_search/cache/../head.h:21,
                 from /home/myl/cache_search/cache/page_cache.h:7,
                 from /home/myl/cache_search/cache/page_cache.cu:1:
/home/myl/cache_search/cache/../helper.h:14: note: this is the location of the previous definition
   14 | #define CUDA_CHECK(call)                                                   \
      | 
In file included from /home/myl/cache_search/head.h:3,
                 from /home/myl/cache_search/entry.h:8,
                 from /home/myl/cache_search/graph.h:2,
                 from /home/myl/cache_search/main.cpp:3:
/home/myl/optix7.6/NVIDIA-OptiX-SDK-7.6.0-linux64-x86_64/include/optix_stubs.h: In function ‘OptixResult optixUninitWithHandle(void*)’:
/home/myl/optix7.6/NVIDIA-OptiX-SDK-7.6.0-linux64-x86_64/include/optix_stubs.h:256:36: warning: missing initializer for member ‘OptixFunctionTable::optixGetErrorString’ [-Wmissing-field-initializers]
  256 |     OptixFunctionTable empty = { 0 };
      |                                    ^
/home/myl/optix7.6/NVIDIA-OptiX-SDK-7.6.0-linux64-x86_64/include/optix_stubs.h:256:36: warning: missing initializer for member ‘OptixFunctionTable::optixDeviceContextCreate’ [-Wmissing-field-initializers]
/home/myl/optix7.6/NVIDIA-OptiX-SDK-7.6.0-linux64-x86_64/include/optix_stubs.h:256:36: warning: missing initializer for member ‘OptixFunctionTable::optixDeviceContextDestroy’ [-Wmissing-field-initializers]
/home/myl/optix7.6/NVIDIA-OptiX-SDK-7.6.0-linux64-x86_64/include/optix_stubs.h:256:36: warning: missing initializer for member ‘OptixFunctionTable::optixDeviceContextGetProperty’ [-Wmissing-field-initializers]
/home/myl/optix7.6/NVIDIA-OptiX-SDK-7.6.0-linux64-x86_64/include/optix_stubs.h:256:36: warning: missing initializer for member ‘OptixFunctionTable::optixDeviceContextSetLogCallback’ [-Wmissing-field-initializers]
/home/myl/optix7.6/NVIDIA-OptiX-SDK-7.6.0-linux64-x86_64/include/optix_stubs.h:256:36: warning: missing initializer for member ‘OptixFunctionTable::optixDeviceContextSetCacheEnabled’ [-Wmissing-field-initializers]
/home/myl/optix7.6/NVIDIA-OptiX-SDK-7.6.0-linux64-x86_64/include/optix_stubs.h:256:36: warning: missing initializer for member ‘OptixFunctionTable::optixDeviceContextSetCacheLocation’ [-Wmissing-field-initializers]
/home/myl/optix7.6/NVIDIA-OptiX-SDK-7.6.0-linux64-x86_64/include/optix_stubs.h:256:36: warning: missing initializer for member ‘OptixFunctionTable::optixDeviceContextSetCacheDatabaseSizes’ [-Wmissing-field-initializers]
/home/myl/optix7.6/NVIDIA-OptiX-SDK-7.6.0-linux64-x86_64/include/optix_stubs.h:256:36: warning: missing initializer for member ‘OptixFunctionTable::optixDeviceContextGetCacheEnabled’ [-Wmissing-field-initializers]
/home/myl/optix7.6/NVIDIA-OptiX-SDK-7.6.0-linux64-x86_64/include/optix_stubs.h:256:36: warning: missing initializer for member ‘OptixFunctionTable::optixDeviceContextGetCacheLocation’ [-Wmissing-field-initializers]
/home/myl/optix7.6/NVIDIA-OptiX-SDK-7.6.0-linux64-x86_64/include/optix_stubs.h:256:36: warning: missing initializer for member ‘OptixFunctionTable::optixDeviceContextGetCacheDatabaseSizes’ [-Wmissing-field-initializers]
/home/myl/optix7.6/NVIDIA-OptiX-SDK-7.6.0-linux64-x86_64/include/optix_stubs.h:256:36: warning: missing initializer for member ‘OptixFunctionTable::optixModuleCreateFromPTX’ [-Wmissing-field-initializers]
/home/myl/optix7.6/NVIDIA-OptiX-SDK-7.6.0-linux64-x86_64/include/optix_stubs.h:256:36: warning: missing initializer for member ‘OptixFunctionTable::optixModuleCreateFromPTXWithTasks’ [-Wmissing-field-initializers]
/home/myl/optix7.6/NVIDIA-OptiX-SDK-7.6.0-linux64-x86_64/include/optix_stubs.h:256:36: warning: missing initializer for member ‘OptixFunctionTable::optixModuleGetCompilationState’ [-Wmissing-field-initializers]
/home/myl/optix7.6/NVIDIA-OptiX-SDK-7.6.0-linux64-x86_64/include/optix_stubs.h:256:36: warning: missing initializer for member ‘OptixFunctionTable::optixModuleDestroy’ [-Wmissing-field-initializers]
/home/myl/optix7.6/NVIDIA-OptiX-SDK-7.6.0-linux64-x86_64/include/optix_stubs.h:256:36: warning: missing initializer for member ‘OptixFunctionTable::optixBuiltinISModuleGet’ [-Wmissing-field-initializers]
/home/myl/optix7.6/NVIDIA-OptiX-SDK-7.6.0-linux64-x86_64/include/optix_stubs.h:256:36: warning: missing initializer for member ‘OptixFunctionTable::optixTaskExecute’ [-Wmissing-field-initializers]
/home/myl/optix7.6/NVIDIA-OptiX-SDK-7.6.0-linux64-x86_64/include/optix_stubs.h:256:36: warning: missing initializer for member ‘OptixFunctionTable::optixProgramGroupCreate’ [-Wmissing-field-initializers]
/home/myl/optix7.6/NVIDIA-OptiX-SDK-7.6.0-linux64-x86_64/include/optix_stubs.h:256:36: warning: missing initializer for member ‘OptixFunctionTable::optixProgramGroupDestroy’ [-Wmissing-field-initializers]
/home/myl/optix7.6/NVIDIA-OptiX-SDK-7.6.0-linux64-x86_64/include/optix_stubs.h:256:36: warning: missing initializer for member ‘OptixFunctionTable::optixProgramGroupGetStackSize’ [-Wmissing-field-initializers]
/home/myl/optix7.6/NVIDIA-OptiX-SDK-7.6.0-linux64-x86_64/include/optix_stubs.h:256:36: warning: missing initializer for member ‘OptixFunctionTable::optixPipelineCreate’ [-Wmissing-field-initializers]
/home/myl/optix7.6/NVIDIA-OptiX-SDK-7.6.0-linux64-x86_64/include/optix_stubs.h:256:36: warning: missing initializer for member ‘OptixFunctionTable::optixPipelineDestroy’ [-Wmissing-field-initializers]
/home/myl/optix7.6/NVIDIA-OptiX-SDK-7.6.0-linux64-x86_64/include/optix_stubs.h:256:36: warning: missing initializer for member ‘OptixFunctionTable::optixPipelineSetStackSize’ [-Wmissing-field-initializers]
/home/myl/optix7.6/NVIDIA-OptiX-SDK-7.6.0-linux64-x86_64/include/optix_stubs.h:256:36: warning: missing initializer for member ‘OptixFunctionTable::optixAccelComputeMemoryUsage’ [-Wmissing-field-initializers]
/home/myl/optix7.6/NVIDIA-OptiX-SDK-7.6.0-linux64-x86_64/include/optix_stubs.h:256:36: warning: missing initializer for member ‘OptixFunctionTable::optixAccelBuild’ [-Wmissing-field-initializers]
/home/myl/optix7.6/NVIDIA-OptiX-SDK-7.6.0-linux64-x86_64/include/optix_stubs.h:256:36: warning: missing initializer for member ‘OptixFunctionTable::optixAccelGetRelocationInfo’ [-Wmissing-field-initializers]
/home/myl/optix7.6/NVIDIA-OptiX-SDK-7.6.0-linux64-x86_64/include/optix_stubs.h:256:36: warning: missing initializer for member ‘OptixFunctionTable::optixCheckRelocationCompatibility’ [-Wmissing-field-initializers]
/home/myl/optix7.6/NVIDIA-OptiX-SDK-7.6.0-linux64-x86_64/include/optix_stubs.h:256:36: warning: missing initializer for member ‘OptixFunctionTable::optixAccelRelocate’ [-Wmissing-field-initializers]
/home/myl/optix7.6/NVIDIA-OptiX-SDK-7.6.0-linux64-x86_64/include/optix_stubs.h:256:36: warning: missing initializer for member ‘OptixFunctionTable::optixAccelCompact’ [-Wmissing-field-initializers]
/home/myl/optix7.6/NVIDIA-OptiX-SDK-7.6.0-linux64-x86_64/include/optix_stubs.h:256:36: warning: missing initializer for member ‘OptixFunctionTable::optixConvertPointerToTraversableHandle’ [-Wmissing-field-initializers]
/home/myl/optix7.6/NVIDIA-OptiX-SDK-7.6.0-linux64-x86_64/include/optix_stubs.h:256:36: warning: missing initializer for member ‘OptixFunctionTable::optixOpacityMicromapArrayComputeMemoryUsage’ [-Wmissing-field-initializers]
/home/myl/optix7.6/NVIDIA-OptiX-SDK-7.6.0-linux64-x86_64/include/optix_stubs.h:256:36: warning: missing initializer for member ‘OptixFunctionTable::optixOpacityMicromapArrayBuild’ [-Wmissing-field-initializers]
/home/myl/optix7.6/NVIDIA-OptiX-SDK-7.6.0-linux64-x86_64/include/optix_stubs.h:256:36: warning: missing initializer for member ‘OptixFunctionTable::optixOpacityMicromapArrayGetRelocationInfo’ [-Wmissing-field-initializers]
/home/myl/optix7.6/NVIDIA-OptiX-SDK-7.6.0-linux64-x86_64/include/optix_stubs.h:256:36: warning: missing initializer for member ‘OptixFunctionTable::optixOpacityMicromapArrayRelocate’ [-Wmissing-field-initializers]
/home/myl/optix7.6/NVIDIA-OptiX-SDK-7.6.0-linux64-x86_64/include/optix_stubs.h:256:36: warning: missing initializer for member ‘OptixFunctionTable::reserved1’ [-Wmissing-field-initializers]
/home/myl/optix7.6/NVIDIA-OptiX-SDK-7.6.0-linux64-x86_64/include/optix_stubs.h:256:36: warning: missing initializer for member ‘OptixFunctionTable::reserved2’ [-Wmissing-field-initializers]
/home/myl/optix7.6/NVIDIA-OptiX-SDK-7.6.0-linux64-x86_64/include/optix_stubs.h:256:36: warning: missing initializer for member ‘OptixFunctionTable::optixSbtRecordPackHeader’ [-Wmissing-field-initializers]
/home/myl/optix7.6/NVIDIA-OptiX-SDK-7.6.0-linux64-x86_64/include/optix_stubs.h:256:36: warning: missing initializer for member ‘OptixFunctionTable::optixLaunch’ [-Wmissing-field-initializers]
/home/myl/optix7.6/NVIDIA-OptiX-SDK-7.6.0-linux64-x86_64/include/optix_stubs.h:256:36: warning: missing initializer for member ‘OptixFunctionTable::optixDenoiserCreate’ [-Wmissing-field-initializers]
/home/myl/optix7.6/NVIDIA-OptiX-SDK-7.6.0-linux64-x86_64/include/optix_stubs.h:256:36: warning: missing initializer for member ‘OptixFunctionTable::optixDenoiserDestroy’ [-Wmissing-field-initializers]
/home/myl/optix7.6/NVIDIA-OptiX-SDK-7.6.0-linux64-x86_64/include/optix_stubs.h:256:36: warning: missing initializer for member ‘OptixFunctionTable::optixDenoiserComputeMemoryResources’ [-Wmissing-field-initializers]
/home/myl/optix7.6/NVIDIA-OptiX-SDK-7.6.0-linux64-x86_64/include/optix_stubs.h:256:36: warning: missing initializer for member ‘OptixFunctionTable::optixDenoiserSetup’ [-Wmissing-field-initializers]
/home/myl/optix7.6/NVIDIA-OptiX-SDK-7.6.0-linux64-x86_64/include/optix_stubs.h:256:36: warning: missing initializer for member ‘OptixFunctionTable::optixDenoiserInvoke’ [-Wmissing-field-initializers]
/home/myl/optix7.6/NVIDIA-OptiX-SDK-7.6.0-linux64-x86_64/include/optix_stubs.h:256:36: warning: missing initializer for member ‘OptixFunctionTable::optixDenoiserComputeIntensity’ [-Wmissing-field-initializers]
/home/myl/optix7.6/NVIDIA-OptiX-SDK-7.6.0-linux64-x86_64/include/optix_stubs.h:256:36: warning: missing initializer for member ‘OptixFunctionTable::optixDenoiserComputeAverageColor’ [-Wmissing-field-initializers]
/home/myl/optix7.6/NVIDIA-OptiX-SDK-7.6.0-linux64-x86_64/include/optix_stubs.h:256:36: warning: missing initializer for member ‘OptixFunctionTable::optixDenoiserCreateWithUserModel’ [-Wmissing-field-initializers]
/home/myl/cache_search/cache/page_cache.cu:29: warning: "CUDA_CHECK" redefined
   29 | #define CUDA_CHECK(expr) cuda_check((expr), #expr, __FILE__, __LINE__)
      | 
In file included from /home/myl/cache_search/cache/../head.h:21,
                 from /home/myl/cache_search/cache/page_cache.h:7,
                 from /home/myl/cache_search/cache/page_cache.cu:1:
/home/myl/cache_search/cache/../helper.h:14: note: this is the location of the previous definition
   14 | #define CUDA_CHECK(call)                                                   \
      | 
/home/myl/cache_search/cache/page_cache.cu:29: warning: "CUDA_CHECK" redefined
   29 | #define CUDA_CHECK(expr) cuda_check((expr), #expr, __FILE__, __LINE__)
      | 
In file included from /home/myl/cache_search/cache/../head.h:21,
                 from /home/myl/cache_search/cache/page_cache.h:7,
                 from /home/myl/cache_search/cache/page_cache.cu:1:
/home/myl/cache_search/cache/../helper.h:14: note: this is the location of the previous definition
   14 | #define CUDA_CHECK(call)                                                   \
      | 
In file included from /home/myl/cache_search/graph.h:3,
                 from /home/myl/cache_search/main.cpp:3:
/home/myl/cache_search/pca/pca.h: In constructor ‘PCA::PCA(float*, uint, uint)’:
/home/myl/cache_search/pca/pca.h:17:23: warning: comparison of integer expressions of different signedness: ‘int’ and ‘uint’ {aka ‘unsigned int’} [-Wsign-compare]
   17 |     for (int i = 0; i < nb; i++) {
      |                     ~~^~~~
/home/myl/cache_search/pca/pca.h:18:25: warning: comparison of integer expressions of different signedness: ‘int’ and ‘uint’ {aka ‘unsigned int’} [-Wsign-compare]
   18 |       for (int j = 0; j < dim; j++) {
      |                       ~~^~~~~
/home/myl/cache_search/main.cpp: In function ‘int main(int, char**)’:
/home/myl/cache_search/main.cpp:91:9: warning: unused variable ‘datafile’ [-Wunused-variable]
   91 |   char* datafile = (char*)FLAGS_data_path.c_str();
      |         ^~~~~~~~
/home/myl/cache_search/main.cpp:92:9: warning: unused variable ‘queryfile’ [-Wunused-variable]
   92 |   char* queryfile = (char*)FLAGS_query_path.c_str();
      |         ^~~~~~~~~
/home/myl/cache_search/main.cpp:93:9: warning: unused variable ‘gtfile’ [-Wunused-variable]
   93 |   char* gtfile = (char*)FLAGS_gt_path.c_str();
      |         ^~~~~~
/home/myl/cache_search/file_read.cu(138): warning #1650-D: result of call is not used
    fscanf(file, "%d %d", &n, &d);
    ^

Remark: The warnings can be suppressed with "-diag-suppress <warning-number>"

/home/myl/cache_search/file_read.cu(142): warning #1650-D: result of call is not used
        fscanf(file, "%f,", &data[i * d + j]);
        ^

/home/myl/cache_search/file_read.cu(144): warning #1650-D: result of call is not used
      fscanf(file, "%f", &data[i * d + d - 1]);
      ^

/home/myl/cache_search/file_read.cu(206): warning #1650-D: result of call is not used
    fread(&d, sizeof(d), 1, file);
    ^

/home/myl/cache_search/file_read.cu(208): warning #1650-D: result of call is not used
    fread(data_ptr, sizeof(float), n*d, file);
    ^

/home/myl/cache_search/file_read.cu(138): warning #1650-D: result of call is not used
    fscanf(file, "%d %d", &n, &d);
    ^

Remark: The warnings can be suppressed with "-diag-suppress <warning-number>"

/home/myl/cache_search/file_read.cu(142): warning #1650-D: result of call is not used
        fscanf(file, "%f,", &data[i * d + j]);
        ^

/home/myl/cache_search/file_read.cu(144): warning #1650-D: result of call is not used
      fscanf(file, "%f", &data[i * d + d - 1]);
      ^

/home/myl/cache_search/file_read.cu(206): warning #1650-D: result of call is not used
    fread(&d, sizeof(d), 1, file);
    ^

/home/myl/cache_search/file_read.cu(208): warning #1650-D: result of call is not used
    fread(data_ptr, sizeof(float), n*d, file);
    ^

/home/myl/cache_search/graph_helper.cu(222): warning #177-D: variable "max_threads" was declared but never referenced
    int max_threads = 64;
        ^

Remark: The warnings can be suppressed with "-diag-suppress <warning-number>"

/home/myl/cache_search/graph_search.cuh(167): warning #177-D: variable "random_entry_seed" was declared but never referenced
    uint random_entry_seed = b_id*blockSize + t_id;
         ^

Remark: The warnings can be suppressed with "-diag-suppress <warning-number>"

/home/myl/cache_search/file_read.cu(138): warning #1650-D: result of call is not used
    fscanf(file, "%d %d", &n, &d);
    ^

Remark: The warnings can be suppressed with "-diag-suppress <warning-number>"

/home/myl/cache_search/file_read.cu(142): warning #1650-D: result of call is not used
        fscanf(file, "%f,", &data[i * d + j]);
        ^

/home/myl/cache_search/file_read.cu(144): warning #1650-D: result of call is not used
      fscanf(file, "%f", &data[i * d + d - 1]);
      ^

/home/myl/cache_search/file_read.cu(206): warning #1650-D: result of call is not used
    fread(&d, sizeof(d), 1, file);
    ^

/home/myl/cache_search/file_read.cu(208): warning #1650-D: result of call is not used
    fread(data_ptr, sizeof(float), n*d, file);
    ^

/home/myl/cache_search/graph_helper.cu(222): warning #177-D: variable "max_threads" was declared but never referenced
    int max_threads = 64;
        ^

Remark: The warnings can be suppressed with "-diag-suppress <warning-number>"

/home/myl/cache_search/file_read.cu: In static member function ‘static void file_read::read_txt_file(const char*, int&, int&, thrust::host_vector<float>&)’:
/home/myl/cache_search/file_read.cu:138:7: warning: ignoring return value of ‘int fscanf(FILE*, const char*, ...)’ declared with attribute ‘warn_unused_result’ [-Wunused-result]
  138 |   fscanf(file, "%d %d", &n, &d);
      |   ~~~~^~~~~~~~~~~~~~~~~~~~~~~
/home/myl/cache_search/file_read.cu:142:7: warning: ignoring return value of ‘int fscanf(FILE*, const char*, ...)’ declared with attribute ‘warn_unused_result’ [-Wunused-result]
  142 |       fscanf(file, "%f,", &data[i * d + j]);
      |       ^~~~~~~~~~~~~~~~~~~~~~~~~~~~~~~~~
/home/myl/cache_search/file_read.cu:144:7: warning: ignoring return value of ‘int fscanf(FILE*, const char*, ...)’ declared with attribute ‘warn_unused_result’ [-Wunused-result]
  144 |     fscanf(file, "%f", &data[i * d + d - 1]);
      |     ~~^~~~~~~~~~~~~~~~~~~~~~~~~~~~~~~~~~~~~~
/home/myl/cache_search/file_read.cu: In static member function ‘static void file_read::read_hvecs_file(const char*, int&, int&, thrust::host_vector<float>&)’:
/home/myl/cache_search/file_read.cu:206:6: warning: ignoring return value of ‘size_t fread(void*, size_t, size_t, FILE*)’ declared with attribute ‘warn_unused_result’ [-Wunused-result]
  206 |   fread(&d, sizeof(d), 1, file);
      |   ~~~^~~~~~~~~~~~~~~~~~~~~~~
/home/myl/cache_search/file_read.cu:208:6: warning: ignoring return value of ‘size_t fread(void*, size_t, size_t, FILE*)’ declared with attribute ‘warn_unused_result’ [-Wunused-result]
  208 |   fread(data_ptr, sizeof(float), n*d, file);
      |   ~~~^~~~~~~~~~~~~~~~~~~~~~~~~~~~~~~~~~~~~~
/home/myl/cache_search/graph_search.cuh(167): warning #177-D: variable "random_entry_seed" was declared but never referenced
    uint random_entry_seed = b_id*blockSize + t_id;
         ^

Remark: The warnings can be suppressed with "-diag-suppress <warning-number>"

[ 73%] Linking CXX executable /home/myl/cache_search/bin/test
[100%] Built target test
正在运行 ./test --ALGO=1 --topk=0 --n_candidates=1024 --expand_ratio=0.2 --point_ratio=0.00001024 --search_width=4 --t=50 --n_cluster=1000  --max_iter=1000 ...
Total GPUs visible: 6, using [3]: NVIDIA L40
Available Memory: 44940 MB, Total Memory: 45372 MB
Shared memory per block: 49152 bytes
Shared memory per SM   : 102400 bytes
Shared memory per block (optin): 101376 bytes
Input
n = 10000, d = 128
np = 100000000, dim = 128
Cluster number: 10000
Centroids read successfully
Input: copy points to device
Input: finish copy points to device
degree = 64
RB_Graph: finish read or build graph
Projection: reading pca base file /mnt/IntelP5520_8T_1/myl/cache_search/data/sift100M/rotated_base.fbin
read PCA file
sizeof_points = 12800000000
Projection: finish reading pca base file
BlockUp function
reading AABB from file /mnt/IntelP5520_8T_1/myl/cache_search/data/sift100M/1024_0.aabbs
Create context
Create module
Create program groups
Create pipeline
Create SBT
BVH Building Time = 0.445568 ms
batch_size = 5
time build_query_batches: 0.049214 ms
time pca projection: 0.125564 ms
time rt_entry search: 0.061862 ms
time graph search: 40753.4 ms
compute_dim = 20199405745
compute_dis = 545929885
average dimensions per distance computation = 37
time total search time: 40753.7 ms
checking results...
gt_k = 1000
recall1@1024 = 0.999500
recall10@1024 = 0.997800
recall100@1024 = 0.969808
recall1000@1024 = 0.585789
Free memory: 5778 MB
Total memory: 45372 MB
Used memory: 39594 MB
Clean up RT ...
Finish cleaning up RT
完成 DIM = 37 的测试

==================================================
正在处理: DIM = 36
==================================================
[ 13%] Built target compute_pca
[ 17%] Building NVCC ptx file cuda_compile_ptx_1_generated_devicePrograms.cu.ptx
[ 21%] compiling (and embedding ptx from) devicePrograms.cu
[ 30%] Building CXX object CMakeFiles/test.dir/main.cpp.o
[ 30%] Building C object CMakeFiles/test.dir/cuda_compile_ptx_1_generated_devicePrograms.cu.ptx_embedded.c.o
[ 34%] Building CUDA object CMakeFiles/test.dir/aabb.cu.o
[ 39%] Building CUDA object CMakeFiles/test.dir/entry.cu.o
[ 43%] Building CUDA object CMakeFiles/test.dir/entry_helper.cu.o
[ 47%] Building CUDA object CMakeFiles/test.dir/matrix.cu.o
[ 52%] Building CUDA object CMakeFiles/test.dir/file_read.cu.o
nvcc warning : incompatible redefinition for option 'std', the last value of this option was used
nvcc warning : incompatible redefinition for option 'std', the last value of this option was used
[ 56%] Building CXX object CMakeFiles/test.dir/raytracing.cpp.o
[ 60%] Building CUDA object CMakeFiles/test.dir/graph.cu.o
nvcc warning : incompatible redefinition for option 'std', the last value of this option was used
nvcc warning : incompatible redefinition for option 'std', the last value of this option was used
[ 65%] Building CUDA object CMakeFiles/test.dir/graph_helper.cu.o
nvcc warning : incompatible redefinition for option 'std', the last value of this option was used
[ 69%] Building CUDA object CMakeFiles/test.dir/cache/page_cache.cu.o
nvcc warning : incompatible redefinition for option 'std', the last value of this option was used
nvcc warning : incompatible redefinition for option 'std', the last value of this option was used
nvcc warning : incompatible redefinition for option 'std', the last value of this option was used
In file included from /home/myl/cache_search/head.h:3,
                 from /home/myl/cache_search/raytracing.h:3,
                 from /home/myl/cache_search/raytracing.cpp:2:
/home/myl/optix7.6/NVIDIA-OptiX-SDK-7.6.0-linux64-x86_64/include/optix_stubs.h: In function ‘OptixResult optixUninitWithHandle(void*)’:
/home/myl/optix7.6/NVIDIA-OptiX-SDK-7.6.0-linux64-x86_64/include/optix_stubs.h:256:36: warning: missing initializer for member ‘OptixFunctionTable::optixGetErrorString’ [-Wmissing-field-initializers]
  256 |     OptixFunctionTable empty = { 0 };
      |                                    ^
/home/myl/optix7.6/NVIDIA-OptiX-SDK-7.6.0-linux64-x86_64/include/optix_stubs.h:256:36: warning: missing initializer for member ‘OptixFunctionTable::optixDeviceContextCreate’ [-Wmissing-field-initializers]
/home/myl/optix7.6/NVIDIA-OptiX-SDK-7.6.0-linux64-x86_64/include/optix_stubs.h:256:36: warning: missing initializer for member ‘OptixFunctionTable::optixDeviceContextDestroy’ [-Wmissing-field-initializers]
/home/myl/optix7.6/NVIDIA-OptiX-SDK-7.6.0-linux64-x86_64/include/optix_stubs.h:256:36: warning: missing initializer for member ‘OptixFunctionTable::optixDeviceContextGetProperty’ [-Wmissing-field-initializers]
/home/myl/optix7.6/NVIDIA-OptiX-SDK-7.6.0-linux64-x86_64/include/optix_stubs.h:256:36: warning: missing initializer for member ‘OptixFunctionTable::optixDeviceContextSetLogCallback’ [-Wmissing-field-initializers]
/home/myl/optix7.6/NVIDIA-OptiX-SDK-7.6.0-linux64-x86_64/include/optix_stubs.h:256:36: warning: missing initializer for member ‘OptixFunctionTable::optixDeviceContextSetCacheEnabled’ [-Wmissing-field-initializers]
/home/myl/optix7.6/NVIDIA-OptiX-SDK-7.6.0-linux64-x86_64/include/optix_stubs.h:256:36: warning: missing initializer for member ‘OptixFunctionTable::optixDeviceContextSetCacheLocation’ [-Wmissing-field-initializers]
/home/myl/optix7.6/NVIDIA-OptiX-SDK-7.6.0-linux64-x86_64/include/optix_stubs.h:256:36: warning: missing initializer for member ‘OptixFunctionTable::optixDeviceContextSetCacheDatabaseSizes’ [-Wmissing-field-initializers]
/home/myl/optix7.6/NVIDIA-OptiX-SDK-7.6.0-linux64-x86_64/include/optix_stubs.h:256:36: warning: missing initializer for member ‘OptixFunctionTable::optixDeviceContextGetCacheEnabled’ [-Wmissing-field-initializers]
/home/myl/optix7.6/NVIDIA-OptiX-SDK-7.6.0-linux64-x86_64/include/optix_stubs.h:256:36: warning: missing initializer for member ‘OptixFunctionTable::optixDeviceContextGetCacheLocation’ [-Wmissing-field-initializers]
/home/myl/optix7.6/NVIDIA-OptiX-SDK-7.6.0-linux64-x86_64/include/optix_stubs.h:256:36: warning: missing initializer for member ‘OptixFunctionTable::optixDeviceContextGetCacheDatabaseSizes’ [-Wmissing-field-initializers]
/home/myl/optix7.6/NVIDIA-OptiX-SDK-7.6.0-linux64-x86_64/include/optix_stubs.h:256:36: warning: missing initializer for member ‘OptixFunctionTable::optixModuleCreateFromPTX’ [-Wmissing-field-initializers]
/home/myl/optix7.6/NVIDIA-OptiX-SDK-7.6.0-linux64-x86_64/include/optix_stubs.h:256:36: warning: missing initializer for member ‘OptixFunctionTable::optixModuleCreateFromPTXWithTasks’ [-Wmissing-field-initializers]
/home/myl/optix7.6/NVIDIA-OptiX-SDK-7.6.0-linux64-x86_64/include/optix_stubs.h:256:36: warning: missing initializer for member ‘OptixFunctionTable::optixModuleGetCompilationState’ [-Wmissing-field-initializers]
/home/myl/optix7.6/NVIDIA-OptiX-SDK-7.6.0-linux64-x86_64/include/optix_stubs.h:256:36: warning: missing initializer for member ‘OptixFunctionTable::optixModuleDestroy’ [-Wmissing-field-initializers]
/home/myl/optix7.6/NVIDIA-OptiX-SDK-7.6.0-linux64-x86_64/include/optix_stubs.h:256:36: warning: missing initializer for member ‘OptixFunctionTable::optixBuiltinISModuleGet’ [-Wmissing-field-initializers]
/home/myl/optix7.6/NVIDIA-OptiX-SDK-7.6.0-linux64-x86_64/include/optix_stubs.h:256:36: warning: missing initializer for member ‘OptixFunctionTable::optixTaskExecute’ [-Wmissing-field-initializers]
/home/myl/optix7.6/NVIDIA-OptiX-SDK-7.6.0-linux64-x86_64/include/optix_stubs.h:256:36: warning: missing initializer for member ‘OptixFunctionTable::optixProgramGroupCreate’ [-Wmissing-field-initializers]
/home/myl/optix7.6/NVIDIA-OptiX-SDK-7.6.0-linux64-x86_64/include/optix_stubs.h:256:36: warning: missing initializer for member ‘OptixFunctionTable::optixProgramGroupDestroy’ [-Wmissing-field-initializers]
/home/myl/optix7.6/NVIDIA-OptiX-SDK-7.6.0-linux64-x86_64/include/optix_stubs.h:256:36: warning: missing initializer for member ‘OptixFunctionTable::optixProgramGroupGetStackSize’ [-Wmissing-field-initializers]
/home/myl/optix7.6/NVIDIA-OptiX-SDK-7.6.0-linux64-x86_64/include/optix_stubs.h:256:36: warning: missing initializer for member ‘OptixFunctionTable::optixPipelineCreate’ [-Wmissing-field-initializers]
/home/myl/optix7.6/NVIDIA-OptiX-SDK-7.6.0-linux64-x86_64/include/optix_stubs.h:256:36: warning: missing initializer for member ‘OptixFunctionTable::optixPipelineDestroy’ [-Wmissing-field-initializers]
/home/myl/optix7.6/NVIDIA-OptiX-SDK-7.6.0-linux64-x86_64/include/optix_stubs.h:256:36: warning: missing initializer for member ‘OptixFunctionTable::optixPipelineSetStackSize’ [-Wmissing-field-initializers]
/home/myl/optix7.6/NVIDIA-OptiX-SDK-7.6.0-linux64-x86_64/include/optix_stubs.h:256:36: warning: missing initializer for member ‘OptixFunctionTable::optixAccelComputeMemoryUsage’ [-Wmissing-field-initializers]
/home/myl/optix7.6/NVIDIA-OptiX-SDK-7.6.0-linux64-x86_64/include/optix_stubs.h:256:36: warning: missing initializer for member ‘OptixFunctionTable::optixAccelBuild’ [-Wmissing-field-initializers]
/home/myl/optix7.6/NVIDIA-OptiX-SDK-7.6.0-linux64-x86_64/include/optix_stubs.h:256:36: warning: missing initializer for member ‘OptixFunctionTable::optixAccelGetRelocationInfo’ [-Wmissing-field-initializers]
/home/myl/optix7.6/NVIDIA-OptiX-SDK-7.6.0-linux64-x86_64/include/optix_stubs.h:256:36: warning: missing initializer for member ‘OptixFunctionTable::optixCheckRelocationCompatibility’ [-Wmissing-field-initializers]
/home/myl/optix7.6/NVIDIA-OptiX-SDK-7.6.0-linux64-x86_64/include/optix_stubs.h:256:36: warning: missing initializer for member ‘OptixFunctionTable::optixAccelRelocate’ [-Wmissing-field-initializers]
/home/myl/optix7.6/NVIDIA-OptiX-SDK-7.6.0-linux64-x86_64/include/optix_stubs.h:256:36: warning: missing initializer for member ‘OptixFunctionTable::optixAccelCompact’ [-Wmissing-field-initializers]
/home/myl/optix7.6/NVIDIA-OptiX-SDK-7.6.0-linux64-x86_64/include/optix_stubs.h:256:36: warning: missing initializer for member ‘OptixFunctionTable::optixConvertPointerToTraversableHandle’ [-Wmissing-field-initializers]
/home/myl/optix7.6/NVIDIA-OptiX-SDK-7.6.0-linux64-x86_64/include/optix_stubs.h:256:36: warning: missing initializer for member ‘OptixFunctionTable::optixOpacityMicromapArrayComputeMemoryUsage’ [-Wmissing-field-initializers]
/home/myl/optix7.6/NVIDIA-OptiX-SDK-7.6.0-linux64-x86_64/include/optix_stubs.h:256:36: warning: missing initializer for member ‘OptixFunctionTable::optixOpacityMicromapArrayBuild’ [-Wmissing-field-initializers]
/home/myl/optix7.6/NVIDIA-OptiX-SDK-7.6.0-linux64-x86_64/include/optix_stubs.h:256:36: warning: missing initializer for member ‘OptixFunctionTable::optixOpacityMicromapArrayGetRelocationInfo’ [-Wmissing-field-initializers]
/home/myl/optix7.6/NVIDIA-OptiX-SDK-7.6.0-linux64-x86_64/include/optix_stubs.h:256:36: warning: missing initializer for member ‘OptixFunctionTable::optixOpacityMicromapArrayRelocate’ [-Wmissing-field-initializers]
/home/myl/optix7.6/NVIDIA-OptiX-SDK-7.6.0-linux64-x86_64/include/optix_stubs.h:256:36: warning: missing initializer for member ‘OptixFunctionTable::reserved1’ [-Wmissing-field-initializers]
/home/myl/optix7.6/NVIDIA-OptiX-SDK-7.6.0-linux64-x86_64/include/optix_stubs.h:256:36: warning: missing initializer for member ‘OptixFunctionTable::reserved2’ [-Wmissing-field-initializers]
/home/myl/optix7.6/NVIDIA-OptiX-SDK-7.6.0-linux64-x86_64/include/optix_stubs.h:256:36: warning: missing initializer for member ‘OptixFunctionTable::optixSbtRecordPackHeader’ [-Wmissing-field-initializers]
/home/myl/optix7.6/NVIDIA-OptiX-SDK-7.6.0-linux64-x86_64/include/optix_stubs.h:256:36: warning: missing initializer for member ‘OptixFunctionTable::optixLaunch’ [-Wmissing-field-initializers]
/home/myl/optix7.6/NVIDIA-OptiX-SDK-7.6.0-linux64-x86_64/include/optix_stubs.h:256:36: warning: missing initializer for member ‘OptixFunctionTable::optixDenoiserCreate’ [-Wmissing-field-initializers]
/home/myl/optix7.6/NVIDIA-OptiX-SDK-7.6.0-linux64-x86_64/include/optix_stubs.h:256:36: warning: missing initializer for member ‘OptixFunctionTable::optixDenoiserDestroy’ [-Wmissing-field-initializers]
/home/myl/optix7.6/NVIDIA-OptiX-SDK-7.6.0-linux64-x86_64/include/optix_stubs.h:256:36: warning: missing initializer for member ‘OptixFunctionTable::optixDenoiserComputeMemoryResources’ [-Wmissing-field-initializers]
/home/myl/optix7.6/NVIDIA-OptiX-SDK-7.6.0-linux64-x86_64/include/optix_stubs.h:256:36: warning: missing initializer for member ‘OptixFunctionTable::optixDenoiserSetup’ [-Wmissing-field-initializers]
/home/myl/optix7.6/NVIDIA-OptiX-SDK-7.6.0-linux64-x86_64/include/optix_stubs.h:256:36: warning: missing initializer for member ‘OptixFunctionTable::optixDenoiserInvoke’ [-Wmissing-field-initializers]
/home/myl/optix7.6/NVIDIA-OptiX-SDK-7.6.0-linux64-x86_64/include/optix_stubs.h:256:36: warning: missing initializer for member ‘OptixFunctionTable::optixDenoiserComputeIntensity’ [-Wmissing-field-initializers]
/home/myl/optix7.6/NVIDIA-OptiX-SDK-7.6.0-linux64-x86_64/include/optix_stubs.h:256:36: warning: missing initializer for member ‘OptixFunctionTable::optixDenoiserComputeAverageColor’ [-Wmissing-field-initializers]
/home/myl/optix7.6/NVIDIA-OptiX-SDK-7.6.0-linux64-x86_64/include/optix_stubs.h:256:36: warning: missing initializer for member ‘OptixFunctionTable::optixDenoiserCreateWithUserModel’ [-Wmissing-field-initializers]
/home/myl/cache_search/cache/page_cache.cu:29: warning: "CUDA_CHECK" redefined
   29 | #define CUDA_CHECK(expr) cuda_check((expr), #expr, __FILE__, __LINE__)
      | 
In file included from /home/myl/cache_search/cache/../head.h:21,
                 from /home/myl/cache_search/cache/page_cache.h:7,
                 from /home/myl/cache_search/cache/page_cache.cu:1:
/home/myl/cache_search/cache/../helper.h:14: note: this is the location of the previous definition
   14 | #define CUDA_CHECK(call)                                                   \
      | 
In file included from /home/myl/cache_search/head.h:3,
                 from /home/myl/cache_search/entry.h:8,
                 from /home/myl/cache_search/graph.h:2,
                 from /home/myl/cache_search/main.cpp:3:
/home/myl/optix7.6/NVIDIA-OptiX-SDK-7.6.0-linux64-x86_64/include/optix_stubs.h: In function ‘OptixResult optixUninitWithHandle(void*)’:
/home/myl/optix7.6/NVIDIA-OptiX-SDK-7.6.0-linux64-x86_64/include/optix_stubs.h:256:36: warning: missing initializer for member ‘OptixFunctionTable::optixGetErrorString’ [-Wmissing-field-initializers]
  256 |     OptixFunctionTable empty = { 0 };
      |                                    ^
/home/myl/optix7.6/NVIDIA-OptiX-SDK-7.6.0-linux64-x86_64/include/optix_stubs.h:256:36: warning: missing initializer for member ‘OptixFunctionTable::optixDeviceContextCreate’ [-Wmissing-field-initializers]
/home/myl/optix7.6/NVIDIA-OptiX-SDK-7.6.0-linux64-x86_64/include/optix_stubs.h:256:36: warning: missing initializer for member ‘OptixFunctionTable::optixDeviceContextDestroy’ [-Wmissing-field-initializers]
/home/myl/optix7.6/NVIDIA-OptiX-SDK-7.6.0-linux64-x86_64/include/optix_stubs.h:256:36: warning: missing initializer for member ‘OptixFunctionTable::optixDeviceContextGetProperty’ [-Wmissing-field-initializers]
/home/myl/optix7.6/NVIDIA-OptiX-SDK-7.6.0-linux64-x86_64/include/optix_stubs.h:256:36: warning: missing initializer for member ‘OptixFunctionTable::optixDeviceContextSetLogCallback’ [-Wmissing-field-initializers]
/home/myl/optix7.6/NVIDIA-OptiX-SDK-7.6.0-linux64-x86_64/include/optix_stubs.h:256:36: warning: missing initializer for member ‘OptixFunctionTable::optixDeviceContextSetCacheEnabled’ [-Wmissing-field-initializers]
/home/myl/optix7.6/NVIDIA-OptiX-SDK-7.6.0-linux64-x86_64/include/optix_stubs.h:256:36: warning: missing initializer for member ‘OptixFunctionTable::optixDeviceContextSetCacheLocation’ [-Wmissing-field-initializers]
/home/myl/optix7.6/NVIDIA-OptiX-SDK-7.6.0-linux64-x86_64/include/optix_stubs.h:256:36: warning: missing initializer for member ‘OptixFunctionTable::optixDeviceContextSetCacheDatabaseSizes’ [-Wmissing-field-initializers]
/home/myl/optix7.6/NVIDIA-OptiX-SDK-7.6.0-linux64-x86_64/include/optix_stubs.h:256:36: warning: missing initializer for member ‘OptixFunctionTable::optixDeviceContextGetCacheEnabled’ [-Wmissing-field-initializers]
/home/myl/optix7.6/NVIDIA-OptiX-SDK-7.6.0-linux64-x86_64/include/optix_stubs.h:256:36: warning: missing initializer for member ‘OptixFunctionTable::optixDeviceContextGetCacheLocation’ [-Wmissing-field-initializers]
/home/myl/optix7.6/NVIDIA-OptiX-SDK-7.6.0-linux64-x86_64/include/optix_stubs.h:256:36: warning: missing initializer for member ‘OptixFunctionTable::optixDeviceContextGetCacheDatabaseSizes’ [-Wmissing-field-initializers]
/home/myl/optix7.6/NVIDIA-OptiX-SDK-7.6.0-linux64-x86_64/include/optix_stubs.h:256:36: warning: missing initializer for member ‘OptixFunctionTable::optixModuleCreateFromPTX’ [-Wmissing-field-initializers]
/home/myl/optix7.6/NVIDIA-OptiX-SDK-7.6.0-linux64-x86_64/include/optix_stubs.h:256:36: warning: missing initializer for member ‘OptixFunctionTable::optixModuleCreateFromPTXWithTasks’ [-Wmissing-field-initializers]
/home/myl/optix7.6/NVIDIA-OptiX-SDK-7.6.0-linux64-x86_64/include/optix_stubs.h:256:36: warning: missing initializer for member ‘OptixFunctionTable::optixModuleGetCompilationState’ [-Wmissing-field-initializers]
/home/myl/optix7.6/NVIDIA-OptiX-SDK-7.6.0-linux64-x86_64/include/optix_stubs.h:256:36: warning: missing initializer for member ‘OptixFunctionTable::optixModuleDestroy’ [-Wmissing-field-initializers]
/home/myl/optix7.6/NVIDIA-OptiX-SDK-7.6.0-linux64-x86_64/include/optix_stubs.h:256:36: warning: missing initializer for member ‘OptixFunctionTable::optixBuiltinISModuleGet’ [-Wmissing-field-initializers]
/home/myl/optix7.6/NVIDIA-OptiX-SDK-7.6.0-linux64-x86_64/include/optix_stubs.h:256:36: warning: missing initializer for member ‘OptixFunctionTable::optixTaskExecute’ [-Wmissing-field-initializers]
/home/myl/optix7.6/NVIDIA-OptiX-SDK-7.6.0-linux64-x86_64/include/optix_stubs.h:256:36: warning: missing initializer for member ‘OptixFunctionTable::optixProgramGroupCreate’ [-Wmissing-field-initializers]
/home/myl/optix7.6/NVIDIA-OptiX-SDK-7.6.0-linux64-x86_64/include/optix_stubs.h:256:36: warning: missing initializer for member ‘OptixFunctionTable::optixProgramGroupDestroy’ [-Wmissing-field-initializers]
/home/myl/optix7.6/NVIDIA-OptiX-SDK-7.6.0-linux64-x86_64/include/optix_stubs.h:256:36: warning: missing initializer for member ‘OptixFunctionTable::optixProgramGroupGetStackSize’ [-Wmissing-field-initializers]
/home/myl/optix7.6/NVIDIA-OptiX-SDK-7.6.0-linux64-x86_64/include/optix_stubs.h:256:36: warning: missing initializer for member ‘OptixFunctionTable::optixPipelineCreate’ [-Wmissing-field-initializers]
/home/myl/optix7.6/NVIDIA-OptiX-SDK-7.6.0-linux64-x86_64/include/optix_stubs.h:256:36: warning: missing initializer for member ‘OptixFunctionTable::optixPipelineDestroy’ [-Wmissing-field-initializers]
/home/myl/optix7.6/NVIDIA-OptiX-SDK-7.6.0-linux64-x86_64/include/optix_stubs.h:256:36: warning: missing initializer for member ‘OptixFunctionTable::optixPipelineSetStackSize’ [-Wmissing-field-initializers]
/home/myl/optix7.6/NVIDIA-OptiX-SDK-7.6.0-linux64-x86_64/include/optix_stubs.h:256:36: warning: missing initializer for member ‘OptixFunctionTable::optixAccelComputeMemoryUsage’ [-Wmissing-field-initializers]
/home/myl/optix7.6/NVIDIA-OptiX-SDK-7.6.0-linux64-x86_64/include/optix_stubs.h:256:36: warning: missing initializer for member ‘OptixFunctionTable::optixAccelBuild’ [-Wmissing-field-initializers]
/home/myl/optix7.6/NVIDIA-OptiX-SDK-7.6.0-linux64-x86_64/include/optix_stubs.h:256:36: warning: missing initializer for member ‘OptixFunctionTable::optixAccelGetRelocationInfo’ [-Wmissing-field-initializers]
/home/myl/optix7.6/NVIDIA-OptiX-SDK-7.6.0-linux64-x86_64/include/optix_stubs.h:256:36: warning: missing initializer for member ‘OptixFunctionTable::optixCheckRelocationCompatibility’ [-Wmissing-field-initializers]
/home/myl/optix7.6/NVIDIA-OptiX-SDK-7.6.0-linux64-x86_64/include/optix_stubs.h:256:36: warning: missing initializer for member ‘OptixFunctionTable::optixAccelRelocate’ [-Wmissing-field-initializers]
/home/myl/optix7.6/NVIDIA-OptiX-SDK-7.6.0-linux64-x86_64/include/optix_stubs.h:256:36: warning: missing initializer for member ‘OptixFunctionTable::optixAccelCompact’ [-Wmissing-field-initializers]
/home/myl/optix7.6/NVIDIA-OptiX-SDK-7.6.0-linux64-x86_64/include/optix_stubs.h:256:36: warning: missing initializer for member ‘OptixFunctionTable::optixConvertPointerToTraversableHandle’ [-Wmissing-field-initializers]
/home/myl/optix7.6/NVIDIA-OptiX-SDK-7.6.0-linux64-x86_64/include/optix_stubs.h:256:36: warning: missing initializer for member ‘OptixFunctionTable::optixOpacityMicromapArrayComputeMemoryUsage’ [-Wmissing-field-initializers]
/home/myl/optix7.6/NVIDIA-OptiX-SDK-7.6.0-linux64-x86_64/include/optix_stubs.h:256:36: warning: missing initializer for member ‘OptixFunctionTable::optixOpacityMicromapArrayBuild’ [-Wmissing-field-initializers]
/home/myl/optix7.6/NVIDIA-OptiX-SDK-7.6.0-linux64-x86_64/include/optix_stubs.h:256:36: warning: missing initializer for member ‘OptixFunctionTable::optixOpacityMicromapArrayGetRelocationInfo’ [-Wmissing-field-initializers]
/home/myl/optix7.6/NVIDIA-OptiX-SDK-7.6.0-linux64-x86_64/include/optix_stubs.h:256:36: warning: missing initializer for member ‘OptixFunctionTable::optixOpacityMicromapArrayRelocate’ [-Wmissing-field-initializers]
/home/myl/optix7.6/NVIDIA-OptiX-SDK-7.6.0-linux64-x86_64/include/optix_stubs.h:256:36: warning: missing initializer for member ‘OptixFunctionTable::reserved1’ [-Wmissing-field-initializers]
/home/myl/optix7.6/NVIDIA-OptiX-SDK-7.6.0-linux64-x86_64/include/optix_stubs.h:256:36: warning: missing initializer for member ‘OptixFunctionTable::reserved2’ [-Wmissing-field-initializers]
/home/myl/optix7.6/NVIDIA-OptiX-SDK-7.6.0-linux64-x86_64/include/optix_stubs.h:256:36: warning: missing initializer for member ‘OptixFunctionTable::optixSbtRecordPackHeader’ [-Wmissing-field-initializers]
/home/myl/optix7.6/NVIDIA-OptiX-SDK-7.6.0-linux64-x86_64/include/optix_stubs.h:256:36: warning: missing initializer for member ‘OptixFunctionTable::optixLaunch’ [-Wmissing-field-initializers]
/home/myl/optix7.6/NVIDIA-OptiX-SDK-7.6.0-linux64-x86_64/include/optix_stubs.h:256:36: warning: missing initializer for member ‘OptixFunctionTable::optixDenoiserCreate’ [-Wmissing-field-initializers]
/home/myl/optix7.6/NVIDIA-OptiX-SDK-7.6.0-linux64-x86_64/include/optix_stubs.h:256:36: warning: missing initializer for member ‘OptixFunctionTable::optixDenoiserDestroy’ [-Wmissing-field-initializers]
/home/myl/optix7.6/NVIDIA-OptiX-SDK-7.6.0-linux64-x86_64/include/optix_stubs.h:256:36: warning: missing initializer for member ‘OptixFunctionTable::optixDenoiserComputeMemoryResources’ [-Wmissing-field-initializers]
/home/myl/optix7.6/NVIDIA-OptiX-SDK-7.6.0-linux64-x86_64/include/optix_stubs.h:256:36: warning: missing initializer for member ‘OptixFunctionTable::optixDenoiserSetup’ [-Wmissing-field-initializers]
/home/myl/optix7.6/NVIDIA-OptiX-SDK-7.6.0-linux64-x86_64/include/optix_stubs.h:256:36: warning: missing initializer for member ‘OptixFunctionTable::optixDenoiserInvoke’ [-Wmissing-field-initializers]
/home/myl/optix7.6/NVIDIA-OptiX-SDK-7.6.0-linux64-x86_64/include/optix_stubs.h:256:36: warning: missing initializer for member ‘OptixFunctionTable::optixDenoiserComputeIntensity’ [-Wmissing-field-initializers]
/home/myl/optix7.6/NVIDIA-OptiX-SDK-7.6.0-linux64-x86_64/include/optix_stubs.h:256:36: warning: missing initializer for member ‘OptixFunctionTable::optixDenoiserComputeAverageColor’ [-Wmissing-field-initializers]
/home/myl/optix7.6/NVIDIA-OptiX-SDK-7.6.0-linux64-x86_64/include/optix_stubs.h:256:36: warning: missing initializer for member ‘OptixFunctionTable::optixDenoiserCreateWithUserModel’ [-Wmissing-field-initializers]
/home/myl/cache_search/cache/page_cache.cu:29: warning: "CUDA_CHECK" redefined
   29 | #define CUDA_CHECK(expr) cuda_check((expr), #expr, __FILE__, __LINE__)
      | 
In file included from /home/myl/cache_search/cache/../head.h:21,
                 from /home/myl/cache_search/cache/page_cache.h:7,
                 from /home/myl/cache_search/cache/page_cache.cu:1:
/home/myl/cache_search/cache/../helper.h:14: note: this is the location of the previous definition
   14 | #define CUDA_CHECK(call)                                                   \
      | 
/home/myl/cache_search/cache/page_cache.cu:29: warning: "CUDA_CHECK" redefined
   29 | #define CUDA_CHECK(expr) cuda_check((expr), #expr, __FILE__, __LINE__)
      | 
In file included from /home/myl/cache_search/cache/../head.h:21,
                 from /home/myl/cache_search/cache/page_cache.h:7,
                 from /home/myl/cache_search/cache/page_cache.cu:1:
/home/myl/cache_search/cache/../helper.h:14: note: this is the location of the previous definition
   14 | #define CUDA_CHECK(call)                                                   \
      | 
In file included from /home/myl/cache_search/graph.h:3,
                 from /home/myl/cache_search/main.cpp:3:
/home/myl/cache_search/pca/pca.h: In constructor ‘PCA::PCA(float*, uint, uint)’:
/home/myl/cache_search/pca/pca.h:17:23: warning: comparison of integer expressions of different signedness: ‘int’ and ‘uint’ {aka ‘unsigned int’} [-Wsign-compare]
   17 |     for (int i = 0; i < nb; i++) {
      |                     ~~^~~~
/home/myl/cache_search/pca/pca.h:18:25: warning: comparison of integer expressions of different signedness: ‘int’ and ‘uint’ {aka ‘unsigned int’} [-Wsign-compare]
   18 |       for (int j = 0; j < dim; j++) {
      |                       ~~^~~~~
/home/myl/cache_search/main.cpp: In function ‘int main(int, char**)’:
/home/myl/cache_search/main.cpp:91:9: warning: unused variable ‘datafile’ [-Wunused-variable]
   91 |   char* datafile = (char*)FLAGS_data_path.c_str();
      |         ^~~~~~~~
/home/myl/cache_search/main.cpp:92:9: warning: unused variable ‘queryfile’ [-Wunused-variable]
   92 |   char* queryfile = (char*)FLAGS_query_path.c_str();
      |         ^~~~~~~~~
/home/myl/cache_search/main.cpp:93:9: warning: unused variable ‘gtfile’ [-Wunused-variable]
   93 |   char* gtfile = (char*)FLAGS_gt_path.c_str();
      |         ^~~~~~
/home/myl/cache_search/file_read.cu(138): warning #1650-D: result of call is not used
    fscanf(file, "%d %d", &n, &d);
    ^

Remark: The warnings can be suppressed with "-diag-suppress <warning-number>"

/home/myl/cache_search/file_read.cu(142): warning #1650-D: result of call is not used
        fscanf(file, "%f,", &data[i * d + j]);
        ^

/home/myl/cache_search/file_read.cu(144): warning #1650-D: result of call is not used
      fscanf(file, "%f", &data[i * d + d - 1]);
      ^

/home/myl/cache_search/file_read.cu(206): warning #1650-D: result of call is not used
    fread(&d, sizeof(d), 1, file);
    ^

/home/myl/cache_search/file_read.cu(208): warning #1650-D: result of call is not used
    fread(data_ptr, sizeof(float), n*d, file);
    ^

/home/myl/cache_search/file_read.cu(138): warning #1650-D: result of call is not used
    fscanf(file, "%d %d", &n, &d);
    ^

Remark: The warnings can be suppressed with "-diag-suppress <warning-number>"

/home/myl/cache_search/file_read.cu(142): warning #1650-D: result of call is not used
        fscanf(file, "%f,", &data[i * d + j]);
        ^

/home/myl/cache_search/file_read.cu(144): warning #1650-D: result of call is not used
      fscanf(file, "%f", &data[i * d + d - 1]);
      ^

/home/myl/cache_search/file_read.cu(206): warning #1650-D: result of call is not used
    fread(&d, sizeof(d), 1, file);
    ^

/home/myl/cache_search/file_read.cu(208): warning #1650-D: result of call is not used
    fread(data_ptr, sizeof(float), n*d, file);
    ^

/home/myl/cache_search/graph_helper.cu(222): warning #177-D: variable "max_threads" was declared but never referenced
    int max_threads = 64;
        ^

Remark: The warnings can be suppressed with "-diag-suppress <warning-number>"

/home/myl/cache_search/graph_search.cuh(167): warning #177-D: variable "random_entry_seed" was declared but never referenced
    uint random_entry_seed = b_id*blockSize + t_id;
         ^

Remark: The warnings can be suppressed with "-diag-suppress <warning-number>"

/home/myl/cache_search/file_read.cu(138): warning #1650-D: result of call is not used
    fscanf(file, "%d %d", &n, &d);
    ^

Remark: The warnings can be suppressed with "-diag-suppress <warning-number>"

/home/myl/cache_search/file_read.cu(142): warning #1650-D: result of call is not used
        fscanf(file, "%f,", &data[i * d + j]);
        ^

/home/myl/cache_search/file_read.cu(144): warning #1650-D: result of call is not used
      fscanf(file, "%f", &data[i * d + d - 1]);
      ^

/home/myl/cache_search/file_read.cu(206): warning #1650-D: result of call is not used
    fread(&d, sizeof(d), 1, file);
    ^

/home/myl/cache_search/file_read.cu(208): warning #1650-D: result of call is not used
    fread(data_ptr, sizeof(float), n*d, file);
    ^

/home/myl/cache_search/graph_helper.cu(222): warning #177-D: variable "max_threads" was declared but never referenced
    int max_threads = 64;
        ^

Remark: The warnings can be suppressed with "-diag-suppress <warning-number>"

/home/myl/cache_search/file_read.cu: In static member function ‘static void file_read::read_txt_file(const char*, int&, int&, thrust::host_vector<float>&)’:
/home/myl/cache_search/file_read.cu:138:7: warning: ignoring return value of ‘int fscanf(FILE*, const char*, ...)’ declared with attribute ‘warn_unused_result’ [-Wunused-result]
  138 |   fscanf(file, "%d %d", &n, &d);
      |   ~~~~^~~~~~~~~~~~~~~~~~~~~~~
/home/myl/cache_search/file_read.cu:142:7: warning: ignoring return value of ‘int fscanf(FILE*, const char*, ...)’ declared with attribute ‘warn_unused_result’ [-Wunused-result]
  142 |       fscanf(file, "%f,", &data[i * d + j]);
      |       ^~~~~~~~~~~~~~~~~~~~~~~~~~~~~~~~~
/home/myl/cache_search/file_read.cu:144:7: warning: ignoring return value of ‘int fscanf(FILE*, const char*, ...)’ declared with attribute ‘warn_unused_result’ [-Wunused-result]
  144 |     fscanf(file, "%f", &data[i * d + d - 1]);
      |     ~~^~~~~~~~~~~~~~~~~~~~~~~~~~~~~~~~~~~~~~
/home/myl/cache_search/file_read.cu: In static member function ‘static void file_read::read_hvecs_file(const char*, int&, int&, thrust::host_vector<float>&)’:
/home/myl/cache_search/file_read.cu:206:6: warning: ignoring return value of ‘size_t fread(void*, size_t, size_t, FILE*)’ declared with attribute ‘warn_unused_result’ [-Wunused-result]
  206 |   fread(&d, sizeof(d), 1, file);
      |   ~~~^~~~~~~~~~~~~~~~~~~~~~~
/home/myl/cache_search/file_read.cu:208:6: warning: ignoring return value of ‘size_t fread(void*, size_t, size_t, FILE*)’ declared with attribute ‘warn_unused_result’ [-Wunused-result]
  208 |   fread(data_ptr, sizeof(float), n*d, file);
      |   ~~~^~~~~~~~~~~~~~~~~~~~~~~~~~~~~~~~~~~~~~
/home/myl/cache_search/graph_search.cuh(167): warning #177-D: variable "random_entry_seed" was declared but never referenced
    uint random_entry_seed = b_id*blockSize + t_id;
         ^

Remark: The warnings can be suppressed with "-diag-suppress <warning-number>"

[ 73%] Linking CXX executable /home/myl/cache_search/bin/test
[100%] Built target test
正在运行 ./test --ALGO=1 --topk=0 --n_candidates=1024 --expand_ratio=0.2 --point_ratio=0.00001024 --search_width=4 --t=50 --n_cluster=1000  --max_iter=1000 ...
Total GPUs visible: 6, using [3]: NVIDIA L40
Available Memory: 44940 MB, Total Memory: 45372 MB
Shared memory per block: 49152 bytes
Shared memory per SM   : 102400 bytes
Shared memory per block (optin): 101376 bytes
Input
n = 10000, d = 128
np = 100000000, dim = 128
Cluster number: 10000
Centroids read successfully
Input: copy points to device
Input: finish copy points to device
degree = 64
RB_Graph: finish read or build graph
Projection: reading pca base file /mnt/IntelP5520_8T_1/myl/cache_search/data/sift100M/rotated_base.fbin
read PCA file
sizeof_points = 12800000000
Projection: finish reading pca base file
BlockUp function
reading AABB from file /mnt/IntelP5520_8T_1/myl/cache_search/data/sift100M/1024_0.aabbs
Create context
Create module
Create program groups
Create pipeline
Create SBT
BVH Building Time = 0.441504 ms
batch_size = 5
time build_query_batches: 0.090713 ms
time pca projection: 0.142228 ms
time rt_entry search: 0.067039 ms
time graph search: 40751.8 ms
compute_dim = 19666206540
compute_dis = 546283515
average dimensions per distance computation = 36
time total search time: 40752.1 ms
checking results...
gt_k = 1000
recall1@1024 = 0.999400
recall10@1024 = 0.997380
recall100@1024 = 0.964922
recall1000@1024 = 0.575011
Free memory: 6160 MB
Total memory: 45372 MB
Used memory: 39212 MB
Clean up RT ...
Finish cleaning up RT
完成 DIM = 36 的测试

==================================================
正在处理: DIM = 35
==================================================
[ 13%] Built target compute_pca
[ 17%] Building NVCC ptx file cuda_compile_ptx_1_generated_devicePrograms.cu.ptx
[ 21%] compiling (and embedding ptx from) devicePrograms.cu
[ 26%] Building C object CMakeFiles/test.dir/cuda_compile_ptx_1_generated_devicePrograms.cu.ptx_embedded.c.o
[ 30%] Building CXX object CMakeFiles/test.dir/main.cpp.o
[ 34%] Building CUDA object CMakeFiles/test.dir/aabb.cu.o
[ 39%] Building CUDA object CMakeFiles/test.dir/entry.cu.o
[ 43%] Building CUDA object CMakeFiles/test.dir/entry_helper.cu.o
[ 47%] Building CUDA object CMakeFiles/test.dir/matrix.cu.o
[ 52%] Building CUDA object CMakeFiles/test.dir/file_read.cu.o
nvcc warning : incompatible redefinition for option 'std', the last value of this option was used
[ 56%] Building CXX object CMakeFiles/test.dir/raytracing.cpp.o
nvcc warning : incompatible redefinition for option 'std', the last value of this option was used
[ 60%] Building CUDA object CMakeFiles/test.dir/graph.cu.o
nvcc warning : incompatible redefinition for option 'std', the last value of this option was used
nvcc warning : incompatible redefinition for option 'std', the last value of this option was used
[ 69%] Building CUDA object CMakeFiles/test.dir/graph_helper.cu.o
nvcc warning : incompatible redefinition for option 'std', the last value of this option was used
[ 69%] Building CUDA object CMakeFiles/test.dir/cache/page_cache.cu.o
nvcc warning : incompatible redefinition for option 'std', the last value of this option was used
nvcc warning : incompatible redefinition for option 'std', the last value of this option was used
nvcc warning : incompatible redefinition for option 'std', the last value of this option was used
In file included from /home/myl/cache_search/head.h:3,
                 from /home/myl/cache_search/raytracing.h:3,
                 from /home/myl/cache_search/raytracing.cpp:2:
/home/myl/optix7.6/NVIDIA-OptiX-SDK-7.6.0-linux64-x86_64/include/optix_stubs.h: In function ‘OptixResult optixUninitWithHandle(void*)’:
/home/myl/optix7.6/NVIDIA-OptiX-SDK-7.6.0-linux64-x86_64/include/optix_stubs.h:256:36: warning: missing initializer for member ‘OptixFunctionTable::optixGetErrorString’ [-Wmissing-field-initializers]
  256 |     OptixFunctionTable empty = { 0 };
      |                                    ^
/home/myl/optix7.6/NVIDIA-OptiX-SDK-7.6.0-linux64-x86_64/include/optix_stubs.h:256:36: warning: missing initializer for member ‘OptixFunctionTable::optixDeviceContextCreate’ [-Wmissing-field-initializers]
/home/myl/optix7.6/NVIDIA-OptiX-SDK-7.6.0-linux64-x86_64/include/optix_stubs.h:256:36: warning: missing initializer for member ‘OptixFunctionTable::optixDeviceContextDestroy’ [-Wmissing-field-initializers]
/home/myl/optix7.6/NVIDIA-OptiX-SDK-7.6.0-linux64-x86_64/include/optix_stubs.h:256:36: warning: missing initializer for member ‘OptixFunctionTable::optixDeviceContextGetProperty’ [-Wmissing-field-initializers]
/home/myl/optix7.6/NVIDIA-OptiX-SDK-7.6.0-linux64-x86_64/include/optix_stubs.h:256:36: warning: missing initializer for member ‘OptixFunctionTable::optixDeviceContextSetLogCallback’ [-Wmissing-field-initializers]
/home/myl/optix7.6/NVIDIA-OptiX-SDK-7.6.0-linux64-x86_64/include/optix_stubs.h:256:36: warning: missing initializer for member ‘OptixFunctionTable::optixDeviceContextSetCacheEnabled’ [-Wmissing-field-initializers]
/home/myl/optix7.6/NVIDIA-OptiX-SDK-7.6.0-linux64-x86_64/include/optix_stubs.h:256:36: warning: missing initializer for member ‘OptixFunctionTable::optixDeviceContextSetCacheLocation’ [-Wmissing-field-initializers]
/home/myl/optix7.6/NVIDIA-OptiX-SDK-7.6.0-linux64-x86_64/include/optix_stubs.h:256:36: warning: missing initializer for member ‘OptixFunctionTable::optixDeviceContextSetCacheDatabaseSizes’ [-Wmissing-field-initializers]
/home/myl/optix7.6/NVIDIA-OptiX-SDK-7.6.0-linux64-x86_64/include/optix_stubs.h:256:36: warning: missing initializer for member ‘OptixFunctionTable::optixDeviceContextGetCacheEnabled’ [-Wmissing-field-initializers]
/home/myl/optix7.6/NVIDIA-OptiX-SDK-7.6.0-linux64-x86_64/include/optix_stubs.h:256:36: warning: missing initializer for member ‘OptixFunctionTable::optixDeviceContextGetCacheLocation’ [-Wmissing-field-initializers]
/home/myl/optix7.6/NVIDIA-OptiX-SDK-7.6.0-linux64-x86_64/include/optix_stubs.h:256:36: warning: missing initializer for member ‘OptixFunctionTable::optixDeviceContextGetCacheDatabaseSizes’ [-Wmissing-field-initializers]
/home/myl/optix7.6/NVIDIA-OptiX-SDK-7.6.0-linux64-x86_64/include/optix_stubs.h:256:36: warning: missing initializer for member ‘OptixFunctionTable::optixModuleCreateFromPTX’ [-Wmissing-field-initializers]
/home/myl/optix7.6/NVIDIA-OptiX-SDK-7.6.0-linux64-x86_64/include/optix_stubs.h:256:36: warning: missing initializer for member ‘OptixFunctionTable::optixModuleCreateFromPTXWithTasks’ [-Wmissing-field-initializers]
/home/myl/optix7.6/NVIDIA-OptiX-SDK-7.6.0-linux64-x86_64/include/optix_stubs.h:256:36: warning: missing initializer for member ‘OptixFunctionTable::optixModuleGetCompilationState’ [-Wmissing-field-initializers]
/home/myl/optix7.6/NVIDIA-OptiX-SDK-7.6.0-linux64-x86_64/include/optix_stubs.h:256:36: warning: missing initializer for member ‘OptixFunctionTable::optixModuleDestroy’ [-Wmissing-field-initializers]
/home/myl/optix7.6/NVIDIA-OptiX-SDK-7.6.0-linux64-x86_64/include/optix_stubs.h:256:36: warning: missing initializer for member ‘OptixFunctionTable::optixBuiltinISModuleGet’ [-Wmissing-field-initializers]
/home/myl/optix7.6/NVIDIA-OptiX-SDK-7.6.0-linux64-x86_64/include/optix_stubs.h:256:36: warning: missing initializer for member ‘OptixFunctionTable::optixTaskExecute’ [-Wmissing-field-initializers]
/home/myl/optix7.6/NVIDIA-OptiX-SDK-7.6.0-linux64-x86_64/include/optix_stubs.h:256:36: warning: missing initializer for member ‘OptixFunctionTable::optixProgramGroupCreate’ [-Wmissing-field-initializers]
/home/myl/optix7.6/NVIDIA-OptiX-SDK-7.6.0-linux64-x86_64/include/optix_stubs.h:256:36: warning: missing initializer for member ‘OptixFunctionTable::optixProgramGroupDestroy’ [-Wmissing-field-initializers]
/home/myl/optix7.6/NVIDIA-OptiX-SDK-7.6.0-linux64-x86_64/include/optix_stubs.h:256:36: warning: missing initializer for member ‘OptixFunctionTable::optixProgramGroupGetStackSize’ [-Wmissing-field-initializers]
/home/myl/optix7.6/NVIDIA-OptiX-SDK-7.6.0-linux64-x86_64/include/optix_stubs.h:256:36: warning: missing initializer for member ‘OptixFunctionTable::optixPipelineCreate’ [-Wmissing-field-initializers]
/home/myl/optix7.6/NVIDIA-OptiX-SDK-7.6.0-linux64-x86_64/include/optix_stubs.h:256:36: warning: missing initializer for member ‘OptixFunctionTable::optixPipelineDestroy’ [-Wmissing-field-initializers]
/home/myl/optix7.6/NVIDIA-OptiX-SDK-7.6.0-linux64-x86_64/include/optix_stubs.h:256:36: warning: missing initializer for member ‘OptixFunctionTable::optixPipelineSetStackSize’ [-Wmissing-field-initializers]
/home/myl/optix7.6/NVIDIA-OptiX-SDK-7.6.0-linux64-x86_64/include/optix_stubs.h:256:36: warning: missing initializer for member ‘OptixFunctionTable::optixAccelComputeMemoryUsage’ [-Wmissing-field-initializers]
/home/myl/optix7.6/NVIDIA-OptiX-SDK-7.6.0-linux64-x86_64/include/optix_stubs.h:256:36: warning: missing initializer for member ‘OptixFunctionTable::optixAccelBuild’ [-Wmissing-field-initializers]
/home/myl/optix7.6/NVIDIA-OptiX-SDK-7.6.0-linux64-x86_64/include/optix_stubs.h:256:36: warning: missing initializer for member ‘OptixFunctionTable::optixAccelGetRelocationInfo’ [-Wmissing-field-initializers]
/home/myl/optix7.6/NVIDIA-OptiX-SDK-7.6.0-linux64-x86_64/include/optix_stubs.h:256:36: warning: missing initializer for member ‘OptixFunctionTable::optixCheckRelocationCompatibility’ [-Wmissing-field-initializers]
/home/myl/optix7.6/NVIDIA-OptiX-SDK-7.6.0-linux64-x86_64/include/optix_stubs.h:256:36: warning: missing initializer for member ‘OptixFunctionTable::optixAccelRelocate’ [-Wmissing-field-initializers]
/home/myl/optix7.6/NVIDIA-OptiX-SDK-7.6.0-linux64-x86_64/include/optix_stubs.h:256:36: warning: missing initializer for member ‘OptixFunctionTable::optixAccelCompact’ [-Wmissing-field-initializers]
/home/myl/optix7.6/NVIDIA-OptiX-SDK-7.6.0-linux64-x86_64/include/optix_stubs.h:256:36: warning: missing initializer for member ‘OptixFunctionTable::optixConvertPointerToTraversableHandle’ [-Wmissing-field-initializers]
/home/myl/optix7.6/NVIDIA-OptiX-SDK-7.6.0-linux64-x86_64/include/optix_stubs.h:256:36: warning: missing initializer for member ‘OptixFunctionTable::optixOpacityMicromapArrayComputeMemoryUsage’ [-Wmissing-field-initializers]
/home/myl/optix7.6/NVIDIA-OptiX-SDK-7.6.0-linux64-x86_64/include/optix_stubs.h:256:36: warning: missing initializer for member ‘OptixFunctionTable::optixOpacityMicromapArrayBuild’ [-Wmissing-field-initializers]
/home/myl/optix7.6/NVIDIA-OptiX-SDK-7.6.0-linux64-x86_64/include/optix_stubs.h:256:36: warning: missing initializer for member ‘OptixFunctionTable::optixOpacityMicromapArrayGetRelocationInfo’ [-Wmissing-field-initializers]
/home/myl/optix7.6/NVIDIA-OptiX-SDK-7.6.0-linux64-x86_64/include/optix_stubs.h:256:36: warning: missing initializer for member ‘OptixFunctionTable::optixOpacityMicromapArrayRelocate’ [-Wmissing-field-initializers]
/home/myl/optix7.6/NVIDIA-OptiX-SDK-7.6.0-linux64-x86_64/include/optix_stubs.h:256:36: warning: missing initializer for member ‘OptixFunctionTable::reserved1’ [-Wmissing-field-initializers]
/home/myl/optix7.6/NVIDIA-OptiX-SDK-7.6.0-linux64-x86_64/include/optix_stubs.h:256:36: warning: missing initializer for member ‘OptixFunctionTable::reserved2’ [-Wmissing-field-initializers]
/home/myl/optix7.6/NVIDIA-OptiX-SDK-7.6.0-linux64-x86_64/include/optix_stubs.h:256:36: warning: missing initializer for member ‘OptixFunctionTable::optixSbtRecordPackHeader’ [-Wmissing-field-initializers]
/home/myl/optix7.6/NVIDIA-OptiX-SDK-7.6.0-linux64-x86_64/include/optix_stubs.h:256:36: warning: missing initializer for member ‘OptixFunctionTable::optixLaunch’ [-Wmissing-field-initializers]
/home/myl/optix7.6/NVIDIA-OptiX-SDK-7.6.0-linux64-x86_64/include/optix_stubs.h:256:36: warning: missing initializer for member ‘OptixFunctionTable::optixDenoiserCreate’ [-Wmissing-field-initializers]
/home/myl/optix7.6/NVIDIA-OptiX-SDK-7.6.0-linux64-x86_64/include/optix_stubs.h:256:36: warning: missing initializer for member ‘OptixFunctionTable::optixDenoiserDestroy’ [-Wmissing-field-initializers]
/home/myl/optix7.6/NVIDIA-OptiX-SDK-7.6.0-linux64-x86_64/include/optix_stubs.h:256:36: warning: missing initializer for member ‘OptixFunctionTable::optixDenoiserComputeMemoryResources’ [-Wmissing-field-initializers]
/home/myl/optix7.6/NVIDIA-OptiX-SDK-7.6.0-linux64-x86_64/include/optix_stubs.h:256:36: warning: missing initializer for member ‘OptixFunctionTable::optixDenoiserSetup’ [-Wmissing-field-initializers]
/home/myl/optix7.6/NVIDIA-OptiX-SDK-7.6.0-linux64-x86_64/include/optix_stubs.h:256:36: warning: missing initializer for member ‘OptixFunctionTable::optixDenoiserInvoke’ [-Wmissing-field-initializers]
/home/myl/optix7.6/NVIDIA-OptiX-SDK-7.6.0-linux64-x86_64/include/optix_stubs.h:256:36: warning: missing initializer for member ‘OptixFunctionTable::optixDenoiserComputeIntensity’ [-Wmissing-field-initializers]
/home/myl/optix7.6/NVIDIA-OptiX-SDK-7.6.0-linux64-x86_64/include/optix_stubs.h:256:36: warning: missing initializer for member ‘OptixFunctionTable::optixDenoiserComputeAverageColor’ [-Wmissing-field-initializers]
/home/myl/optix7.6/NVIDIA-OptiX-SDK-7.6.0-linux64-x86_64/include/optix_stubs.h:256:36: warning: missing initializer for member ‘OptixFunctionTable::optixDenoiserCreateWithUserModel’ [-Wmissing-field-initializers]
/home/myl/cache_search/cache/page_cache.cu:29: warning: "CUDA_CHECK" redefined
   29 | #define CUDA_CHECK(expr) cuda_check((expr), #expr, __FILE__, __LINE__)
      | 
In file included from /home/myl/cache_search/cache/../head.h:21,
                 from /home/myl/cache_search/cache/page_cache.h:7,
                 from /home/myl/cache_search/cache/page_cache.cu:1:
/home/myl/cache_search/cache/../helper.h:14: note: this is the location of the previous definition
   14 | #define CUDA_CHECK(call)                                                   \
      | 
In file included from /home/myl/cache_search/head.h:3,
                 from /home/myl/cache_search/entry.h:8,
                 from /home/myl/cache_search/graph.h:2,
                 from /home/myl/cache_search/main.cpp:3:
/home/myl/optix7.6/NVIDIA-OptiX-SDK-7.6.0-linux64-x86_64/include/optix_stubs.h: In function ‘OptixResult optixUninitWithHandle(void*)’:
/home/myl/optix7.6/NVIDIA-OptiX-SDK-7.6.0-linux64-x86_64/include/optix_stubs.h:256:36: warning: missing initializer for member ‘OptixFunctionTable::optixGetErrorString’ [-Wmissing-field-initializers]
  256 |     OptixFunctionTable empty = { 0 };
      |                                    ^
/home/myl/optix7.6/NVIDIA-OptiX-SDK-7.6.0-linux64-x86_64/include/optix_stubs.h:256:36: warning: missing initializer for member ‘OptixFunctionTable::optixDeviceContextCreate’ [-Wmissing-field-initializers]
/home/myl/optix7.6/NVIDIA-OptiX-SDK-7.6.0-linux64-x86_64/include/optix_stubs.h:256:36: warning: missing initializer for member ‘OptixFunctionTable::optixDeviceContextDestroy’ [-Wmissing-field-initializers]
/home/myl/optix7.6/NVIDIA-OptiX-SDK-7.6.0-linux64-x86_64/include/optix_stubs.h:256:36: warning: missing initializer for member ‘OptixFunctionTable::optixDeviceContextGetProperty’ [-Wmissing-field-initializers]
/home/myl/optix7.6/NVIDIA-OptiX-SDK-7.6.0-linux64-x86_64/include/optix_stubs.h:256:36: warning: missing initializer for member ‘OptixFunctionTable::optixDeviceContextSetLogCallback’ [-Wmissing-field-initializers]
/home/myl/optix7.6/NVIDIA-OptiX-SDK-7.6.0-linux64-x86_64/include/optix_stubs.h:256:36: warning: missing initializer for member ‘OptixFunctionTable::optixDeviceContextSetCacheEnabled’ [-Wmissing-field-initializers]
/home/myl/optix7.6/NVIDIA-OptiX-SDK-7.6.0-linux64-x86_64/include/optix_stubs.h:256:36: warning: missing initializer for member ‘OptixFunctionTable::optixDeviceContextSetCacheLocation’ [-Wmissing-field-initializers]
/home/myl/optix7.6/NVIDIA-OptiX-SDK-7.6.0-linux64-x86_64/include/optix_stubs.h:256:36: warning: missing initializer for member ‘OptixFunctionTable::optixDeviceContextSetCacheDatabaseSizes’ [-Wmissing-field-initializers]
/home/myl/optix7.6/NVIDIA-OptiX-SDK-7.6.0-linux64-x86_64/include/optix_stubs.h:256:36: warning: missing initializer for member ‘OptixFunctionTable::optixDeviceContextGetCacheEnabled’ [-Wmissing-field-initializers]
/home/myl/optix7.6/NVIDIA-OptiX-SDK-7.6.0-linux64-x86_64/include/optix_stubs.h:256:36: warning: missing initializer for member ‘OptixFunctionTable::optixDeviceContextGetCacheLocation’ [-Wmissing-field-initializers]
/home/myl/optix7.6/NVIDIA-OptiX-SDK-7.6.0-linux64-x86_64/include/optix_stubs.h:256:36: warning: missing initializer for member ‘OptixFunctionTable::optixDeviceContextGetCacheDatabaseSizes’ [-Wmissing-field-initializers]
/home/myl/optix7.6/NVIDIA-OptiX-SDK-7.6.0-linux64-x86_64/include/optix_stubs.h:256:36: warning: missing initializer for member ‘OptixFunctionTable::optixModuleCreateFromPTX’ [-Wmissing-field-initializers]
/home/myl/optix7.6/NVIDIA-OptiX-SDK-7.6.0-linux64-x86_64/include/optix_stubs.h:256:36: warning: missing initializer for member ‘OptixFunctionTable::optixModuleCreateFromPTXWithTasks’ [-Wmissing-field-initializers]
/home/myl/optix7.6/NVIDIA-OptiX-SDK-7.6.0-linux64-x86_64/include/optix_stubs.h:256:36: warning: missing initializer for member ‘OptixFunctionTable::optixModuleGetCompilationState’ [-Wmissing-field-initializers]
/home/myl/optix7.6/NVIDIA-OptiX-SDK-7.6.0-linux64-x86_64/include/optix_stubs.h:256:36: warning: missing initializer for member ‘OptixFunctionTable::optixModuleDestroy’ [-Wmissing-field-initializers]
/home/myl/optix7.6/NVIDIA-OptiX-SDK-7.6.0-linux64-x86_64/include/optix_stubs.h:256:36: warning: missing initializer for member ‘OptixFunctionTable::optixBuiltinISModuleGet’ [-Wmissing-field-initializers]
/home/myl/optix7.6/NVIDIA-OptiX-SDK-7.6.0-linux64-x86_64/include/optix_stubs.h:256:36: warning: missing initializer for member ‘OptixFunctionTable::optixTaskExecute’ [-Wmissing-field-initializers]
/home/myl/optix7.6/NVIDIA-OptiX-SDK-7.6.0-linux64-x86_64/include/optix_stubs.h:256:36: warning: missing initializer for member ‘OptixFunctionTable::optixProgramGroupCreate’ [-Wmissing-field-initializers]
/home/myl/optix7.6/NVIDIA-OptiX-SDK-7.6.0-linux64-x86_64/include/optix_stubs.h:256:36: warning: missing initializer for member ‘OptixFunctionTable::optixProgramGroupDestroy’ [-Wmissing-field-initializers]
/home/myl/optix7.6/NVIDIA-OptiX-SDK-7.6.0-linux64-x86_64/include/optix_stubs.h:256:36: warning: missing initializer for member ‘OptixFunctionTable::optixProgramGroupGetStackSize’ [-Wmissing-field-initializers]
/home/myl/optix7.6/NVIDIA-OptiX-SDK-7.6.0-linux64-x86_64/include/optix_stubs.h:256:36: warning: missing initializer for member ‘OptixFunctionTable::optixPipelineCreate’ [-Wmissing-field-initializers]
/home/myl/optix7.6/NVIDIA-OptiX-SDK-7.6.0-linux64-x86_64/include/optix_stubs.h:256:36: warning: missing initializer for member ‘OptixFunctionTable::optixPipelineDestroy’ [-Wmissing-field-initializers]
/home/myl/optix7.6/NVIDIA-OptiX-SDK-7.6.0-linux64-x86_64/include/optix_stubs.h:256:36: warning: missing initializer for member ‘OptixFunctionTable::optixPipelineSetStackSize’ [-Wmissing-field-initializers]
/home/myl/optix7.6/NVIDIA-OptiX-SDK-7.6.0-linux64-x86_64/include/optix_stubs.h:256:36: warning: missing initializer for member ‘OptixFunctionTable::optixAccelComputeMemoryUsage’ [-Wmissing-field-initializers]
/home/myl/optix7.6/NVIDIA-OptiX-SDK-7.6.0-linux64-x86_64/include/optix_stubs.h:256:36: warning: missing initializer for member ‘OptixFunctionTable::optixAccelBuild’ [-Wmissing-field-initializers]
/home/myl/optix7.6/NVIDIA-OptiX-SDK-7.6.0-linux64-x86_64/include/optix_stubs.h:256:36: warning: missing initializer for member ‘OptixFunctionTable::optixAccelGetRelocationInfo’ [-Wmissing-field-initializers]
/home/myl/optix7.6/NVIDIA-OptiX-SDK-7.6.0-linux64-x86_64/include/optix_stubs.h:256:36: warning: missing initializer for member ‘OptixFunctionTable::optixCheckRelocationCompatibility’ [-Wmissing-field-initializers]
/home/myl/optix7.6/NVIDIA-OptiX-SDK-7.6.0-linux64-x86_64/include/optix_stubs.h:256:36: warning: missing initializer for member ‘OptixFunctionTable::optixAccelRelocate’ [-Wmissing-field-initializers]
/home/myl/optix7.6/NVIDIA-OptiX-SDK-7.6.0-linux64-x86_64/include/optix_stubs.h:256:36: warning: missing initializer for member ‘OptixFunctionTable::optixAccelCompact’ [-Wmissing-field-initializers]
/home/myl/optix7.6/NVIDIA-OptiX-SDK-7.6.0-linux64-x86_64/include/optix_stubs.h:256:36: warning: missing initializer for member ‘OptixFunctionTable::optixConvertPointerToTraversableHandle’ [-Wmissing-field-initializers]
/home/myl/optix7.6/NVIDIA-OptiX-SDK-7.6.0-linux64-x86_64/include/optix_stubs.h:256:36: warning: missing initializer for member ‘OptixFunctionTable::optixOpacityMicromapArrayComputeMemoryUsage’ [-Wmissing-field-initializers]
/home/myl/optix7.6/NVIDIA-OptiX-SDK-7.6.0-linux64-x86_64/include/optix_stubs.h:256:36: warning: missing initializer for member ‘OptixFunctionTable::optixOpacityMicromapArrayBuild’ [-Wmissing-field-initializers]
/home/myl/optix7.6/NVIDIA-OptiX-SDK-7.6.0-linux64-x86_64/include/optix_stubs.h:256:36: warning: missing initializer for member ‘OptixFunctionTable::optixOpacityMicromapArrayGetRelocationInfo’ [-Wmissing-field-initializers]
/home/myl/optix7.6/NVIDIA-OptiX-SDK-7.6.0-linux64-x86_64/include/optix_stubs.h:256:36: warning: missing initializer for member ‘OptixFunctionTable::optixOpacityMicromapArrayRelocate’ [-Wmissing-field-initializers]
/home/myl/optix7.6/NVIDIA-OptiX-SDK-7.6.0-linux64-x86_64/include/optix_stubs.h:256:36: warning: missing initializer for member ‘OptixFunctionTable::reserved1’ [-Wmissing-field-initializers]
/home/myl/optix7.6/NVIDIA-OptiX-SDK-7.6.0-linux64-x86_64/include/optix_stubs.h:256:36: warning: missing initializer for member ‘OptixFunctionTable::reserved2’ [-Wmissing-field-initializers]
/home/myl/optix7.6/NVIDIA-OptiX-SDK-7.6.0-linux64-x86_64/include/optix_stubs.h:256:36: warning: missing initializer for member ‘OptixFunctionTable::optixSbtRecordPackHeader’ [-Wmissing-field-initializers]
/home/myl/optix7.6/NVIDIA-OptiX-SDK-7.6.0-linux64-x86_64/include/optix_stubs.h:256:36: warning: missing initializer for member ‘OptixFunctionTable::optixLaunch’ [-Wmissing-field-initializers]
/home/myl/optix7.6/NVIDIA-OptiX-SDK-7.6.0-linux64-x86_64/include/optix_stubs.h:256:36: warning: missing initializer for member ‘OptixFunctionTable::optixDenoiserCreate’ [-Wmissing-field-initializers]
/home/myl/optix7.6/NVIDIA-OptiX-SDK-7.6.0-linux64-x86_64/include/optix_stubs.h:256:36: warning: missing initializer for member ‘OptixFunctionTable::optixDenoiserDestroy’ [-Wmissing-field-initializers]
/home/myl/optix7.6/NVIDIA-OptiX-SDK-7.6.0-linux64-x86_64/include/optix_stubs.h:256:36: warning: missing initializer for member ‘OptixFunctionTable::optixDenoiserComputeMemoryResources’ [-Wmissing-field-initializers]
/home/myl/optix7.6/NVIDIA-OptiX-SDK-7.6.0-linux64-x86_64/include/optix_stubs.h:256:36: warning: missing initializer for member ‘OptixFunctionTable::optixDenoiserSetup’ [-Wmissing-field-initializers]
/home/myl/optix7.6/NVIDIA-OptiX-SDK-7.6.0-linux64-x86_64/include/optix_stubs.h:256:36: warning: missing initializer for member ‘OptixFunctionTable::optixDenoiserInvoke’ [-Wmissing-field-initializers]
/home/myl/optix7.6/NVIDIA-OptiX-SDK-7.6.0-linux64-x86_64/include/optix_stubs.h:256:36: warning: missing initializer for member ‘OptixFunctionTable::optixDenoiserComputeIntensity’ [-Wmissing-field-initializers]
/home/myl/optix7.6/NVIDIA-OptiX-SDK-7.6.0-linux64-x86_64/include/optix_stubs.h:256:36: warning: missing initializer for member ‘OptixFunctionTable::optixDenoiserComputeAverageColor’ [-Wmissing-field-initializers]
/home/myl/optix7.6/NVIDIA-OptiX-SDK-7.6.0-linux64-x86_64/include/optix_stubs.h:256:36: warning: missing initializer for member ‘OptixFunctionTable::optixDenoiserCreateWithUserModel’ [-Wmissing-field-initializers]
/home/myl/cache_search/cache/page_cache.cu:29: warning: "CUDA_CHECK" redefined
   29 | #define CUDA_CHECK(expr) cuda_check((expr), #expr, __FILE__, __LINE__)
      | 
In file included from /home/myl/cache_search/cache/../head.h:21,
                 from /home/myl/cache_search/cache/page_cache.h:7,
                 from /home/myl/cache_search/cache/page_cache.cu:1:
/home/myl/cache_search/cache/../helper.h:14: note: this is the location of the previous definition
   14 | #define CUDA_CHECK(call)                                                   \
      | 
/home/myl/cache_search/cache/page_cache.cu:29: warning: "CUDA_CHECK" redefined
   29 | #define CUDA_CHECK(expr) cuda_check((expr), #expr, __FILE__, __LINE__)
      | 
In file included from /home/myl/cache_search/cache/../head.h:21,
                 from /home/myl/cache_search/cache/page_cache.h:7,
                 from /home/myl/cache_search/cache/page_cache.cu:1:
/home/myl/cache_search/cache/../helper.h:14: note: this is the location of the previous definition
   14 | #define CUDA_CHECK(call)                                                   \
      | 
In file included from /home/myl/cache_search/graph.h:3,
                 from /home/myl/cache_search/main.cpp:3:
/home/myl/cache_search/pca/pca.h: In constructor ‘PCA::PCA(float*, uint, uint)’:
/home/myl/cache_search/pca/pca.h:17:23: warning: comparison of integer expressions of different signedness: ‘int’ and ‘uint’ {aka ‘unsigned int’} [-Wsign-compare]
   17 |     for (int i = 0; i < nb; i++) {
      |                     ~~^~~~
/home/myl/cache_search/pca/pca.h:18:25: warning: comparison of integer expressions of different signedness: ‘int’ and ‘uint’ {aka ‘unsigned int’} [-Wsign-compare]
   18 |       for (int j = 0; j < dim; j++) {
      |                       ~~^~~~~
/home/myl/cache_search/main.cpp: In function ‘int main(int, char**)’:
/home/myl/cache_search/main.cpp:91:9: warning: unused variable ‘datafile’ [-Wunused-variable]
   91 |   char* datafile = (char*)FLAGS_data_path.c_str();
      |         ^~~~~~~~
/home/myl/cache_search/main.cpp:92:9: warning: unused variable ‘queryfile’ [-Wunused-variable]
   92 |   char* queryfile = (char*)FLAGS_query_path.c_str();
      |         ^~~~~~~~~
/home/myl/cache_search/main.cpp:93:9: warning: unused variable ‘gtfile’ [-Wunused-variable]
   93 |   char* gtfile = (char*)FLAGS_gt_path.c_str();
      |         ^~~~~~
/home/myl/cache_search/file_read.cu(138): warning #1650-D: result of call is not used
    fscanf(file, "%d %d", &n, &d);
    ^

Remark: The warnings can be suppressed with "-diag-suppress <warning-number>"

/home/myl/cache_search/file_read.cu(142): warning #1650-D: result of call is not used
        fscanf(file, "%f,", &data[i * d + j]);
        ^

/home/myl/cache_search/file_read.cu(144): warning #1650-D: result of call is not used
      fscanf(file, "%f", &data[i * d + d - 1]);
      ^

/home/myl/cache_search/file_read.cu(206): warning #1650-D: result of call is not used
    fread(&d, sizeof(d), 1, file);
    ^

/home/myl/cache_search/file_read.cu(208): warning #1650-D: result of call is not used
    fread(data_ptr, sizeof(float), n*d, file);
    ^

/home/myl/cache_search/file_read.cu(138): warning #1650-D: result of call is not used
    fscanf(file, "%d %d", &n, &d);
    ^

Remark: The warnings can be suppressed with "-diag-suppress <warning-number>"

/home/myl/cache_search/file_read.cu(142): warning #1650-D: result of call is not used
        fscanf(file, "%f,", &data[i * d + j]);
        ^

/home/myl/cache_search/file_read.cu(144): warning #1650-D: result of call is not used
      fscanf(file, "%f", &data[i * d + d - 1]);
      ^

/home/myl/cache_search/file_read.cu(206): warning #1650-D: result of call is not used
    fread(&d, sizeof(d), 1, file);
    ^

/home/myl/cache_search/file_read.cu(208): warning #1650-D: result of call is not used
    fread(data_ptr, sizeof(float), n*d, file);
    ^

/home/myl/cache_search/graph_search.cuh(167): warning #177-D: variable "random_entry_seed" was declared but never referenced
    uint random_entry_seed = b_id*blockSize + t_id;
         ^

Remark: The warnings can be suppressed with "-diag-suppress <warning-number>"

/home/myl/cache_search/graph_helper.cu(222): warning #177-D: variable "max_threads" was declared but never referenced
    int max_threads = 64;
        ^

Remark: The warnings can be suppressed with "-diag-suppress <warning-number>"

/home/myl/cache_search/file_read.cu(138): warning #1650-D: result of call is not used
    fscanf(file, "%d %d", &n, &d);
    ^

Remark: The warnings can be suppressed with "-diag-suppress <warning-number>"

/home/myl/cache_search/file_read.cu(142): warning #1650-D: result of call is not used
        fscanf(file, "%f,", &data[i * d + j]);
        ^

/home/myl/cache_search/file_read.cu(144): warning #1650-D: result of call is not used
      fscanf(file, "%f", &data[i * d + d - 1]);
      ^

/home/myl/cache_search/file_read.cu(206): warning #1650-D: result of call is not used
    fread(&d, sizeof(d), 1, file);
    ^

/home/myl/cache_search/file_read.cu(208): warning #1650-D: result of call is not used
    fread(data_ptr, sizeof(float), n*d, file);
    ^

/home/myl/cache_search/graph_helper.cu(222): warning #177-D: variable "max_threads" was declared but never referenced
    int max_threads = 64;
        ^

Remark: The warnings can be suppressed with "-diag-suppress <warning-number>"

/home/myl/cache_search/file_read.cu: In static member function ‘static void file_read::read_txt_file(const char*, int&, int&, thrust::host_vector<float>&)’:
/home/myl/cache_search/file_read.cu:138:7: warning: ignoring return value of ‘int fscanf(FILE*, const char*, ...)’ declared with attribute ‘warn_unused_result’ [-Wunused-result]
  138 |   fscanf(file, "%d %d", &n, &d);
      |   ~~~~^~~~~~~~~~~~~~~~~~~~~~~
/home/myl/cache_search/file_read.cu:142:7: warning: ignoring return value of ‘int fscanf(FILE*, const char*, ...)’ declared with attribute ‘warn_unused_result’ [-Wunused-result]
  142 |       fscanf(file, "%f,", &data[i * d + j]);
      |       ^~~~~~~~~~~~~~~~~~~~~~~~~~~~~~~~~
/home/myl/cache_search/file_read.cu:144:7: warning: ignoring return value of ‘int fscanf(FILE*, const char*, ...)’ declared with attribute ‘warn_unused_result’ [-Wunused-result]
  144 |     fscanf(file, "%f", &data[i * d + d - 1]);
      |     ~~^~~~~~~~~~~~~~~~~~~~~~~~~~~~~~~~~~~~~~
/home/myl/cache_search/file_read.cu: In static member function ‘static void file_read::read_hvecs_file(const char*, int&, int&, thrust::host_vector<float>&)’:
/home/myl/cache_search/file_read.cu:206:6: warning: ignoring return value of ‘size_t fread(void*, size_t, size_t, FILE*)’ declared with attribute ‘warn_unused_result’ [-Wunused-result]
  206 |   fread(&d, sizeof(d), 1, file);
      |   ~~~^~~~~~~~~~~~~~~~~~~~~~~
/home/myl/cache_search/file_read.cu:208:6: warning: ignoring return value of ‘size_t fread(void*, size_t, size_t, FILE*)’ declared with attribute ‘warn_unused_result’ [-Wunused-result]
  208 |   fread(data_ptr, sizeof(float), n*d, file);
      |   ~~~^~~~~~~~~~~~~~~~~~~~~~~~~~~~~~~~~~~~~~
/home/myl/cache_search/graph_search.cuh(167): warning #177-D: variable "random_entry_seed" was declared but never referenced
    uint random_entry_seed = b_id*blockSize + t_id;
         ^

Remark: The warnings can be suppressed with "-diag-suppress <warning-number>"

[ 73%] Linking CXX executable /home/myl/cache_search/bin/test
[100%] Built target test
正在运行 ./test --ALGO=1 --topk=0 --n_candidates=1024 --expand_ratio=0.2 --point_ratio=0.00001024 --search_width=4 --t=50 --n_cluster=1000  --max_iter=1000 ...
Total GPUs visible: 6, using [3]: NVIDIA L40
Available Memory: 44940 MB, Total Memory: 45372 MB
Shared memory per block: 49152 bytes
Shared memory per SM   : 102400 bytes
Shared memory per block (optin): 101376 bytes
Input
n = 10000, d = 128
np = 100000000, dim = 128
Cluster number: 10000
Centroids read successfully
Input: copy points to device
Input: finish copy points to device
degree = 64
RB_Graph: finish read or build graph
Projection: reading pca base file /mnt/IntelP5520_8T_1/myl/cache_search/data/sift100M/rotated_base.fbin
read PCA file
sizeof_points = 12800000000
Projection: finish reading pca base file
BlockUp function
reading AABB from file /mnt/IntelP5520_8T_1/myl/cache_search/data/sift100M/1024_0.aabbs
Create context
Create module
Create program groups
Create pipeline
Create SBT
BVH Building Time = 0.458720 ms
batch_size = 5
time build_query_batches: 0.048822 ms
time pca projection: 0.134336 ms
time rt_entry search: 0.088407 ms
time graph search: 40760.2 ms
compute_dim = 19133600220
compute_dis = 546674292
average dimensions per distance computation = 35
time total search time: 40760.5 ms
checking results...
gt_k = 1000
recall1@1024 = 0.999400
recall10@1024 = 0.996840
recall100@1024 = 0.959523
recall1000@1024 = 0.563759
Free memory: 6542 MB
Total memory: 45372 MB
Used memory: 38830 MB
Clean up RT ...
Finish cleaning up RT
完成 DIM = 35 的测试

==================================================
正在处理: DIM = 34
==================================================
[ 13%] Built target compute_pca
[ 17%] Building NVCC ptx file cuda_compile_ptx_1_generated_devicePrograms.cu.ptx
[ 21%] compiling (and embedding ptx from) devicePrograms.cu
[ 26%] Building C object CMakeFiles/test.dir/cuda_compile_ptx_1_generated_devicePrograms.cu.ptx_embedded.c.o
[ 30%] Building CXX object CMakeFiles/test.dir/main.cpp.o
[ 34%] Building CUDA object CMakeFiles/test.dir/aabb.cu.o
[ 39%] Building CUDA object CMakeFiles/test.dir/entry.cu.o
[ 43%] Building CUDA object CMakeFiles/test.dir/entry_helper.cu.o
[ 47%] Building CUDA object CMakeFiles/test.dir/matrix.cu.o
[ 52%] Building CUDA object CMakeFiles/test.dir/file_read.cu.o
nvcc warning : incompatible redefinition for option 'std', the last value of this option was used
[ 56%] Building CXX object CMakeFiles/test.dir/raytracing.cpp.o
nvcc warning : incompatible redefinition for option 'std', the last value of this option was used
nvcc warning : incompatible redefinition for option 'std', the last value of this option was used
[ 60%] Building CUDA object CMakeFiles/test.dir/graph.cu.o
nvcc warning : incompatible redefinition for option 'std', the last value of this option was used
[ 65%] Building CUDA object CMakeFiles/test.dir/graph_helper.cu.o
nvcc warning : incompatible redefinition for option 'std', the last value of this option was used
[ 69%] Building CUDA object CMakeFiles/test.dir/cache/page_cache.cu.o
nvcc warning : incompatible redefinition for option 'std', the last value of this option was used
nvcc warning : incompatible redefinition for option 'std', the last value of this option was used
nvcc warning : incompatible redefinition for option 'std', the last value of this option was used
In file included from /home/myl/cache_search/head.h:3,
                 from /home/myl/cache_search/raytracing.h:3,
                 from /home/myl/cache_search/raytracing.cpp:2:
/home/myl/optix7.6/NVIDIA-OptiX-SDK-7.6.0-linux64-x86_64/include/optix_stubs.h: In function ‘OptixResult optixUninitWithHandle(void*)’:
/home/myl/optix7.6/NVIDIA-OptiX-SDK-7.6.0-linux64-x86_64/include/optix_stubs.h:256:36: warning: missing initializer for member ‘OptixFunctionTable::optixGetErrorString’ [-Wmissing-field-initializers]
  256 |     OptixFunctionTable empty = { 0 };
      |                                    ^
/home/myl/optix7.6/NVIDIA-OptiX-SDK-7.6.0-linux64-x86_64/include/optix_stubs.h:256:36: warning: missing initializer for member ‘OptixFunctionTable::optixDeviceContextCreate’ [-Wmissing-field-initializers]
/home/myl/optix7.6/NVIDIA-OptiX-SDK-7.6.0-linux64-x86_64/include/optix_stubs.h:256:36: warning: missing initializer for member ‘OptixFunctionTable::optixDeviceContextDestroy’ [-Wmissing-field-initializers]
/home/myl/optix7.6/NVIDIA-OptiX-SDK-7.6.0-linux64-x86_64/include/optix_stubs.h:256:36: warning: missing initializer for member ‘OptixFunctionTable::optixDeviceContextGetProperty’ [-Wmissing-field-initializers]
/home/myl/optix7.6/NVIDIA-OptiX-SDK-7.6.0-linux64-x86_64/include/optix_stubs.h:256:36: warning: missing initializer for member ‘OptixFunctionTable::optixDeviceContextSetLogCallback’ [-Wmissing-field-initializers]
/home/myl/optix7.6/NVIDIA-OptiX-SDK-7.6.0-linux64-x86_64/include/optix_stubs.h:256:36: warning: missing initializer for member ‘OptixFunctionTable::optixDeviceContextSetCacheEnabled’ [-Wmissing-field-initializers]
/home/myl/optix7.6/NVIDIA-OptiX-SDK-7.6.0-linux64-x86_64/include/optix_stubs.h:256:36: warning: missing initializer for member ‘OptixFunctionTable::optixDeviceContextSetCacheLocation’ [-Wmissing-field-initializers]
/home/myl/optix7.6/NVIDIA-OptiX-SDK-7.6.0-linux64-x86_64/include/optix_stubs.h:256:36: warning: missing initializer for member ‘OptixFunctionTable::optixDeviceContextSetCacheDatabaseSizes’ [-Wmissing-field-initializers]
/home/myl/optix7.6/NVIDIA-OptiX-SDK-7.6.0-linux64-x86_64/include/optix_stubs.h:256:36: warning: missing initializer for member ‘OptixFunctionTable::optixDeviceContextGetCacheEnabled’ [-Wmissing-field-initializers]
/home/myl/optix7.6/NVIDIA-OptiX-SDK-7.6.0-linux64-x86_64/include/optix_stubs.h:256:36: warning: missing initializer for member ‘OptixFunctionTable::optixDeviceContextGetCacheLocation’ [-Wmissing-field-initializers]
/home/myl/optix7.6/NVIDIA-OptiX-SDK-7.6.0-linux64-x86_64/include/optix_stubs.h:256:36: warning: missing initializer for member ‘OptixFunctionTable::optixDeviceContextGetCacheDatabaseSizes’ [-Wmissing-field-initializers]
/home/myl/optix7.6/NVIDIA-OptiX-SDK-7.6.0-linux64-x86_64/include/optix_stubs.h:256:36: warning: missing initializer for member ‘OptixFunctionTable::optixModuleCreateFromPTX’ [-Wmissing-field-initializers]
/home/myl/optix7.6/NVIDIA-OptiX-SDK-7.6.0-linux64-x86_64/include/optix_stubs.h:256:36: warning: missing initializer for member ‘OptixFunctionTable::optixModuleCreateFromPTXWithTasks’ [-Wmissing-field-initializers]
/home/myl/optix7.6/NVIDIA-OptiX-SDK-7.6.0-linux64-x86_64/include/optix_stubs.h:256:36: warning: missing initializer for member ‘OptixFunctionTable::optixModuleGetCompilationState’ [-Wmissing-field-initializers]
/home/myl/optix7.6/NVIDIA-OptiX-SDK-7.6.0-linux64-x86_64/include/optix_stubs.h:256:36: warning: missing initializer for member ‘OptixFunctionTable::optixModuleDestroy’ [-Wmissing-field-initializers]
/home/myl/optix7.6/NVIDIA-OptiX-SDK-7.6.0-linux64-x86_64/include/optix_stubs.h:256:36: warning: missing initializer for member ‘OptixFunctionTable::optixBuiltinISModuleGet’ [-Wmissing-field-initializers]
/home/myl/optix7.6/NVIDIA-OptiX-SDK-7.6.0-linux64-x86_64/include/optix_stubs.h:256:36: warning: missing initializer for member ‘OptixFunctionTable::optixTaskExecute’ [-Wmissing-field-initializers]
/home/myl/optix7.6/NVIDIA-OptiX-SDK-7.6.0-linux64-x86_64/include/optix_stubs.h:256:36: warning: missing initializer for member ‘OptixFunctionTable::optixProgramGroupCreate’ [-Wmissing-field-initializers]
/home/myl/optix7.6/NVIDIA-OptiX-SDK-7.6.0-linux64-x86_64/include/optix_stubs.h:256:36: warning: missing initializer for member ‘OptixFunctionTable::optixProgramGroupDestroy’ [-Wmissing-field-initializers]
/home/myl/optix7.6/NVIDIA-OptiX-SDK-7.6.0-linux64-x86_64/include/optix_stubs.h:256:36: warning: missing initializer for member ‘OptixFunctionTable::optixProgramGroupGetStackSize’ [-Wmissing-field-initializers]
/home/myl/optix7.6/NVIDIA-OptiX-SDK-7.6.0-linux64-x86_64/include/optix_stubs.h:256:36: warning: missing initializer for member ‘OptixFunctionTable::optixPipelineCreate’ [-Wmissing-field-initializers]
/home/myl/optix7.6/NVIDIA-OptiX-SDK-7.6.0-linux64-x86_64/include/optix_stubs.h:256:36: warning: missing initializer for member ‘OptixFunctionTable::optixPipelineDestroy’ [-Wmissing-field-initializers]
/home/myl/optix7.6/NVIDIA-OptiX-SDK-7.6.0-linux64-x86_64/include/optix_stubs.h:256:36: warning: missing initializer for member ‘OptixFunctionTable::optixPipelineSetStackSize’ [-Wmissing-field-initializers]
/home/myl/optix7.6/NVIDIA-OptiX-SDK-7.6.0-linux64-x86_64/include/optix_stubs.h:256:36: warning: missing initializer for member ‘OptixFunctionTable::optixAccelComputeMemoryUsage’ [-Wmissing-field-initializers]
/home/myl/optix7.6/NVIDIA-OptiX-SDK-7.6.0-linux64-x86_64/include/optix_stubs.h:256:36: warning: missing initializer for member ‘OptixFunctionTable::optixAccelBuild’ [-Wmissing-field-initializers]
/home/myl/optix7.6/NVIDIA-OptiX-SDK-7.6.0-linux64-x86_64/include/optix_stubs.h:256:36: warning: missing initializer for member ‘OptixFunctionTable::optixAccelGetRelocationInfo’ [-Wmissing-field-initializers]
/home/myl/optix7.6/NVIDIA-OptiX-SDK-7.6.0-linux64-x86_64/include/optix_stubs.h:256:36: warning: missing initializer for member ‘OptixFunctionTable::optixCheckRelocationCompatibility’ [-Wmissing-field-initializers]
/home/myl/optix7.6/NVIDIA-OptiX-SDK-7.6.0-linux64-x86_64/include/optix_stubs.h:256:36: warning: missing initializer for member ‘OptixFunctionTable::optixAccelRelocate’ [-Wmissing-field-initializers]
/home/myl/optix7.6/NVIDIA-OptiX-SDK-7.6.0-linux64-x86_64/include/optix_stubs.h:256:36: warning: missing initializer for member ‘OptixFunctionTable::optixAccelCompact’ [-Wmissing-field-initializers]
/home/myl/optix7.6/NVIDIA-OptiX-SDK-7.6.0-linux64-x86_64/include/optix_stubs.h:256:36: warning: missing initializer for member ‘OptixFunctionTable::optixConvertPointerToTraversableHandle’ [-Wmissing-field-initializers]
/home/myl/optix7.6/NVIDIA-OptiX-SDK-7.6.0-linux64-x86_64/include/optix_stubs.h:256:36: warning: missing initializer for member ‘OptixFunctionTable::optixOpacityMicromapArrayComputeMemoryUsage’ [-Wmissing-field-initializers]
/home/myl/optix7.6/NVIDIA-OptiX-SDK-7.6.0-linux64-x86_64/include/optix_stubs.h:256:36: warning: missing initializer for member ‘OptixFunctionTable::optixOpacityMicromapArrayBuild’ [-Wmissing-field-initializers]
/home/myl/optix7.6/NVIDIA-OptiX-SDK-7.6.0-linux64-x86_64/include/optix_stubs.h:256:36: warning: missing initializer for member ‘OptixFunctionTable::optixOpacityMicromapArrayGetRelocationInfo’ [-Wmissing-field-initializers]
/home/myl/optix7.6/NVIDIA-OptiX-SDK-7.6.0-linux64-x86_64/include/optix_stubs.h:256:36: warning: missing initializer for member ‘OptixFunctionTable::optixOpacityMicromapArrayRelocate’ [-Wmissing-field-initializers]
/home/myl/optix7.6/NVIDIA-OptiX-SDK-7.6.0-linux64-x86_64/include/optix_stubs.h:256:36: warning: missing initializer for member ‘OptixFunctionTable::reserved1’ [-Wmissing-field-initializers]
/home/myl/optix7.6/NVIDIA-OptiX-SDK-7.6.0-linux64-x86_64/include/optix_stubs.h:256:36: warning: missing initializer for member ‘OptixFunctionTable::reserved2’ [-Wmissing-field-initializers]
/home/myl/optix7.6/NVIDIA-OptiX-SDK-7.6.0-linux64-x86_64/include/optix_stubs.h:256:36: warning: missing initializer for member ‘OptixFunctionTable::optixSbtRecordPackHeader’ [-Wmissing-field-initializers]
/home/myl/optix7.6/NVIDIA-OptiX-SDK-7.6.0-linux64-x86_64/include/optix_stubs.h:256:36: warning: missing initializer for member ‘OptixFunctionTable::optixLaunch’ [-Wmissing-field-initializers]
/home/myl/optix7.6/NVIDIA-OptiX-SDK-7.6.0-linux64-x86_64/include/optix_stubs.h:256:36: warning: missing initializer for member ‘OptixFunctionTable::optixDenoiserCreate’ [-Wmissing-field-initializers]
/home/myl/optix7.6/NVIDIA-OptiX-SDK-7.6.0-linux64-x86_64/include/optix_stubs.h:256:36: warning: missing initializer for member ‘OptixFunctionTable::optixDenoiserDestroy’ [-Wmissing-field-initializers]
/home/myl/optix7.6/NVIDIA-OptiX-SDK-7.6.0-linux64-x86_64/include/optix_stubs.h:256:36: warning: missing initializer for member ‘OptixFunctionTable::optixDenoiserComputeMemoryResources’ [-Wmissing-field-initializers]
/home/myl/optix7.6/NVIDIA-OptiX-SDK-7.6.0-linux64-x86_64/include/optix_stubs.h:256:36: warning: missing initializer for member ‘OptixFunctionTable::optixDenoiserSetup’ [-Wmissing-field-initializers]
/home/myl/optix7.6/NVIDIA-OptiX-SDK-7.6.0-linux64-x86_64/include/optix_stubs.h:256:36: warning: missing initializer for member ‘OptixFunctionTable::optixDenoiserInvoke’ [-Wmissing-field-initializers]
/home/myl/optix7.6/NVIDIA-OptiX-SDK-7.6.0-linux64-x86_64/include/optix_stubs.h:256:36: warning: missing initializer for member ‘OptixFunctionTable::optixDenoiserComputeIntensity’ [-Wmissing-field-initializers]
/home/myl/optix7.6/NVIDIA-OptiX-SDK-7.6.0-linux64-x86_64/include/optix_stubs.h:256:36: warning: missing initializer for member ‘OptixFunctionTable::optixDenoiserComputeAverageColor’ [-Wmissing-field-initializers]
/home/myl/optix7.6/NVIDIA-OptiX-SDK-7.6.0-linux64-x86_64/include/optix_stubs.h:256:36: warning: missing initializer for member ‘OptixFunctionTable::optixDenoiserCreateWithUserModel’ [-Wmissing-field-initializers]
/home/myl/cache_search/cache/page_cache.cu:29: warning: "CUDA_CHECK" redefined
   29 | #define CUDA_CHECK(expr) cuda_check((expr), #expr, __FILE__, __LINE__)
      | 
In file included from /home/myl/cache_search/cache/../head.h:21,
                 from /home/myl/cache_search/cache/page_cache.h:7,
                 from /home/myl/cache_search/cache/page_cache.cu:1:
/home/myl/cache_search/cache/../helper.h:14: note: this is the location of the previous definition
   14 | #define CUDA_CHECK(call)                                                   \
      | 
In file included from /home/myl/cache_search/head.h:3,
                 from /home/myl/cache_search/entry.h:8,
                 from /home/myl/cache_search/graph.h:2,
                 from /home/myl/cache_search/main.cpp:3:
/home/myl/optix7.6/NVIDIA-OptiX-SDK-7.6.0-linux64-x86_64/include/optix_stubs.h: In function ‘OptixResult optixUninitWithHandle(void*)’:
/home/myl/optix7.6/NVIDIA-OptiX-SDK-7.6.0-linux64-x86_64/include/optix_stubs.h:256:36: warning: missing initializer for member ‘OptixFunctionTable::optixGetErrorString’ [-Wmissing-field-initializers]
  256 |     OptixFunctionTable empty = { 0 };
      |                                    ^
/home/myl/optix7.6/NVIDIA-OptiX-SDK-7.6.0-linux64-x86_64/include/optix_stubs.h:256:36: warning: missing initializer for member ‘OptixFunctionTable::optixDeviceContextCreate’ [-Wmissing-field-initializers]
/home/myl/optix7.6/NVIDIA-OptiX-SDK-7.6.0-linux64-x86_64/include/optix_stubs.h:256:36: warning: missing initializer for member ‘OptixFunctionTable::optixDeviceContextDestroy’ [-Wmissing-field-initializers]
/home/myl/optix7.6/NVIDIA-OptiX-SDK-7.6.0-linux64-x86_64/include/optix_stubs.h:256:36: warning: missing initializer for member ‘OptixFunctionTable::optixDeviceContextGetProperty’ [-Wmissing-field-initializers]
/home/myl/optix7.6/NVIDIA-OptiX-SDK-7.6.0-linux64-x86_64/include/optix_stubs.h:256:36: warning: missing initializer for member ‘OptixFunctionTable::optixDeviceContextSetLogCallback’ [-Wmissing-field-initializers]
/home/myl/optix7.6/NVIDIA-OptiX-SDK-7.6.0-linux64-x86_64/include/optix_stubs.h:256:36: warning: missing initializer for member ‘OptixFunctionTable::optixDeviceContextSetCacheEnabled’ [-Wmissing-field-initializers]
/home/myl/optix7.6/NVIDIA-OptiX-SDK-7.6.0-linux64-x86_64/include/optix_stubs.h:256:36: warning: missing initializer for member ‘OptixFunctionTable::optixDeviceContextSetCacheLocation’ [-Wmissing-field-initializers]
/home/myl/optix7.6/NVIDIA-OptiX-SDK-7.6.0-linux64-x86_64/include/optix_stubs.h:256:36: warning: missing initializer for member ‘OptixFunctionTable::optixDeviceContextSetCacheDatabaseSizes’ [-Wmissing-field-initializers]
/home/myl/optix7.6/NVIDIA-OptiX-SDK-7.6.0-linux64-x86_64/include/optix_stubs.h:256:36: warning: missing initializer for member ‘OptixFunctionTable::optixDeviceContextGetCacheEnabled’ [-Wmissing-field-initializers]
/home/myl/optix7.6/NVIDIA-OptiX-SDK-7.6.0-linux64-x86_64/include/optix_stubs.h:256:36: warning: missing initializer for member ‘OptixFunctionTable::optixDeviceContextGetCacheLocation’ [-Wmissing-field-initializers]
/home/myl/optix7.6/NVIDIA-OptiX-SDK-7.6.0-linux64-x86_64/include/optix_stubs.h:256:36: warning: missing initializer for member ‘OptixFunctionTable::optixDeviceContextGetCacheDatabaseSizes’ [-Wmissing-field-initializers]
/home/myl/optix7.6/NVIDIA-OptiX-SDK-7.6.0-linux64-x86_64/include/optix_stubs.h:256:36: warning: missing initializer for member ‘OptixFunctionTable::optixModuleCreateFromPTX’ [-Wmissing-field-initializers]
/home/myl/optix7.6/NVIDIA-OptiX-SDK-7.6.0-linux64-x86_64/include/optix_stubs.h:256:36: warning: missing initializer for member ‘OptixFunctionTable::optixModuleCreateFromPTXWithTasks’ [-Wmissing-field-initializers]
/home/myl/optix7.6/NVIDIA-OptiX-SDK-7.6.0-linux64-x86_64/include/optix_stubs.h:256:36: warning: missing initializer for member ‘OptixFunctionTable::optixModuleGetCompilationState’ [-Wmissing-field-initializers]
/home/myl/optix7.6/NVIDIA-OptiX-SDK-7.6.0-linux64-x86_64/include/optix_stubs.h:256:36: warning: missing initializer for member ‘OptixFunctionTable::optixModuleDestroy’ [-Wmissing-field-initializers]
/home/myl/optix7.6/NVIDIA-OptiX-SDK-7.6.0-linux64-x86_64/include/optix_stubs.h:256:36: warning: missing initializer for member ‘OptixFunctionTable::optixBuiltinISModuleGet’ [-Wmissing-field-initializers]
/home/myl/optix7.6/NVIDIA-OptiX-SDK-7.6.0-linux64-x86_64/include/optix_stubs.h:256:36: warning: missing initializer for member ‘OptixFunctionTable::optixTaskExecute’ [-Wmissing-field-initializers]
/home/myl/optix7.6/NVIDIA-OptiX-SDK-7.6.0-linux64-x86_64/include/optix_stubs.h:256:36: warning: missing initializer for member ‘OptixFunctionTable::optixProgramGroupCreate’ [-Wmissing-field-initializers]
/home/myl/optix7.6/NVIDIA-OptiX-SDK-7.6.0-linux64-x86_64/include/optix_stubs.h:256:36: warning: missing initializer for member ‘OptixFunctionTable::optixProgramGroupDestroy’ [-Wmissing-field-initializers]
/home/myl/optix7.6/NVIDIA-OptiX-SDK-7.6.0-linux64-x86_64/include/optix_stubs.h:256:36: warning: missing initializer for member ‘OptixFunctionTable::optixProgramGroupGetStackSize’ [-Wmissing-field-initializers]
/home/myl/optix7.6/NVIDIA-OptiX-SDK-7.6.0-linux64-x86_64/include/optix_stubs.h:256:36: warning: missing initializer for member ‘OptixFunctionTable::optixPipelineCreate’ [-Wmissing-field-initializers]
/home/myl/optix7.6/NVIDIA-OptiX-SDK-7.6.0-linux64-x86_64/include/optix_stubs.h:256:36: warning: missing initializer for member ‘OptixFunctionTable::optixPipelineDestroy’ [-Wmissing-field-initializers]
/home/myl/optix7.6/NVIDIA-OptiX-SDK-7.6.0-linux64-x86_64/include/optix_stubs.h:256:36: warning: missing initializer for member ‘OptixFunctionTable::optixPipelineSetStackSize’ [-Wmissing-field-initializers]
/home/myl/optix7.6/NVIDIA-OptiX-SDK-7.6.0-linux64-x86_64/include/optix_stubs.h:256:36: warning: missing initializer for member ‘OptixFunctionTable::optixAccelComputeMemoryUsage’ [-Wmissing-field-initializers]
/home/myl/optix7.6/NVIDIA-OptiX-SDK-7.6.0-linux64-x86_64/include/optix_stubs.h:256:36: warning: missing initializer for member ‘OptixFunctionTable::optixAccelBuild’ [-Wmissing-field-initializers]
/home/myl/optix7.6/NVIDIA-OptiX-SDK-7.6.0-linux64-x86_64/include/optix_stubs.h:256:36: warning: missing initializer for member ‘OptixFunctionTable::optixAccelGetRelocationInfo’ [-Wmissing-field-initializers]
/home/myl/optix7.6/NVIDIA-OptiX-SDK-7.6.0-linux64-x86_64/include/optix_stubs.h:256:36: warning: missing initializer for member ‘OptixFunctionTable::optixCheckRelocationCompatibility’ [-Wmissing-field-initializers]
/home/myl/optix7.6/NVIDIA-OptiX-SDK-7.6.0-linux64-x86_64/include/optix_stubs.h:256:36: warning: missing initializer for member ‘OptixFunctionTable::optixAccelRelocate’ [-Wmissing-field-initializers]
/home/myl/optix7.6/NVIDIA-OptiX-SDK-7.6.0-linux64-x86_64/include/optix_stubs.h:256:36: warning: missing initializer for member ‘OptixFunctionTable::optixAccelCompact’ [-Wmissing-field-initializers]
/home/myl/optix7.6/NVIDIA-OptiX-SDK-7.6.0-linux64-x86_64/include/optix_stubs.h:256:36: warning: missing initializer for member ‘OptixFunctionTable::optixConvertPointerToTraversableHandle’ [-Wmissing-field-initializers]
/home/myl/optix7.6/NVIDIA-OptiX-SDK-7.6.0-linux64-x86_64/include/optix_stubs.h:256:36: warning: missing initializer for member ‘OptixFunctionTable::optixOpacityMicromapArrayComputeMemoryUsage’ [-Wmissing-field-initializers]
/home/myl/optix7.6/NVIDIA-OptiX-SDK-7.6.0-linux64-x86_64/include/optix_stubs.h:256:36: warning: missing initializer for member ‘OptixFunctionTable::optixOpacityMicromapArrayBuild’ [-Wmissing-field-initializers]
/home/myl/optix7.6/NVIDIA-OptiX-SDK-7.6.0-linux64-x86_64/include/optix_stubs.h:256:36: warning: missing initializer for member ‘OptixFunctionTable::optixOpacityMicromapArrayGetRelocationInfo’ [-Wmissing-field-initializers]
/home/myl/optix7.6/NVIDIA-OptiX-SDK-7.6.0-linux64-x86_64/include/optix_stubs.h:256:36: warning: missing initializer for member ‘OptixFunctionTable::optixOpacityMicromapArrayRelocate’ [-Wmissing-field-initializers]
/home/myl/optix7.6/NVIDIA-OptiX-SDK-7.6.0-linux64-x86_64/include/optix_stubs.h:256:36: warning: missing initializer for member ‘OptixFunctionTable::reserved1’ [-Wmissing-field-initializers]
/home/myl/optix7.6/NVIDIA-OptiX-SDK-7.6.0-linux64-x86_64/include/optix_stubs.h:256:36: warning: missing initializer for member ‘OptixFunctionTable::reserved2’ [-Wmissing-field-initializers]
/home/myl/optix7.6/NVIDIA-OptiX-SDK-7.6.0-linux64-x86_64/include/optix_stubs.h:256:36: warning: missing initializer for member ‘OptixFunctionTable::optixSbtRecordPackHeader’ [-Wmissing-field-initializers]
/home/myl/optix7.6/NVIDIA-OptiX-SDK-7.6.0-linux64-x86_64/include/optix_stubs.h:256:36: warning: missing initializer for member ‘OptixFunctionTable::optixLaunch’ [-Wmissing-field-initializers]
/home/myl/optix7.6/NVIDIA-OptiX-SDK-7.6.0-linux64-x86_64/include/optix_stubs.h:256:36: warning: missing initializer for member ‘OptixFunctionTable::optixDenoiserCreate’ [-Wmissing-field-initializers]
/home/myl/optix7.6/NVIDIA-OptiX-SDK-7.6.0-linux64-x86_64/include/optix_stubs.h:256:36: warning: missing initializer for member ‘OptixFunctionTable::optixDenoiserDestroy’ [-Wmissing-field-initializers]
/home/myl/optix7.6/NVIDIA-OptiX-SDK-7.6.0-linux64-x86_64/include/optix_stubs.h:256:36: warning: missing initializer for member ‘OptixFunctionTable::optixDenoiserComputeMemoryResources’ [-Wmissing-field-initializers]
/home/myl/optix7.6/NVIDIA-OptiX-SDK-7.6.0-linux64-x86_64/include/optix_stubs.h:256:36: warning: missing initializer for member ‘OptixFunctionTable::optixDenoiserSetup’ [-Wmissing-field-initializers]
/home/myl/optix7.6/NVIDIA-OptiX-SDK-7.6.0-linux64-x86_64/include/optix_stubs.h:256:36: warning: missing initializer for member ‘OptixFunctionTable::optixDenoiserInvoke’ [-Wmissing-field-initializers]
/home/myl/optix7.6/NVIDIA-OptiX-SDK-7.6.0-linux64-x86_64/include/optix_stubs.h:256:36: warning: missing initializer for member ‘OptixFunctionTable::optixDenoiserComputeIntensity’ [-Wmissing-field-initializers]
/home/myl/optix7.6/NVIDIA-OptiX-SDK-7.6.0-linux64-x86_64/include/optix_stubs.h:256:36: warning: missing initializer for member ‘OptixFunctionTable::optixDenoiserComputeAverageColor’ [-Wmissing-field-initializers]
/home/myl/optix7.6/NVIDIA-OptiX-SDK-7.6.0-linux64-x86_64/include/optix_stubs.h:256:36: warning: missing initializer for member ‘OptixFunctionTable::optixDenoiserCreateWithUserModel’ [-Wmissing-field-initializers]
/home/myl/cache_search/cache/page_cache.cu:29: warning: "CUDA_CHECK" redefined
   29 | #define CUDA_CHECK(expr) cuda_check((expr), #expr, __FILE__, __LINE__)
      | 
In file included from /home/myl/cache_search/cache/../head.h:21,
                 from /home/myl/cache_search/cache/page_cache.h:7,
                 from /home/myl/cache_search/cache/page_cache.cu:1:
/home/myl/cache_search/cache/../helper.h:14: note: this is the location of the previous definition
   14 | #define CUDA_CHECK(call)                                                   \
      | 
/home/myl/cache_search/cache/page_cache.cu:29: warning: "CUDA_CHECK" redefined
   29 | #define CUDA_CHECK(expr) cuda_check((expr), #expr, __FILE__, __LINE__)
      | 
In file included from /home/myl/cache_search/cache/../head.h:21,
                 from /home/myl/cache_search/cache/page_cache.h:7,
                 from /home/myl/cache_search/cache/page_cache.cu:1:
/home/myl/cache_search/cache/../helper.h:14: note: this is the location of the previous definition
   14 | #define CUDA_CHECK(call)                                                   \
      | 
In file included from /home/myl/cache_search/graph.h:3,
                 from /home/myl/cache_search/main.cpp:3:
/home/myl/cache_search/pca/pca.h: In constructor ‘PCA::PCA(float*, uint, uint)’:
/home/myl/cache_search/pca/pca.h:17:23: warning: comparison of integer expressions of different signedness: ‘int’ and ‘uint’ {aka ‘unsigned int’} [-Wsign-compare]
   17 |     for (int i = 0; i < nb; i++) {
      |                     ~~^~~~
/home/myl/cache_search/pca/pca.h:18:25: warning: comparison of integer expressions of different signedness: ‘int’ and ‘uint’ {aka ‘unsigned int’} [-Wsign-compare]
   18 |       for (int j = 0; j < dim; j++) {
      |                       ~~^~~~~
/home/myl/cache_search/main.cpp: In function ‘int main(int, char**)’:
/home/myl/cache_search/main.cpp:91:9: warning: unused variable ‘datafile’ [-Wunused-variable]
   91 |   char* datafile = (char*)FLAGS_data_path.c_str();
      |         ^~~~~~~~
/home/myl/cache_search/main.cpp:92:9: warning: unused variable ‘queryfile’ [-Wunused-variable]
   92 |   char* queryfile = (char*)FLAGS_query_path.c_str();
      |         ^~~~~~~~~
/home/myl/cache_search/main.cpp:93:9: warning: unused variable ‘gtfile’ [-Wunused-variable]
   93 |   char* gtfile = (char*)FLAGS_gt_path.c_str();
      |         ^~~~~~
/home/myl/cache_search/file_read.cu(138): warning #1650-D: result of call is not used
    fscanf(file, "%d %d", &n, &d);
    ^

Remark: The warnings can be suppressed with "-diag-suppress <warning-number>"

/home/myl/cache_search/file_read.cu(142): warning #1650-D: result of call is not used
        fscanf(file, "%f,", &data[i * d + j]);
        ^

/home/myl/cache_search/file_read.cu(144): warning #1650-D: result of call is not used
      fscanf(file, "%f", &data[i * d + d - 1]);
      ^

/home/myl/cache_search/file_read.cu(206): warning #1650-D: result of call is not used
    fread(&d, sizeof(d), 1, file);
    ^

/home/myl/cache_search/file_read.cu(208): warning #1650-D: result of call is not used
    fread(data_ptr, sizeof(float), n*d, file);
    ^

/home/myl/cache_search/file_read.cu(138): warning #1650-D: result of call is not used
    fscanf(file, "%d %d", &n, &d);
    ^

Remark: The warnings can be suppressed with "-diag-suppress <warning-number>"

/home/myl/cache_search/file_read.cu(142): warning #1650-D: result of call is not used
        fscanf(file, "%f,", &data[i * d + j]);
        ^

/home/myl/cache_search/file_read.cu(144): warning #1650-D: result of call is not used
      fscanf(file, "%f", &data[i * d + d - 1]);
      ^

/home/myl/cache_search/file_read.cu(206): warning #1650-D: result of call is not used
    fread(&d, sizeof(d), 1, file);
    ^

/home/myl/cache_search/file_read.cu(208): warning #1650-D: result of call is not used
    fread(data_ptr, sizeof(float), n*d, file);
    ^

/home/myl/cache_search/graph_helper.cu(222): warning #177-D: variable "max_threads" was declared but never referenced
    int max_threads = 64;
        ^

Remark: The warnings can be suppressed with "-diag-suppress <warning-number>"

/home/myl/cache_search/graph_search.cuh(167): warning #177-D: variable "random_entry_seed" was declared but never referenced
    uint random_entry_seed = b_id*blockSize + t_id;
         ^

Remark: The warnings can be suppressed with "-diag-suppress <warning-number>"

/home/myl/cache_search/file_read.cu(138): warning #1650-D: result of call is not used
    fscanf(file, "%d %d", &n, &d);
    ^

Remark: The warnings can be suppressed with "-diag-suppress <warning-number>"

/home/myl/cache_search/file_read.cu(142): warning #1650-D: result of call is not used
        fscanf(file, "%f,", &data[i * d + j]);
        ^

/home/myl/cache_search/file_read.cu(144): warning #1650-D: result of call is not used
      fscanf(file, "%f", &data[i * d + d - 1]);
      ^

/home/myl/cache_search/file_read.cu(206): warning #1650-D: result of call is not used
    fread(&d, sizeof(d), 1, file);
    ^

/home/myl/cache_search/file_read.cu(208): warning #1650-D: result of call is not used
    fread(data_ptr, sizeof(float), n*d, file);
    ^

/home/myl/cache_search/graph_helper.cu(222): warning #177-D: variable "max_threads" was declared but never referenced
    int max_threads = 64;
        ^

Remark: The warnings can be suppressed with "-diag-suppress <warning-number>"

/home/myl/cache_search/file_read.cu: In static member function ‘static void file_read::read_txt_file(const char*, int&, int&, thrust::host_vector<float>&)’:
/home/myl/cache_search/file_read.cu:138:7: warning: ignoring return value of ‘int fscanf(FILE*, const char*, ...)’ declared with attribute ‘warn_unused_result’ [-Wunused-result]
  138 |   fscanf(file, "%d %d", &n, &d);
      |   ~~~~^~~~~~~~~~~~~~~~~~~~~~~
/home/myl/cache_search/file_read.cu:142:7: warning: ignoring return value of ‘int fscanf(FILE*, const char*, ...)’ declared with attribute ‘warn_unused_result’ [-Wunused-result]
  142 |       fscanf(file, "%f,", &data[i * d + j]);
      |       ^~~~~~~~~~~~~~~~~~~~~~~~~~~~~~~~~
/home/myl/cache_search/file_read.cu:144:7: warning: ignoring return value of ‘int fscanf(FILE*, const char*, ...)’ declared with attribute ‘warn_unused_result’ [-Wunused-result]
  144 |     fscanf(file, "%f", &data[i * d + d - 1]);
      |     ~~^~~~~~~~~~~~~~~~~~~~~~~~~~~~~~~~~~~~~~
/home/myl/cache_search/file_read.cu: In static member function ‘static void file_read::read_hvecs_file(const char*, int&, int&, thrust::host_vector<float>&)’:
/home/myl/cache_search/file_read.cu:206:6: warning: ignoring return value of ‘size_t fread(void*, size_t, size_t, FILE*)’ declared with attribute ‘warn_unused_result’ [-Wunused-result]
  206 |   fread(&d, sizeof(d), 1, file);
      |   ~~~^~~~~~~~~~~~~~~~~~~~~~~
/home/myl/cache_search/file_read.cu:208:6: warning: ignoring return value of ‘size_t fread(void*, size_t, size_t, FILE*)’ declared with attribute ‘warn_unused_result’ [-Wunused-result]
  208 |   fread(data_ptr, sizeof(float), n*d, file);
      |   ~~~^~~~~~~~~~~~~~~~~~~~~~~~~~~~~~~~~~~~~~
/home/myl/cache_search/graph_search.cuh(167): warning #177-D: variable "random_entry_seed" was declared but never referenced
    uint random_entry_seed = b_id*blockSize + t_id;
         ^

Remark: The warnings can be suppressed with "-diag-suppress <warning-number>"

[ 73%] Linking CXX executable /home/myl/cache_search/bin/test
[100%] Built target test
正在运行 ./test --ALGO=1 --topk=0 --n_candidates=1024 --expand_ratio=0.2 --point_ratio=0.00001024 --search_width=4 --t=50 --n_cluster=1000  --max_iter=1000 ...
Total GPUs visible: 6, using [3]: NVIDIA L40
Available Memory: 44940 MB, Total Memory: 45372 MB
Shared memory per block: 49152 bytes
Shared memory per SM   : 102400 bytes
Shared memory per block (optin): 101376 bytes
Input
n = 10000, d = 128
np = 100000000, dim = 128
Cluster number: 10000
Centroids read successfully
Input: copy points to device
Input: finish copy points to device
degree = 64
RB_Graph: finish read or build graph
Projection: reading pca base file /mnt/IntelP5520_8T_1/myl/cache_search/data/sift100M/rotated_base.fbin
read PCA file
sizeof_points = 12800000000
Projection: finish reading pca base file
BlockUp function
reading AABB from file /mnt/IntelP5520_8T_1/myl/cache_search/data/sift100M/1024_0.aabbs
Create context
Create module
Create program groups
Create pipeline
Create SBT
BVH Building Time = 0.493376 ms
batch_size = 5
time build_query_batches: 0.036464 ms
time pca projection: 0.187782 ms
time rt_entry search: 0.06389 ms
time graph search: 40752.4 ms
compute_dim = 18600431850
compute_dis = 547071525
average dimensions per distance computation = 34
time total search time: 40752.7 ms
checking results...
gt_k = 1000
recall1@1024 = 0.999100
recall10@1024 = 0.996160
recall100@1024 = 0.952221
recall1000@1024 = 0.551279
Free memory: 6924 MB
Total memory: 45372 MB
Used memory: 38448 MB
Clean up RT ...
Finish cleaning up RT
完成 DIM = 34 的测试

==================================================
正在处理: DIM = 33
==================================================
[ 13%] Built target compute_pca
[ 17%] Building NVCC ptx file cuda_compile_ptx_1_generated_devicePrograms.cu.ptx
[ 21%] compiling (and embedding ptx from) devicePrograms.cu
[ 26%] Building C object CMakeFiles/test.dir/cuda_compile_ptx_1_generated_devicePrograms.cu.ptx_embedded.c.o
[ 34%] Building CUDA object CMakeFiles/test.dir/aabb.cu.o
[ 34%] Building CXX object CMakeFiles/test.dir/main.cpp.o
[ 39%] Building CUDA object CMakeFiles/test.dir/entry.cu.o
[ 43%] Building CUDA object CMakeFiles/test.dir/entry_helper.cu.o
[ 47%] Building CUDA object CMakeFiles/test.dir/matrix.cu.o
[ 52%] Building CUDA object CMakeFiles/test.dir/file_read.cu.o
nvcc warning : incompatible redefinition for option 'std', the last value of this option was used
[ 56%] Building CXX object CMakeFiles/test.dir/raytracing.cpp.o
nvcc warning : incompatible redefinition for option 'std', the last value of this option was used
nvcc warning : incompatible redefinition for option 'std', the last value of this option was used
[ 60%] Building CUDA object CMakeFiles/test.dir/graph.cu.o
nvcc warning : incompatible redefinition for option 'std', the last value of this option was used
[ 65%] Building CUDA object CMakeFiles/test.dir/graph_helper.cu.o
[ 69%] Building CUDA object CMakeFiles/test.dir/cache/page_cache.cu.o
nvcc warning : incompatible redefinition for option 'std', the last value of this option was used
nvcc warning : incompatible redefinition for option 'std', the last value of this option was used
nvcc warning : incompatible redefinition for option 'std', the last value of this option was used
nvcc warning : incompatible redefinition for option 'std', the last value of this option was used
In file included from /home/myl/cache_search/head.h:3,
                 from /home/myl/cache_search/raytracing.h:3,
                 from /home/myl/cache_search/raytracing.cpp:2:
/home/myl/optix7.6/NVIDIA-OptiX-SDK-7.6.0-linux64-x86_64/include/optix_stubs.h: In function ‘OptixResult optixUninitWithHandle(void*)’:
/home/myl/optix7.6/NVIDIA-OptiX-SDK-7.6.0-linux64-x86_64/include/optix_stubs.h:256:36: warning: missing initializer for member ‘OptixFunctionTable::optixGetErrorString’ [-Wmissing-field-initializers]
  256 |     OptixFunctionTable empty = { 0 };
      |                                    ^
/home/myl/optix7.6/NVIDIA-OptiX-SDK-7.6.0-linux64-x86_64/include/optix_stubs.h:256:36: warning: missing initializer for member ‘OptixFunctionTable::optixDeviceContextCreate’ [-Wmissing-field-initializers]
/home/myl/optix7.6/NVIDIA-OptiX-SDK-7.6.0-linux64-x86_64/include/optix_stubs.h:256:36: warning: missing initializer for member ‘OptixFunctionTable::optixDeviceContextDestroy’ [-Wmissing-field-initializers]
/home/myl/optix7.6/NVIDIA-OptiX-SDK-7.6.0-linux64-x86_64/include/optix_stubs.h:256:36: warning: missing initializer for member ‘OptixFunctionTable::optixDeviceContextGetProperty’ [-Wmissing-field-initializers]
/home/myl/optix7.6/NVIDIA-OptiX-SDK-7.6.0-linux64-x86_64/include/optix_stubs.h:256:36: warning: missing initializer for member ‘OptixFunctionTable::optixDeviceContextSetLogCallback’ [-Wmissing-field-initializers]
/home/myl/optix7.6/NVIDIA-OptiX-SDK-7.6.0-linux64-x86_64/include/optix_stubs.h:256:36: warning: missing initializer for member ‘OptixFunctionTable::optixDeviceContextSetCacheEnabled’ [-Wmissing-field-initializers]
/home/myl/optix7.6/NVIDIA-OptiX-SDK-7.6.0-linux64-x86_64/include/optix_stubs.h:256:36: warning: missing initializer for member ‘OptixFunctionTable::optixDeviceContextSetCacheLocation’ [-Wmissing-field-initializers]
/home/myl/optix7.6/NVIDIA-OptiX-SDK-7.6.0-linux64-x86_64/include/optix_stubs.h:256:36: warning: missing initializer for member ‘OptixFunctionTable::optixDeviceContextSetCacheDatabaseSizes’ [-Wmissing-field-initializers]
/home/myl/optix7.6/NVIDIA-OptiX-SDK-7.6.0-linux64-x86_64/include/optix_stubs.h:256:36: warning: missing initializer for member ‘OptixFunctionTable::optixDeviceContextGetCacheEnabled’ [-Wmissing-field-initializers]
/home/myl/optix7.6/NVIDIA-OptiX-SDK-7.6.0-linux64-x86_64/include/optix_stubs.h:256:36: warning: missing initializer for member ‘OptixFunctionTable::optixDeviceContextGetCacheLocation’ [-Wmissing-field-initializers]
/home/myl/optix7.6/NVIDIA-OptiX-SDK-7.6.0-linux64-x86_64/include/optix_stubs.h:256:36: warning: missing initializer for member ‘OptixFunctionTable::optixDeviceContextGetCacheDatabaseSizes’ [-Wmissing-field-initializers]
/home/myl/optix7.6/NVIDIA-OptiX-SDK-7.6.0-linux64-x86_64/include/optix_stubs.h:256:36: warning: missing initializer for member ‘OptixFunctionTable::optixModuleCreateFromPTX’ [-Wmissing-field-initializers]
/home/myl/optix7.6/NVIDIA-OptiX-SDK-7.6.0-linux64-x86_64/include/optix_stubs.h:256:36: warning: missing initializer for member ‘OptixFunctionTable::optixModuleCreateFromPTXWithTasks’ [-Wmissing-field-initializers]
/home/myl/optix7.6/NVIDIA-OptiX-SDK-7.6.0-linux64-x86_64/include/optix_stubs.h:256:36: warning: missing initializer for member ‘OptixFunctionTable::optixModuleGetCompilationState’ [-Wmissing-field-initializers]
/home/myl/optix7.6/NVIDIA-OptiX-SDK-7.6.0-linux64-x86_64/include/optix_stubs.h:256:36: warning: missing initializer for member ‘OptixFunctionTable::optixModuleDestroy’ [-Wmissing-field-initializers]
/home/myl/optix7.6/NVIDIA-OptiX-SDK-7.6.0-linux64-x86_64/include/optix_stubs.h:256:36: warning: missing initializer for member ‘OptixFunctionTable::optixBuiltinISModuleGet’ [-Wmissing-field-initializers]
/home/myl/optix7.6/NVIDIA-OptiX-SDK-7.6.0-linux64-x86_64/include/optix_stubs.h:256:36: warning: missing initializer for member ‘OptixFunctionTable::optixTaskExecute’ [-Wmissing-field-initializers]
/home/myl/optix7.6/NVIDIA-OptiX-SDK-7.6.0-linux64-x86_64/include/optix_stubs.h:256:36: warning: missing initializer for member ‘OptixFunctionTable::optixProgramGroupCreate’ [-Wmissing-field-initializers]
/home/myl/optix7.6/NVIDIA-OptiX-SDK-7.6.0-linux64-x86_64/include/optix_stubs.h:256:36: warning: missing initializer for member ‘OptixFunctionTable::optixProgramGroupDestroy’ [-Wmissing-field-initializers]
/home/myl/optix7.6/NVIDIA-OptiX-SDK-7.6.0-linux64-x86_64/include/optix_stubs.h:256:36: warning: missing initializer for member ‘OptixFunctionTable::optixProgramGroupGetStackSize’ [-Wmissing-field-initializers]
/home/myl/optix7.6/NVIDIA-OptiX-SDK-7.6.0-linux64-x86_64/include/optix_stubs.h:256:36: warning: missing initializer for member ‘OptixFunctionTable::optixPipelineCreate’ [-Wmissing-field-initializers]
/home/myl/optix7.6/NVIDIA-OptiX-SDK-7.6.0-linux64-x86_64/include/optix_stubs.h:256:36: warning: missing initializer for member ‘OptixFunctionTable::optixPipelineDestroy’ [-Wmissing-field-initializers]
/home/myl/optix7.6/NVIDIA-OptiX-SDK-7.6.0-linux64-x86_64/include/optix_stubs.h:256:36: warning: missing initializer for member ‘OptixFunctionTable::optixPipelineSetStackSize’ [-Wmissing-field-initializers]
/home/myl/optix7.6/NVIDIA-OptiX-SDK-7.6.0-linux64-x86_64/include/optix_stubs.h:256:36: warning: missing initializer for member ‘OptixFunctionTable::optixAccelComputeMemoryUsage’ [-Wmissing-field-initializers]
/home/myl/optix7.6/NVIDIA-OptiX-SDK-7.6.0-linux64-x86_64/include/optix_stubs.h:256:36: warning: missing initializer for member ‘OptixFunctionTable::optixAccelBuild’ [-Wmissing-field-initializers]
/home/myl/optix7.6/NVIDIA-OptiX-SDK-7.6.0-linux64-x86_64/include/optix_stubs.h:256:36: warning: missing initializer for member ‘OptixFunctionTable::optixAccelGetRelocationInfo’ [-Wmissing-field-initializers]
/home/myl/optix7.6/NVIDIA-OptiX-SDK-7.6.0-linux64-x86_64/include/optix_stubs.h:256:36: warning: missing initializer for member ‘OptixFunctionTable::optixCheckRelocationCompatibility’ [-Wmissing-field-initializers]
/home/myl/optix7.6/NVIDIA-OptiX-SDK-7.6.0-linux64-x86_64/include/optix_stubs.h:256:36: warning: missing initializer for member ‘OptixFunctionTable::optixAccelRelocate’ [-Wmissing-field-initializers]
/home/myl/optix7.6/NVIDIA-OptiX-SDK-7.6.0-linux64-x86_64/include/optix_stubs.h:256:36: warning: missing initializer for member ‘OptixFunctionTable::optixAccelCompact’ [-Wmissing-field-initializers]
/home/myl/optix7.6/NVIDIA-OptiX-SDK-7.6.0-linux64-x86_64/include/optix_stubs.h:256:36: warning: missing initializer for member ‘OptixFunctionTable::optixConvertPointerToTraversableHandle’ [-Wmissing-field-initializers]
/home/myl/optix7.6/NVIDIA-OptiX-SDK-7.6.0-linux64-x86_64/include/optix_stubs.h:256:36: warning: missing initializer for member ‘OptixFunctionTable::optixOpacityMicromapArrayComputeMemoryUsage’ [-Wmissing-field-initializers]
/home/myl/optix7.6/NVIDIA-OptiX-SDK-7.6.0-linux64-x86_64/include/optix_stubs.h:256:36: warning: missing initializer for member ‘OptixFunctionTable::optixOpacityMicromapArrayBuild’ [-Wmissing-field-initializers]
/home/myl/optix7.6/NVIDIA-OptiX-SDK-7.6.0-linux64-x86_64/include/optix_stubs.h:256:36: warning: missing initializer for member ‘OptixFunctionTable::optixOpacityMicromapArrayGetRelocationInfo’ [-Wmissing-field-initializers]
/home/myl/optix7.6/NVIDIA-OptiX-SDK-7.6.0-linux64-x86_64/include/optix_stubs.h:256:36: warning: missing initializer for member ‘OptixFunctionTable::optixOpacityMicromapArrayRelocate’ [-Wmissing-field-initializers]
/home/myl/optix7.6/NVIDIA-OptiX-SDK-7.6.0-linux64-x86_64/include/optix_stubs.h:256:36: warning: missing initializer for member ‘OptixFunctionTable::reserved1’ [-Wmissing-field-initializers]
/home/myl/optix7.6/NVIDIA-OptiX-SDK-7.6.0-linux64-x86_64/include/optix_stubs.h:256:36: warning: missing initializer for member ‘OptixFunctionTable::reserved2’ [-Wmissing-field-initializers]
/home/myl/optix7.6/NVIDIA-OptiX-SDK-7.6.0-linux64-x86_64/include/optix_stubs.h:256:36: warning: missing initializer for member ‘OptixFunctionTable::optixSbtRecordPackHeader’ [-Wmissing-field-initializers]
/home/myl/optix7.6/NVIDIA-OptiX-SDK-7.6.0-linux64-x86_64/include/optix_stubs.h:256:36: warning: missing initializer for member ‘OptixFunctionTable::optixLaunch’ [-Wmissing-field-initializers]
/home/myl/optix7.6/NVIDIA-OptiX-SDK-7.6.0-linux64-x86_64/include/optix_stubs.h:256:36: warning: missing initializer for member ‘OptixFunctionTable::optixDenoiserCreate’ [-Wmissing-field-initializers]
/home/myl/optix7.6/NVIDIA-OptiX-SDK-7.6.0-linux64-x86_64/include/optix_stubs.h:256:36: warning: missing initializer for member ‘OptixFunctionTable::optixDenoiserDestroy’ [-Wmissing-field-initializers]
/home/myl/optix7.6/NVIDIA-OptiX-SDK-7.6.0-linux64-x86_64/include/optix_stubs.h:256:36: warning: missing initializer for member ‘OptixFunctionTable::optixDenoiserComputeMemoryResources’ [-Wmissing-field-initializers]
/home/myl/optix7.6/NVIDIA-OptiX-SDK-7.6.0-linux64-x86_64/include/optix_stubs.h:256:36: warning: missing initializer for member ‘OptixFunctionTable::optixDenoiserSetup’ [-Wmissing-field-initializers]
/home/myl/optix7.6/NVIDIA-OptiX-SDK-7.6.0-linux64-x86_64/include/optix_stubs.h:256:36: warning: missing initializer for member ‘OptixFunctionTable::optixDenoiserInvoke’ [-Wmissing-field-initializers]
/home/myl/optix7.6/NVIDIA-OptiX-SDK-7.6.0-linux64-x86_64/include/optix_stubs.h:256:36: warning: missing initializer for member ‘OptixFunctionTable::optixDenoiserComputeIntensity’ [-Wmissing-field-initializers]
/home/myl/optix7.6/NVIDIA-OptiX-SDK-7.6.0-linux64-x86_64/include/optix_stubs.h:256:36: warning: missing initializer for member ‘OptixFunctionTable::optixDenoiserComputeAverageColor’ [-Wmissing-field-initializers]
/home/myl/optix7.6/NVIDIA-OptiX-SDK-7.6.0-linux64-x86_64/include/optix_stubs.h:256:36: warning: missing initializer for member ‘OptixFunctionTable::optixDenoiserCreateWithUserModel’ [-Wmissing-field-initializers]
/home/myl/cache_search/cache/page_cache.cu:29: warning: "CUDA_CHECK" redefined
   29 | #define CUDA_CHECK(expr) cuda_check((expr), #expr, __FILE__, __LINE__)
      | 
In file included from /home/myl/cache_search/cache/../head.h:21,
                 from /home/myl/cache_search/cache/page_cache.h:7,
                 from /home/myl/cache_search/cache/page_cache.cu:1:
/home/myl/cache_search/cache/../helper.h:14: note: this is the location of the previous definition
   14 | #define CUDA_CHECK(call)                                                   \
      | 
In file included from /home/myl/cache_search/head.h:3,
                 from /home/myl/cache_search/entry.h:8,
                 from /home/myl/cache_search/graph.h:2,
                 from /home/myl/cache_search/main.cpp:3:
/home/myl/optix7.6/NVIDIA-OptiX-SDK-7.6.0-linux64-x86_64/include/optix_stubs.h: In function ‘OptixResult optixUninitWithHandle(void*)’:
/home/myl/optix7.6/NVIDIA-OptiX-SDK-7.6.0-linux64-x86_64/include/optix_stubs.h:256:36: warning: missing initializer for member ‘OptixFunctionTable::optixGetErrorString’ [-Wmissing-field-initializers]
  256 |     OptixFunctionTable empty = { 0 };
      |                                    ^
/home/myl/optix7.6/NVIDIA-OptiX-SDK-7.6.0-linux64-x86_64/include/optix_stubs.h:256:36: warning: missing initializer for member ‘OptixFunctionTable::optixDeviceContextCreate’ [-Wmissing-field-initializers]
/home/myl/optix7.6/NVIDIA-OptiX-SDK-7.6.0-linux64-x86_64/include/optix_stubs.h:256:36: warning: missing initializer for member ‘OptixFunctionTable::optixDeviceContextDestroy’ [-Wmissing-field-initializers]
/home/myl/optix7.6/NVIDIA-OptiX-SDK-7.6.0-linux64-x86_64/include/optix_stubs.h:256:36: warning: missing initializer for member ‘OptixFunctionTable::optixDeviceContextGetProperty’ [-Wmissing-field-initializers]
/home/myl/optix7.6/NVIDIA-OptiX-SDK-7.6.0-linux64-x86_64/include/optix_stubs.h:256:36: warning: missing initializer for member ‘OptixFunctionTable::optixDeviceContextSetLogCallback’ [-Wmissing-field-initializers]
/home/myl/optix7.6/NVIDIA-OptiX-SDK-7.6.0-linux64-x86_64/include/optix_stubs.h:256:36: warning: missing initializer for member ‘OptixFunctionTable::optixDeviceContextSetCacheEnabled’ [-Wmissing-field-initializers]
/home/myl/optix7.6/NVIDIA-OptiX-SDK-7.6.0-linux64-x86_64/include/optix_stubs.h:256:36: warning: missing initializer for member ‘OptixFunctionTable::optixDeviceContextSetCacheLocation’ [-Wmissing-field-initializers]
/home/myl/optix7.6/NVIDIA-OptiX-SDK-7.6.0-linux64-x86_64/include/optix_stubs.h:256:36: warning: missing initializer for member ‘OptixFunctionTable::optixDeviceContextSetCacheDatabaseSizes’ [-Wmissing-field-initializers]
/home/myl/optix7.6/NVIDIA-OptiX-SDK-7.6.0-linux64-x86_64/include/optix_stubs.h:256:36: warning: missing initializer for member ‘OptixFunctionTable::optixDeviceContextGetCacheEnabled’ [-Wmissing-field-initializers]
/home/myl/optix7.6/NVIDIA-OptiX-SDK-7.6.0-linux64-x86_64/include/optix_stubs.h:256:36: warning: missing initializer for member ‘OptixFunctionTable::optixDeviceContextGetCacheLocation’ [-Wmissing-field-initializers]
/home/myl/optix7.6/NVIDIA-OptiX-SDK-7.6.0-linux64-x86_64/include/optix_stubs.h:256:36: warning: missing initializer for member ‘OptixFunctionTable::optixDeviceContextGetCacheDatabaseSizes’ [-Wmissing-field-initializers]
/home/myl/optix7.6/NVIDIA-OptiX-SDK-7.6.0-linux64-x86_64/include/optix_stubs.h:256:36: warning: missing initializer for member ‘OptixFunctionTable::optixModuleCreateFromPTX’ [-Wmissing-field-initializers]
/home/myl/optix7.6/NVIDIA-OptiX-SDK-7.6.0-linux64-x86_64/include/optix_stubs.h:256:36: warning: missing initializer for member ‘OptixFunctionTable::optixModuleCreateFromPTXWithTasks’ [-Wmissing-field-initializers]
/home/myl/optix7.6/NVIDIA-OptiX-SDK-7.6.0-linux64-x86_64/include/optix_stubs.h:256:36: warning: missing initializer for member ‘OptixFunctionTable::optixModuleGetCompilationState’ [-Wmissing-field-initializers]
/home/myl/optix7.6/NVIDIA-OptiX-SDK-7.6.0-linux64-x86_64/include/optix_stubs.h:256:36: warning: missing initializer for member ‘OptixFunctionTable::optixModuleDestroy’ [-Wmissing-field-initializers]
/home/myl/optix7.6/NVIDIA-OptiX-SDK-7.6.0-linux64-x86_64/include/optix_stubs.h:256:36: warning: missing initializer for member ‘OptixFunctionTable::optixBuiltinISModuleGet’ [-Wmissing-field-initializers]
/home/myl/optix7.6/NVIDIA-OptiX-SDK-7.6.0-linux64-x86_64/include/optix_stubs.h:256:36: warning: missing initializer for member ‘OptixFunctionTable::optixTaskExecute’ [-Wmissing-field-initializers]
/home/myl/optix7.6/NVIDIA-OptiX-SDK-7.6.0-linux64-x86_64/include/optix_stubs.h:256:36: warning: missing initializer for member ‘OptixFunctionTable::optixProgramGroupCreate’ [-Wmissing-field-initializers]
/home/myl/optix7.6/NVIDIA-OptiX-SDK-7.6.0-linux64-x86_64/include/optix_stubs.h:256:36: warning: missing initializer for member ‘OptixFunctionTable::optixProgramGroupDestroy’ [-Wmissing-field-initializers]
/home/myl/optix7.6/NVIDIA-OptiX-SDK-7.6.0-linux64-x86_64/include/optix_stubs.h:256:36: warning: missing initializer for member ‘OptixFunctionTable::optixProgramGroupGetStackSize’ [-Wmissing-field-initializers]
/home/myl/optix7.6/NVIDIA-OptiX-SDK-7.6.0-linux64-x86_64/include/optix_stubs.h:256:36: warning: missing initializer for member ‘OptixFunctionTable::optixPipelineCreate’ [-Wmissing-field-initializers]
/home/myl/optix7.6/NVIDIA-OptiX-SDK-7.6.0-linux64-x86_64/include/optix_stubs.h:256:36: warning: missing initializer for member ‘OptixFunctionTable::optixPipelineDestroy’ [-Wmissing-field-initializers]
/home/myl/optix7.6/NVIDIA-OptiX-SDK-7.6.0-linux64-x86_64/include/optix_stubs.h:256:36: warning: missing initializer for member ‘OptixFunctionTable::optixPipelineSetStackSize’ [-Wmissing-field-initializers]
/home/myl/optix7.6/NVIDIA-OptiX-SDK-7.6.0-linux64-x86_64/include/optix_stubs.h:256:36: warning: missing initializer for member ‘OptixFunctionTable::optixAccelComputeMemoryUsage’ [-Wmissing-field-initializers]
/home/myl/optix7.6/NVIDIA-OptiX-SDK-7.6.0-linux64-x86_64/include/optix_stubs.h:256:36: warning: missing initializer for member ‘OptixFunctionTable::optixAccelBuild’ [-Wmissing-field-initializers]
/home/myl/optix7.6/NVIDIA-OptiX-SDK-7.6.0-linux64-x86_64/include/optix_stubs.h:256:36: warning: missing initializer for member ‘OptixFunctionTable::optixAccelGetRelocationInfo’ [-Wmissing-field-initializers]
/home/myl/optix7.6/NVIDIA-OptiX-SDK-7.6.0-linux64-x86_64/include/optix_stubs.h:256:36: warning: missing initializer for member ‘OptixFunctionTable::optixCheckRelocationCompatibility’ [-Wmissing-field-initializers]
/home/myl/optix7.6/NVIDIA-OptiX-SDK-7.6.0-linux64-x86_64/include/optix_stubs.h:256:36: warning: missing initializer for member ‘OptixFunctionTable::optixAccelRelocate’ [-Wmissing-field-initializers]
/home/myl/optix7.6/NVIDIA-OptiX-SDK-7.6.0-linux64-x86_64/include/optix_stubs.h:256:36: warning: missing initializer for member ‘OptixFunctionTable::optixAccelCompact’ [-Wmissing-field-initializers]
/home/myl/optix7.6/NVIDIA-OptiX-SDK-7.6.0-linux64-x86_64/include/optix_stubs.h:256:36: warning: missing initializer for member ‘OptixFunctionTable::optixConvertPointerToTraversableHandle’ [-Wmissing-field-initializers]
/home/myl/optix7.6/NVIDIA-OptiX-SDK-7.6.0-linux64-x86_64/include/optix_stubs.h:256:36: warning: missing initializer for member ‘OptixFunctionTable::optixOpacityMicromapArrayComputeMemoryUsage’ [-Wmissing-field-initializers]
/home/myl/optix7.6/NVIDIA-OptiX-SDK-7.6.0-linux64-x86_64/include/optix_stubs.h:256:36: warning: missing initializer for member ‘OptixFunctionTable::optixOpacityMicromapArrayBuild’ [-Wmissing-field-initializers]
/home/myl/optix7.6/NVIDIA-OptiX-SDK-7.6.0-linux64-x86_64/include/optix_stubs.h:256:36: warning: missing initializer for member ‘OptixFunctionTable::optixOpacityMicromapArrayGetRelocationInfo’ [-Wmissing-field-initializers]
/home/myl/optix7.6/NVIDIA-OptiX-SDK-7.6.0-linux64-x86_64/include/optix_stubs.h:256:36: warning: missing initializer for member ‘OptixFunctionTable::optixOpacityMicromapArrayRelocate’ [-Wmissing-field-initializers]
/home/myl/optix7.6/NVIDIA-OptiX-SDK-7.6.0-linux64-x86_64/include/optix_stubs.h:256:36: warning: missing initializer for member ‘OptixFunctionTable::reserved1’ [-Wmissing-field-initializers]
/home/myl/optix7.6/NVIDIA-OptiX-SDK-7.6.0-linux64-x86_64/include/optix_stubs.h:256:36: warning: missing initializer for member ‘OptixFunctionTable::reserved2’ [-Wmissing-field-initializers]
/home/myl/optix7.6/NVIDIA-OptiX-SDK-7.6.0-linux64-x86_64/include/optix_stubs.h:256:36: warning: missing initializer for member ‘OptixFunctionTable::optixSbtRecordPackHeader’ [-Wmissing-field-initializers]
/home/myl/optix7.6/NVIDIA-OptiX-SDK-7.6.0-linux64-x86_64/include/optix_stubs.h:256:36: warning: missing initializer for member ‘OptixFunctionTable::optixLaunch’ [-Wmissing-field-initializers]
/home/myl/optix7.6/NVIDIA-OptiX-SDK-7.6.0-linux64-x86_64/include/optix_stubs.h:256:36: warning: missing initializer for member ‘OptixFunctionTable::optixDenoiserCreate’ [-Wmissing-field-initializers]
/home/myl/optix7.6/NVIDIA-OptiX-SDK-7.6.0-linux64-x86_64/include/optix_stubs.h:256:36: warning: missing initializer for member ‘OptixFunctionTable::optixDenoiserDestroy’ [-Wmissing-field-initializers]
/home/myl/optix7.6/NVIDIA-OptiX-SDK-7.6.0-linux64-x86_64/include/optix_stubs.h:256:36: warning: missing initializer for member ‘OptixFunctionTable::optixDenoiserComputeMemoryResources’ [-Wmissing-field-initializers]
/home/myl/optix7.6/NVIDIA-OptiX-SDK-7.6.0-linux64-x86_64/include/optix_stubs.h:256:36: warning: missing initializer for member ‘OptixFunctionTable::optixDenoiserSetup’ [-Wmissing-field-initializers]
/home/myl/optix7.6/NVIDIA-OptiX-SDK-7.6.0-linux64-x86_64/include/optix_stubs.h:256:36: warning: missing initializer for member ‘OptixFunctionTable::optixDenoiserInvoke’ [-Wmissing-field-initializers]
/home/myl/optix7.6/NVIDIA-OptiX-SDK-7.6.0-linux64-x86_64/include/optix_stubs.h:256:36: warning: missing initializer for member ‘OptixFunctionTable::optixDenoiserComputeIntensity’ [-Wmissing-field-initializers]
/home/myl/optix7.6/NVIDIA-OptiX-SDK-7.6.0-linux64-x86_64/include/optix_stubs.h:256:36: warning: missing initializer for member ‘OptixFunctionTable::optixDenoiserComputeAverageColor’ [-Wmissing-field-initializers]
/home/myl/optix7.6/NVIDIA-OptiX-SDK-7.6.0-linux64-x86_64/include/optix_stubs.h:256:36: warning: missing initializer for member ‘OptixFunctionTable::optixDenoiserCreateWithUserModel’ [-Wmissing-field-initializers]
/home/myl/cache_search/cache/page_cache.cu:29: warning: "CUDA_CHECK" redefined
   29 | #define CUDA_CHECK(expr) cuda_check((expr), #expr, __FILE__, __LINE__)
      | 
In file included from /home/myl/cache_search/cache/../head.h:21,
                 from /home/myl/cache_search/cache/page_cache.h:7,
                 from /home/myl/cache_search/cache/page_cache.cu:1:
/home/myl/cache_search/cache/../helper.h:14: note: this is the location of the previous definition
   14 | #define CUDA_CHECK(call)                                                   \
      | 
/home/myl/cache_search/cache/page_cache.cu:29: warning: "CUDA_CHECK" redefined
   29 | #define CUDA_CHECK(expr) cuda_check((expr), #expr, __FILE__, __LINE__)
      | 
In file included from /home/myl/cache_search/cache/../head.h:21,
                 from /home/myl/cache_search/cache/page_cache.h:7,
                 from /home/myl/cache_search/cache/page_cache.cu:1:
/home/myl/cache_search/cache/../helper.h:14: note: this is the location of the previous definition
   14 | #define CUDA_CHECK(call)                                                   \
      | 
In file included from /home/myl/cache_search/graph.h:3,
                 from /home/myl/cache_search/main.cpp:3:
/home/myl/cache_search/pca/pca.h: In constructor ‘PCA::PCA(float*, uint, uint)’:
/home/myl/cache_search/pca/pca.h:17:23: warning: comparison of integer expressions of different signedness: ‘int’ and ‘uint’ {aka ‘unsigned int’} [-Wsign-compare]
   17 |     for (int i = 0; i < nb; i++) {
      |                     ~~^~~~
/home/myl/cache_search/pca/pca.h:18:25: warning: comparison of integer expressions of different signedness: ‘int’ and ‘uint’ {aka ‘unsigned int’} [-Wsign-compare]
   18 |       for (int j = 0; j < dim; j++) {
      |                       ~~^~~~~
/home/myl/cache_search/main.cpp: In function ‘int main(int, char**)’:
/home/myl/cache_search/main.cpp:91:9: warning: unused variable ‘datafile’ [-Wunused-variable]
   91 |   char* datafile = (char*)FLAGS_data_path.c_str();
      |         ^~~~~~~~
/home/myl/cache_search/main.cpp:92:9: warning: unused variable ‘queryfile’ [-Wunused-variable]
   92 |   char* queryfile = (char*)FLAGS_query_path.c_str();
      |         ^~~~~~~~~
/home/myl/cache_search/main.cpp:93:9: warning: unused variable ‘gtfile’ [-Wunused-variable]
   93 |   char* gtfile = (char*)FLAGS_gt_path.c_str();
      |         ^~~~~~
/home/myl/cache_search/file_read.cu(138): warning #1650-D: result of call is not used
    fscanf(file, "%d %d", &n, &d);
    ^

Remark: The warnings can be suppressed with "-diag-suppress <warning-number>"

/home/myl/cache_search/file_read.cu(142): warning #1650-D: result of call is not used
        fscanf(file, "%f,", &data[i * d + j]);
        ^

/home/myl/cache_search/file_read.cu(144): warning #1650-D: result of call is not used
      fscanf(file, "%f", &data[i * d + d - 1]);
      ^

/home/myl/cache_search/file_read.cu(206): warning #1650-D: result of call is not used
    fread(&d, sizeof(d), 1, file);
    ^

/home/myl/cache_search/file_read.cu(208): warning #1650-D: result of call is not used
    fread(data_ptr, sizeof(float), n*d, file);
    ^

/home/myl/cache_search/file_read.cu(138): warning #1650-D: result of call is not used
    fscanf(file, "%d %d", &n, &d);
    ^

Remark: The warnings can be suppressed with "-diag-suppress <warning-number>"

/home/myl/cache_search/file_read.cu(142): warning #1650-D: result of call is not used
        fscanf(file, "%f,", &data[i * d + j]);
        ^

/home/myl/cache_search/file_read.cu(144): warning #1650-D: result of call is not used
      fscanf(file, "%f", &data[i * d + d - 1]);
      ^

/home/myl/cache_search/file_read.cu(206): warning #1650-D: result of call is not used
    fread(&d, sizeof(d), 1, file);
    ^

/home/myl/cache_search/file_read.cu(208): warning #1650-D: result of call is not used
    fread(data_ptr, sizeof(float), n*d, file);
    ^

/home/myl/cache_search/graph_helper.cu(222): warning #177-D: variable "max_threads" was declared but never referenced
    int max_threads = 64;
        ^

Remark: The warnings can be suppressed with "-diag-suppress <warning-number>"

/home/myl/cache_search/graph_search.cuh(167): warning #177-D: variable "random_entry_seed" was declared but never referenced
    uint random_entry_seed = b_id*blockSize + t_id;
         ^

Remark: The warnings can be suppressed with "-diag-suppress <warning-number>"

/home/myl/cache_search/file_read.cu(138): warning #1650-D: result of call is not used
    fscanf(file, "%d %d", &n, &d);
    ^

Remark: The warnings can be suppressed with "-diag-suppress <warning-number>"

/home/myl/cache_search/file_read.cu(142): warning #1650-D: result of call is not used
        fscanf(file, "%f,", &data[i * d + j]);
        ^

/home/myl/cache_search/file_read.cu(144): warning #1650-D: result of call is not used
      fscanf(file, "%f", &data[i * d + d - 1]);
      ^

/home/myl/cache_search/file_read.cu(206): warning #1650-D: result of call is not used
    fread(&d, sizeof(d), 1, file);
    ^

/home/myl/cache_search/file_read.cu(208): warning #1650-D: result of call is not used
    fread(data_ptr, sizeof(float), n*d, file);
    ^

/home/myl/cache_search/graph_helper.cu(222): warning #177-D: variable "max_threads" was declared but never referenced
    int max_threads = 64;
        ^

Remark: The warnings can be suppressed with "-diag-suppress <warning-number>"

/home/myl/cache_search/file_read.cu: In static member function ‘static void file_read::read_txt_file(const char*, int&, int&, thrust::host_vector<float>&)’:
/home/myl/cache_search/file_read.cu:138:7: warning: ignoring return value of ‘int fscanf(FILE*, const char*, ...)’ declared with attribute ‘warn_unused_result’ [-Wunused-result]
  138 |   fscanf(file, "%d %d", &n, &d);
      |   ~~~~^~~~~~~~~~~~~~~~~~~~~~~
/home/myl/cache_search/file_read.cu:142:7: warning: ignoring return value of ‘int fscanf(FILE*, const char*, ...)’ declared with attribute ‘warn_unused_result’ [-Wunused-result]
  142 |       fscanf(file, "%f,", &data[i * d + j]);
      |       ^~~~~~~~~~~~~~~~~~~~~~~~~~~~~~~~~
/home/myl/cache_search/file_read.cu:144:7: warning: ignoring return value of ‘int fscanf(FILE*, const char*, ...)’ declared with attribute ‘warn_unused_result’ [-Wunused-result]
  144 |     fscanf(file, "%f", &data[i * d + d - 1]);
      |     ~~^~~~~~~~~~~~~~~~~~~~~~~~~~~~~~~~~~~~~~
/home/myl/cache_search/file_read.cu: In static member function ‘static void file_read::read_hvecs_file(const char*, int&, int&, thrust::host_vector<float>&)’:
/home/myl/cache_search/file_read.cu:206:6: warning: ignoring return value of ‘size_t fread(void*, size_t, size_t, FILE*)’ declared with attribute ‘warn_unused_result’ [-Wunused-result]
  206 |   fread(&d, sizeof(d), 1, file);
      |   ~~~^~~~~~~~~~~~~~~~~~~~~~~
/home/myl/cache_search/file_read.cu:208:6: warning: ignoring return value of ‘size_t fread(void*, size_t, size_t, FILE*)’ declared with attribute ‘warn_unused_result’ [-Wunused-result]
  208 |   fread(data_ptr, sizeof(float), n*d, file);
      |   ~~~^~~~~~~~~~~~~~~~~~~~~~~~~~~~~~~~~~~~~~
/home/myl/cache_search/graph_search.cuh(167): warning #177-D: variable "random_entry_seed" was declared but never referenced
    uint random_entry_seed = b_id*blockSize + t_id;
         ^

Remark: The warnings can be suppressed with "-diag-suppress <warning-number>"

[ 73%] Linking CXX executable /home/myl/cache_search/bin/test
[100%] Built target test
正在运行 ./test --ALGO=1 --topk=0 --n_candidates=1024 --expand_ratio=0.2 --point_ratio=0.00001024 --search_width=4 --t=50 --n_cluster=1000  --max_iter=1000 ...
Total GPUs visible: 6, using [3]: NVIDIA L40
Available Memory: 44940 MB, Total Memory: 45372 MB
Shared memory per block: 49152 bytes
Shared memory per SM   : 102400 bytes
Shared memory per block (optin): 101376 bytes
Input
n = 10000, d = 128
np = 100000000, dim = 128
Cluster number: 10000
Centroids read successfully
Input: copy points to device
Input: finish copy points to device
degree = 64
RB_Graph: finish read or build graph
Projection: reading pca base file /mnt/IntelP5520_8T_1/myl/cache_search/data/sift100M/rotated_base.fbin
read PCA file
sizeof_points = 12800000000
Projection: finish reading pca base file
BlockUp function
reading AABB from file /mnt/IntelP5520_8T_1/myl/cache_search/data/sift100M/1024_0.aabbs
Create context
Create module
Create program groups
Create pipeline
Create SBT
BVH Building Time = 0.472864 ms
batch_size = 5
time build_query_batches: 0.052988 ms
time pca projection: 0.152524 ms
time rt_entry search: 0.067417 ms
time graph search: 40761.9 ms
compute_dim = 18068870556
compute_dis = 547541532
average dimensions per distance computation = 33
time total search time: 40762.1 ms
checking results...
gt_k = 1000
recall1@1024 = 0.998900
recall10@1024 = 0.995200
recall100@1024 = 0.943513
recall1000@1024 = 0.537430
Free memory: 7304 MB
Total memory: 45372 MB
Used memory: 38068 MB
Clean up RT ...
Finish cleaning up RT
完成 DIM = 33 的测试

==================================================
正在处理: DIM = 32
==================================================
[ 13%] Built target compute_pca
[ 17%] Building NVCC ptx file cuda_compile_ptx_1_generated_devicePrograms.cu.ptx
[ 21%] compiling (and embedding ptx from) devicePrograms.cu
[ 26%] Building C object CMakeFiles/test.dir/cuda_compile_ptx_1_generated_devicePrograms.cu.ptx_embedded.c.o
[ 30%] Building CXX object CMakeFiles/test.dir/main.cpp.o
[ 34%] Building CUDA object CMakeFiles/test.dir/aabb.cu.o
[ 43%] Building CUDA object CMakeFiles/test.dir/entry_helper.cu.o
[ 43%] Building CUDA object CMakeFiles/test.dir/entry.cu.o
[ 47%] Building CUDA object CMakeFiles/test.dir/matrix.cu.o
[ 52%] Building CUDA object CMakeFiles/test.dir/file_read.cu.o
[ 56%] Building CXX object CMakeFiles/test.dir/raytracing.cpp.o
nvcc warning : incompatible redefinition for option 'std', the last value of this option was used
nvcc warning : incompatible redefinition for option 'std', the last value of this option was used
nvcc warning : incompatible redefinition for option 'std', the last value of this option was used
[ 60%] Building CUDA object CMakeFiles/test.dir/graph.cu.o
nvcc warning : incompatible redefinition for option 'std', the last value of this option was used
[ 69%] Building CUDA object CMakeFiles/test.dir/graph_helper.cu.o
nvcc warning : incompatible redefinition for option 'std', the last value of this option was used
[ 69%] Building CUDA object CMakeFiles/test.dir/cache/page_cache.cu.o
nvcc warning : incompatible redefinition for option 'std', the last value of this option was used
nvcc warning : incompatible redefinition for option 'std', the last value of this option was used
nvcc warning : incompatible redefinition for option 'std', the last value of this option was used
In file included from /home/myl/cache_search/head.h:3,
                 from /home/myl/cache_search/raytracing.h:3,
                 from /home/myl/cache_search/raytracing.cpp:2:
/home/myl/optix7.6/NVIDIA-OptiX-SDK-7.6.0-linux64-x86_64/include/optix_stubs.h: In function ‘OptixResult optixUninitWithHandle(void*)’:
/home/myl/optix7.6/NVIDIA-OptiX-SDK-7.6.0-linux64-x86_64/include/optix_stubs.h:256:36: warning: missing initializer for member ‘OptixFunctionTable::optixGetErrorString’ [-Wmissing-field-initializers]
  256 |     OptixFunctionTable empty = { 0 };
      |                                    ^
/home/myl/optix7.6/NVIDIA-OptiX-SDK-7.6.0-linux64-x86_64/include/optix_stubs.h:256:36: warning: missing initializer for member ‘OptixFunctionTable::optixDeviceContextCreate’ [-Wmissing-field-initializers]
/home/myl/optix7.6/NVIDIA-OptiX-SDK-7.6.0-linux64-x86_64/include/optix_stubs.h:256:36: warning: missing initializer for member ‘OptixFunctionTable::optixDeviceContextDestroy’ [-Wmissing-field-initializers]
/home/myl/optix7.6/NVIDIA-OptiX-SDK-7.6.0-linux64-x86_64/include/optix_stubs.h:256:36: warning: missing initializer for member ‘OptixFunctionTable::optixDeviceContextGetProperty’ [-Wmissing-field-initializers]
/home/myl/optix7.6/NVIDIA-OptiX-SDK-7.6.0-linux64-x86_64/include/optix_stubs.h:256:36: warning: missing initializer for member ‘OptixFunctionTable::optixDeviceContextSetLogCallback’ [-Wmissing-field-initializers]
/home/myl/optix7.6/NVIDIA-OptiX-SDK-7.6.0-linux64-x86_64/include/optix_stubs.h:256:36: warning: missing initializer for member ‘OptixFunctionTable::optixDeviceContextSetCacheEnabled’ [-Wmissing-field-initializers]
/home/myl/optix7.6/NVIDIA-OptiX-SDK-7.6.0-linux64-x86_64/include/optix_stubs.h:256:36: warning: missing initializer for member ‘OptixFunctionTable::optixDeviceContextSetCacheLocation’ [-Wmissing-field-initializers]
/home/myl/optix7.6/NVIDIA-OptiX-SDK-7.6.0-linux64-x86_64/include/optix_stubs.h:256:36: warning: missing initializer for member ‘OptixFunctionTable::optixDeviceContextSetCacheDatabaseSizes’ [-Wmissing-field-initializers]
/home/myl/optix7.6/NVIDIA-OptiX-SDK-7.6.0-linux64-x86_64/include/optix_stubs.h:256:36: warning: missing initializer for member ‘OptixFunctionTable::optixDeviceContextGetCacheEnabled’ [-Wmissing-field-initializers]
/home/myl/optix7.6/NVIDIA-OptiX-SDK-7.6.0-linux64-x86_64/include/optix_stubs.h:256:36: warning: missing initializer for member ‘OptixFunctionTable::optixDeviceContextGetCacheLocation’ [-Wmissing-field-initializers]
/home/myl/optix7.6/NVIDIA-OptiX-SDK-7.6.0-linux64-x86_64/include/optix_stubs.h:256:36: warning: missing initializer for member ‘OptixFunctionTable::optixDeviceContextGetCacheDatabaseSizes’ [-Wmissing-field-initializers]
/home/myl/optix7.6/NVIDIA-OptiX-SDK-7.6.0-linux64-x86_64/include/optix_stubs.h:256:36: warning: missing initializer for member ‘OptixFunctionTable::optixModuleCreateFromPTX’ [-Wmissing-field-initializers]
/home/myl/optix7.6/NVIDIA-OptiX-SDK-7.6.0-linux64-x86_64/include/optix_stubs.h:256:36: warning: missing initializer for member ‘OptixFunctionTable::optixModuleCreateFromPTXWithTasks’ [-Wmissing-field-initializers]
/home/myl/optix7.6/NVIDIA-OptiX-SDK-7.6.0-linux64-x86_64/include/optix_stubs.h:256:36: warning: missing initializer for member ‘OptixFunctionTable::optixModuleGetCompilationState’ [-Wmissing-field-initializers]
/home/myl/optix7.6/NVIDIA-OptiX-SDK-7.6.0-linux64-x86_64/include/optix_stubs.h:256:36: warning: missing initializer for member ‘OptixFunctionTable::optixModuleDestroy’ [-Wmissing-field-initializers]
/home/myl/optix7.6/NVIDIA-OptiX-SDK-7.6.0-linux64-x86_64/include/optix_stubs.h:256:36: warning: missing initializer for member ‘OptixFunctionTable::optixBuiltinISModuleGet’ [-Wmissing-field-initializers]
/home/myl/optix7.6/NVIDIA-OptiX-SDK-7.6.0-linux64-x86_64/include/optix_stubs.h:256:36: warning: missing initializer for member ‘OptixFunctionTable::optixTaskExecute’ [-Wmissing-field-initializers]
/home/myl/optix7.6/NVIDIA-OptiX-SDK-7.6.0-linux64-x86_64/include/optix_stubs.h:256:36: warning: missing initializer for member ‘OptixFunctionTable::optixProgramGroupCreate’ [-Wmissing-field-initializers]
/home/myl/optix7.6/NVIDIA-OptiX-SDK-7.6.0-linux64-x86_64/include/optix_stubs.h:256:36: warning: missing initializer for member ‘OptixFunctionTable::optixProgramGroupDestroy’ [-Wmissing-field-initializers]
/home/myl/optix7.6/NVIDIA-OptiX-SDK-7.6.0-linux64-x86_64/include/optix_stubs.h:256:36: warning: missing initializer for member ‘OptixFunctionTable::optixProgramGroupGetStackSize’ [-Wmissing-field-initializers]
/home/myl/optix7.6/NVIDIA-OptiX-SDK-7.6.0-linux64-x86_64/include/optix_stubs.h:256:36: warning: missing initializer for member ‘OptixFunctionTable::optixPipelineCreate’ [-Wmissing-field-initializers]
/home/myl/optix7.6/NVIDIA-OptiX-SDK-7.6.0-linux64-x86_64/include/optix_stubs.h:256:36: warning: missing initializer for member ‘OptixFunctionTable::optixPipelineDestroy’ [-Wmissing-field-initializers]
/home/myl/optix7.6/NVIDIA-OptiX-SDK-7.6.0-linux64-x86_64/include/optix_stubs.h:256:36: warning: missing initializer for member ‘OptixFunctionTable::optixPipelineSetStackSize’ [-Wmissing-field-initializers]
/home/myl/optix7.6/NVIDIA-OptiX-SDK-7.6.0-linux64-x86_64/include/optix_stubs.h:256:36: warning: missing initializer for member ‘OptixFunctionTable::optixAccelComputeMemoryUsage’ [-Wmissing-field-initializers]
/home/myl/optix7.6/NVIDIA-OptiX-SDK-7.6.0-linux64-x86_64/include/optix_stubs.h:256:36: warning: missing initializer for member ‘OptixFunctionTable::optixAccelBuild’ [-Wmissing-field-initializers]
/home/myl/optix7.6/NVIDIA-OptiX-SDK-7.6.0-linux64-x86_64/include/optix_stubs.h:256:36: warning: missing initializer for member ‘OptixFunctionTable::optixAccelGetRelocationInfo’ [-Wmissing-field-initializers]
/home/myl/optix7.6/NVIDIA-OptiX-SDK-7.6.0-linux64-x86_64/include/optix_stubs.h:256:36: warning: missing initializer for member ‘OptixFunctionTable::optixCheckRelocationCompatibility’ [-Wmissing-field-initializers]
/home/myl/optix7.6/NVIDIA-OptiX-SDK-7.6.0-linux64-x86_64/include/optix_stubs.h:256:36: warning: missing initializer for member ‘OptixFunctionTable::optixAccelRelocate’ [-Wmissing-field-initializers]
/home/myl/optix7.6/NVIDIA-OptiX-SDK-7.6.0-linux64-x86_64/include/optix_stubs.h:256:36: warning: missing initializer for member ‘OptixFunctionTable::optixAccelCompact’ [-Wmissing-field-initializers]
/home/myl/optix7.6/NVIDIA-OptiX-SDK-7.6.0-linux64-x86_64/include/optix_stubs.h:256:36: warning: missing initializer for member ‘OptixFunctionTable::optixConvertPointerToTraversableHandle’ [-Wmissing-field-initializers]
/home/myl/optix7.6/NVIDIA-OptiX-SDK-7.6.0-linux64-x86_64/include/optix_stubs.h:256:36: warning: missing initializer for member ‘OptixFunctionTable::optixOpacityMicromapArrayComputeMemoryUsage’ [-Wmissing-field-initializers]
/home/myl/optix7.6/NVIDIA-OptiX-SDK-7.6.0-linux64-x86_64/include/optix_stubs.h:256:36: warning: missing initializer for member ‘OptixFunctionTable::optixOpacityMicromapArrayBuild’ [-Wmissing-field-initializers]
/home/myl/optix7.6/NVIDIA-OptiX-SDK-7.6.0-linux64-x86_64/include/optix_stubs.h:256:36: warning: missing initializer for member ‘OptixFunctionTable::optixOpacityMicromapArrayGetRelocationInfo’ [-Wmissing-field-initializers]
/home/myl/optix7.6/NVIDIA-OptiX-SDK-7.6.0-linux64-x86_64/include/optix_stubs.h:256:36: warning: missing initializer for member ‘OptixFunctionTable::optixOpacityMicromapArrayRelocate’ [-Wmissing-field-initializers]
/home/myl/optix7.6/NVIDIA-OptiX-SDK-7.6.0-linux64-x86_64/include/optix_stubs.h:256:36: warning: missing initializer for member ‘OptixFunctionTable::reserved1’ [-Wmissing-field-initializers]
/home/myl/optix7.6/NVIDIA-OptiX-SDK-7.6.0-linux64-x86_64/include/optix_stubs.h:256:36: warning: missing initializer for member ‘OptixFunctionTable::reserved2’ [-Wmissing-field-initializers]
/home/myl/optix7.6/NVIDIA-OptiX-SDK-7.6.0-linux64-x86_64/include/optix_stubs.h:256:36: warning: missing initializer for member ‘OptixFunctionTable::optixSbtRecordPackHeader’ [-Wmissing-field-initializers]
/home/myl/optix7.6/NVIDIA-OptiX-SDK-7.6.0-linux64-x86_64/include/optix_stubs.h:256:36: warning: missing initializer for member ‘OptixFunctionTable::optixLaunch’ [-Wmissing-field-initializers]
/home/myl/optix7.6/NVIDIA-OptiX-SDK-7.6.0-linux64-x86_64/include/optix_stubs.h:256:36: warning: missing initializer for member ‘OptixFunctionTable::optixDenoiserCreate’ [-Wmissing-field-initializers]
/home/myl/optix7.6/NVIDIA-OptiX-SDK-7.6.0-linux64-x86_64/include/optix_stubs.h:256:36: warning: missing initializer for member ‘OptixFunctionTable::optixDenoiserDestroy’ [-Wmissing-field-initializers]
/home/myl/optix7.6/NVIDIA-OptiX-SDK-7.6.0-linux64-x86_64/include/optix_stubs.h:256:36: warning: missing initializer for member ‘OptixFunctionTable::optixDenoiserComputeMemoryResources’ [-Wmissing-field-initializers]
/home/myl/optix7.6/NVIDIA-OptiX-SDK-7.6.0-linux64-x86_64/include/optix_stubs.h:256:36: warning: missing initializer for member ‘OptixFunctionTable::optixDenoiserSetup’ [-Wmissing-field-initializers]
/home/myl/optix7.6/NVIDIA-OptiX-SDK-7.6.0-linux64-x86_64/include/optix_stubs.h:256:36: warning: missing initializer for member ‘OptixFunctionTable::optixDenoiserInvoke’ [-Wmissing-field-initializers]
/home/myl/optix7.6/NVIDIA-OptiX-SDK-7.6.0-linux64-x86_64/include/optix_stubs.h:256:36: warning: missing initializer for member ‘OptixFunctionTable::optixDenoiserComputeIntensity’ [-Wmissing-field-initializers]
/home/myl/optix7.6/NVIDIA-OptiX-SDK-7.6.0-linux64-x86_64/include/optix_stubs.h:256:36: warning: missing initializer for member ‘OptixFunctionTable::optixDenoiserComputeAverageColor’ [-Wmissing-field-initializers]
/home/myl/optix7.6/NVIDIA-OptiX-SDK-7.6.0-linux64-x86_64/include/optix_stubs.h:256:36: warning: missing initializer for member ‘OptixFunctionTable::optixDenoiserCreateWithUserModel’ [-Wmissing-field-initializers]
/home/myl/cache_search/cache/page_cache.cu:29: warning: "CUDA_CHECK" redefined
   29 | #define CUDA_CHECK(expr) cuda_check((expr), #expr, __FILE__, __LINE__)
      | 
In file included from /home/myl/cache_search/cache/../head.h:21,
                 from /home/myl/cache_search/cache/page_cache.h:7,
                 from /home/myl/cache_search/cache/page_cache.cu:1:
/home/myl/cache_search/cache/../helper.h:14: note: this is the location of the previous definition
   14 | #define CUDA_CHECK(call)                                                   \
      | 
In file included from /home/myl/cache_search/head.h:3,
                 from /home/myl/cache_search/entry.h:8,
                 from /home/myl/cache_search/graph.h:2,
                 from /home/myl/cache_search/main.cpp:3:
/home/myl/optix7.6/NVIDIA-OptiX-SDK-7.6.0-linux64-x86_64/include/optix_stubs.h: In function ‘OptixResult optixUninitWithHandle(void*)’:
/home/myl/optix7.6/NVIDIA-OptiX-SDK-7.6.0-linux64-x86_64/include/optix_stubs.h:256:36: warning: missing initializer for member ‘OptixFunctionTable::optixGetErrorString’ [-Wmissing-field-initializers]
  256 |     OptixFunctionTable empty = { 0 };
      |                                    ^
/home/myl/optix7.6/NVIDIA-OptiX-SDK-7.6.0-linux64-x86_64/include/optix_stubs.h:256:36: warning: missing initializer for member ‘OptixFunctionTable::optixDeviceContextCreate’ [-Wmissing-field-initializers]
/home/myl/optix7.6/NVIDIA-OptiX-SDK-7.6.0-linux64-x86_64/include/optix_stubs.h:256:36: warning: missing initializer for member ‘OptixFunctionTable::optixDeviceContextDestroy’ [-Wmissing-field-initializers]
/home/myl/optix7.6/NVIDIA-OptiX-SDK-7.6.0-linux64-x86_64/include/optix_stubs.h:256:36: warning: missing initializer for member ‘OptixFunctionTable::optixDeviceContextGetProperty’ [-Wmissing-field-initializers]
/home/myl/optix7.6/NVIDIA-OptiX-SDK-7.6.0-linux64-x86_64/include/optix_stubs.h:256:36: warning: missing initializer for member ‘OptixFunctionTable::optixDeviceContextSetLogCallback’ [-Wmissing-field-initializers]
/home/myl/optix7.6/NVIDIA-OptiX-SDK-7.6.0-linux64-x86_64/include/optix_stubs.h:256:36: warning: missing initializer for member ‘OptixFunctionTable::optixDeviceContextSetCacheEnabled’ [-Wmissing-field-initializers]
/home/myl/optix7.6/NVIDIA-OptiX-SDK-7.6.0-linux64-x86_64/include/optix_stubs.h:256:36: warning: missing initializer for member ‘OptixFunctionTable::optixDeviceContextSetCacheLocation’ [-Wmissing-field-initializers]
/home/myl/optix7.6/NVIDIA-OptiX-SDK-7.6.0-linux64-x86_64/include/optix_stubs.h:256:36: warning: missing initializer for member ‘OptixFunctionTable::optixDeviceContextSetCacheDatabaseSizes’ [-Wmissing-field-initializers]
/home/myl/optix7.6/NVIDIA-OptiX-SDK-7.6.0-linux64-x86_64/include/optix_stubs.h:256:36: warning: missing initializer for member ‘OptixFunctionTable::optixDeviceContextGetCacheEnabled’ [-Wmissing-field-initializers]
/home/myl/optix7.6/NVIDIA-OptiX-SDK-7.6.0-linux64-x86_64/include/optix_stubs.h:256:36: warning: missing initializer for member ‘OptixFunctionTable::optixDeviceContextGetCacheLocation’ [-Wmissing-field-initializers]
/home/myl/optix7.6/NVIDIA-OptiX-SDK-7.6.0-linux64-x86_64/include/optix_stubs.h:256:36: warning: missing initializer for member ‘OptixFunctionTable::optixDeviceContextGetCacheDatabaseSizes’ [-Wmissing-field-initializers]
/home/myl/optix7.6/NVIDIA-OptiX-SDK-7.6.0-linux64-x86_64/include/optix_stubs.h:256:36: warning: missing initializer for member ‘OptixFunctionTable::optixModuleCreateFromPTX’ [-Wmissing-field-initializers]
/home/myl/optix7.6/NVIDIA-OptiX-SDK-7.6.0-linux64-x86_64/include/optix_stubs.h:256:36: warning: missing initializer for member ‘OptixFunctionTable::optixModuleCreateFromPTXWithTasks’ [-Wmissing-field-initializers]
/home/myl/optix7.6/NVIDIA-OptiX-SDK-7.6.0-linux64-x86_64/include/optix_stubs.h:256:36: warning: missing initializer for member ‘OptixFunctionTable::optixModuleGetCompilationState’ [-Wmissing-field-initializers]
/home/myl/optix7.6/NVIDIA-OptiX-SDK-7.6.0-linux64-x86_64/include/optix_stubs.h:256:36: warning: missing initializer for member ‘OptixFunctionTable::optixModuleDestroy’ [-Wmissing-field-initializers]
/home/myl/optix7.6/NVIDIA-OptiX-SDK-7.6.0-linux64-x86_64/include/optix_stubs.h:256:36: warning: missing initializer for member ‘OptixFunctionTable::optixBuiltinISModuleGet’ [-Wmissing-field-initializers]
/home/myl/optix7.6/NVIDIA-OptiX-SDK-7.6.0-linux64-x86_64/include/optix_stubs.h:256:36: warning: missing initializer for member ‘OptixFunctionTable::optixTaskExecute’ [-Wmissing-field-initializers]
/home/myl/optix7.6/NVIDIA-OptiX-SDK-7.6.0-linux64-x86_64/include/optix_stubs.h:256:36: warning: missing initializer for member ‘OptixFunctionTable::optixProgramGroupCreate’ [-Wmissing-field-initializers]
/home/myl/optix7.6/NVIDIA-OptiX-SDK-7.6.0-linux64-x86_64/include/optix_stubs.h:256:36: warning: missing initializer for member ‘OptixFunctionTable::optixProgramGroupDestroy’ [-Wmissing-field-initializers]
/home/myl/optix7.6/NVIDIA-OptiX-SDK-7.6.0-linux64-x86_64/include/optix_stubs.h:256:36: warning: missing initializer for member ‘OptixFunctionTable::optixProgramGroupGetStackSize’ [-Wmissing-field-initializers]
/home/myl/optix7.6/NVIDIA-OptiX-SDK-7.6.0-linux64-x86_64/include/optix_stubs.h:256:36: warning: missing initializer for member ‘OptixFunctionTable::optixPipelineCreate’ [-Wmissing-field-initializers]
/home/myl/optix7.6/NVIDIA-OptiX-SDK-7.6.0-linux64-x86_64/include/optix_stubs.h:256:36: warning: missing initializer for member ‘OptixFunctionTable::optixPipelineDestroy’ [-Wmissing-field-initializers]
/home/myl/optix7.6/NVIDIA-OptiX-SDK-7.6.0-linux64-x86_64/include/optix_stubs.h:256:36: warning: missing initializer for member ‘OptixFunctionTable::optixPipelineSetStackSize’ [-Wmissing-field-initializers]
/home/myl/optix7.6/NVIDIA-OptiX-SDK-7.6.0-linux64-x86_64/include/optix_stubs.h:256:36: warning: missing initializer for member ‘OptixFunctionTable::optixAccelComputeMemoryUsage’ [-Wmissing-field-initializers]
/home/myl/optix7.6/NVIDIA-OptiX-SDK-7.6.0-linux64-x86_64/include/optix_stubs.h:256:36: warning: missing initializer for member ‘OptixFunctionTable::optixAccelBuild’ [-Wmissing-field-initializers]
/home/myl/optix7.6/NVIDIA-OptiX-SDK-7.6.0-linux64-x86_64/include/optix_stubs.h:256:36: warning: missing initializer for member ‘OptixFunctionTable::optixAccelGetRelocationInfo’ [-Wmissing-field-initializers]
/home/myl/optix7.6/NVIDIA-OptiX-SDK-7.6.0-linux64-x86_64/include/optix_stubs.h:256:36: warning: missing initializer for member ‘OptixFunctionTable::optixCheckRelocationCompatibility’ [-Wmissing-field-initializers]
/home/myl/optix7.6/NVIDIA-OptiX-SDK-7.6.0-linux64-x86_64/include/optix_stubs.h:256:36: warning: missing initializer for member ‘OptixFunctionTable::optixAccelRelocate’ [-Wmissing-field-initializers]
/home/myl/optix7.6/NVIDIA-OptiX-SDK-7.6.0-linux64-x86_64/include/optix_stubs.h:256:36: warning: missing initializer for member ‘OptixFunctionTable::optixAccelCompact’ [-Wmissing-field-initializers]
/home/myl/optix7.6/NVIDIA-OptiX-SDK-7.6.0-linux64-x86_64/include/optix_stubs.h:256:36: warning: missing initializer for member ‘OptixFunctionTable::optixConvertPointerToTraversableHandle’ [-Wmissing-field-initializers]
/home/myl/optix7.6/NVIDIA-OptiX-SDK-7.6.0-linux64-x86_64/include/optix_stubs.h:256:36: warning: missing initializer for member ‘OptixFunctionTable::optixOpacityMicromapArrayComputeMemoryUsage’ [-Wmissing-field-initializers]
/home/myl/optix7.6/NVIDIA-OptiX-SDK-7.6.0-linux64-x86_64/include/optix_stubs.h:256:36: warning: missing initializer for member ‘OptixFunctionTable::optixOpacityMicromapArrayBuild’ [-Wmissing-field-initializers]
/home/myl/optix7.6/NVIDIA-OptiX-SDK-7.6.0-linux64-x86_64/include/optix_stubs.h:256:36: warning: missing initializer for member ‘OptixFunctionTable::optixOpacityMicromapArrayGetRelocationInfo’ [-Wmissing-field-initializers]
/home/myl/optix7.6/NVIDIA-OptiX-SDK-7.6.0-linux64-x86_64/include/optix_stubs.h:256:36: warning: missing initializer for member ‘OptixFunctionTable::optixOpacityMicromapArrayRelocate’ [-Wmissing-field-initializers]
/home/myl/optix7.6/NVIDIA-OptiX-SDK-7.6.0-linux64-x86_64/include/optix_stubs.h:256:36: warning: missing initializer for member ‘OptixFunctionTable::reserved1’ [-Wmissing-field-initializers]
/home/myl/optix7.6/NVIDIA-OptiX-SDK-7.6.0-linux64-x86_64/include/optix_stubs.h:256:36: warning: missing initializer for member ‘OptixFunctionTable::reserved2’ [-Wmissing-field-initializers]
/home/myl/optix7.6/NVIDIA-OptiX-SDK-7.6.0-linux64-x86_64/include/optix_stubs.h:256:36: warning: missing initializer for member ‘OptixFunctionTable::optixSbtRecordPackHeader’ [-Wmissing-field-initializers]
/home/myl/optix7.6/NVIDIA-OptiX-SDK-7.6.0-linux64-x86_64/include/optix_stubs.h:256:36: warning: missing initializer for member ‘OptixFunctionTable::optixLaunch’ [-Wmissing-field-initializers]
/home/myl/optix7.6/NVIDIA-OptiX-SDK-7.6.0-linux64-x86_64/include/optix_stubs.h:256:36: warning: missing initializer for member ‘OptixFunctionTable::optixDenoiserCreate’ [-Wmissing-field-initializers]
/home/myl/optix7.6/NVIDIA-OptiX-SDK-7.6.0-linux64-x86_64/include/optix_stubs.h:256:36: warning: missing initializer for member ‘OptixFunctionTable::optixDenoiserDestroy’ [-Wmissing-field-initializers]
/home/myl/optix7.6/NVIDIA-OptiX-SDK-7.6.0-linux64-x86_64/include/optix_stubs.h:256:36: warning: missing initializer for member ‘OptixFunctionTable::optixDenoiserComputeMemoryResources’ [-Wmissing-field-initializers]
/home/myl/optix7.6/NVIDIA-OptiX-SDK-7.6.0-linux64-x86_64/include/optix_stubs.h:256:36: warning: missing initializer for member ‘OptixFunctionTable::optixDenoiserSetup’ [-Wmissing-field-initializers]
/home/myl/optix7.6/NVIDIA-OptiX-SDK-7.6.0-linux64-x86_64/include/optix_stubs.h:256:36: warning: missing initializer for member ‘OptixFunctionTable::optixDenoiserInvoke’ [-Wmissing-field-initializers]
/home/myl/optix7.6/NVIDIA-OptiX-SDK-7.6.0-linux64-x86_64/include/optix_stubs.h:256:36: warning: missing initializer for member ‘OptixFunctionTable::optixDenoiserComputeIntensity’ [-Wmissing-field-initializers]
/home/myl/optix7.6/NVIDIA-OptiX-SDK-7.6.0-linux64-x86_64/include/optix_stubs.h:256:36: warning: missing initializer for member ‘OptixFunctionTable::optixDenoiserComputeAverageColor’ [-Wmissing-field-initializers]
/home/myl/optix7.6/NVIDIA-OptiX-SDK-7.6.0-linux64-x86_64/include/optix_stubs.h:256:36: warning: missing initializer for member ‘OptixFunctionTable::optixDenoiserCreateWithUserModel’ [-Wmissing-field-initializers]
/home/myl/cache_search/cache/page_cache.cu:29: warning: "CUDA_CHECK" redefined
   29 | #define CUDA_CHECK(expr) cuda_check((expr), #expr, __FILE__, __LINE__)
      | 
In file included from /home/myl/cache_search/cache/../head.h:21,
                 from /home/myl/cache_search/cache/page_cache.h:7,
                 from /home/myl/cache_search/cache/page_cache.cu:1:
/home/myl/cache_search/cache/../helper.h:14: note: this is the location of the previous definition
   14 | #define CUDA_CHECK(call)                                                   \
      | 
/home/myl/cache_search/cache/page_cache.cu:29: warning: "CUDA_CHECK" redefined
   29 | #define CUDA_CHECK(expr) cuda_check((expr), #expr, __FILE__, __LINE__)
      | 
In file included from /home/myl/cache_search/cache/../head.h:21,
                 from /home/myl/cache_search/cache/page_cache.h:7,
                 from /home/myl/cache_search/cache/page_cache.cu:1:
/home/myl/cache_search/cache/../helper.h:14: note: this is the location of the previous definition
   14 | #define CUDA_CHECK(call)                                                   \
      | 
In file included from /home/myl/cache_search/graph.h:3,
                 from /home/myl/cache_search/main.cpp:3:
/home/myl/cache_search/pca/pca.h: In constructor ‘PCA::PCA(float*, uint, uint)’:
/home/myl/cache_search/pca/pca.h:17:23: warning: comparison of integer expressions of different signedness: ‘int’ and ‘uint’ {aka ‘unsigned int’} [-Wsign-compare]
   17 |     for (int i = 0; i < nb; i++) {
      |                     ~~^~~~
/home/myl/cache_search/pca/pca.h:18:25: warning: comparison of integer expressions of different signedness: ‘int’ and ‘uint’ {aka ‘unsigned int’} [-Wsign-compare]
   18 |       for (int j = 0; j < dim; j++) {
      |                       ~~^~~~~
/home/myl/cache_search/main.cpp: In function ‘int main(int, char**)’:
/home/myl/cache_search/main.cpp:91:9: warning: unused variable ‘datafile’ [-Wunused-variable]
   91 |   char* datafile = (char*)FLAGS_data_path.c_str();
      |         ^~~~~~~~
/home/myl/cache_search/main.cpp:92:9: warning: unused variable ‘queryfile’ [-Wunused-variable]
   92 |   char* queryfile = (char*)FLAGS_query_path.c_str();
      |         ^~~~~~~~~
/home/myl/cache_search/main.cpp:93:9: warning: unused variable ‘gtfile’ [-Wunused-variable]
   93 |   char* gtfile = (char*)FLAGS_gt_path.c_str();
      |         ^~~~~~
/home/myl/cache_search/file_read.cu(138): warning #1650-D: result of call is not used
    fscanf(file, "%d %d", &n, &d);
    ^

Remark: The warnings can be suppressed with "-diag-suppress <warning-number>"

/home/myl/cache_search/file_read.cu(142): warning #1650-D: result of call is not used
        fscanf(file, "%f,", &data[i * d + j]);
        ^

/home/myl/cache_search/file_read.cu(144): warning #1650-D: result of call is not used
      fscanf(file, "%f", &data[i * d + d - 1]);
      ^

/home/myl/cache_search/file_read.cu(206): warning #1650-D: result of call is not used
    fread(&d, sizeof(d), 1, file);
    ^

/home/myl/cache_search/file_read.cu(208): warning #1650-D: result of call is not used
    fread(data_ptr, sizeof(float), n*d, file);
    ^

/home/myl/cache_search/file_read.cu(138): warning #1650-D: result of call is not used
    fscanf(file, "%d %d", &n, &d);
    ^

Remark: The warnings can be suppressed with "-diag-suppress <warning-number>"

/home/myl/cache_search/file_read.cu(142): warning #1650-D: result of call is not used
        fscanf(file, "%f,", &data[i * d + j]);
        ^

/home/myl/cache_search/file_read.cu(144): warning #1650-D: result of call is not used
      fscanf(file, "%f", &data[i * d + d - 1]);
      ^

/home/myl/cache_search/file_read.cu(206): warning #1650-D: result of call is not used
    fread(&d, sizeof(d), 1, file);
    ^

/home/myl/cache_search/file_read.cu(208): warning #1650-D: result of call is not used
    fread(data_ptr, sizeof(float), n*d, file);
    ^

/home/myl/cache_search/graph_helper.cu(222): warning #177-D: variable "max_threads" was declared but never referenced
    int max_threads = 64;
        ^

Remark: The warnings can be suppressed with "-diag-suppress <warning-number>"

/home/myl/cache_search/graph_search.cuh(167): warning #177-D: variable "random_entry_seed" was declared but never referenced
    uint random_entry_seed = b_id*blockSize + t_id;
         ^

Remark: The warnings can be suppressed with "-diag-suppress <warning-number>"

/home/myl/cache_search/file_read.cu(138): warning #1650-D: result of call is not used
    fscanf(file, "%d %d", &n, &d);
    ^

Remark: The warnings can be suppressed with "-diag-suppress <warning-number>"

/home/myl/cache_search/file_read.cu(142): warning #1650-D: result of call is not used
        fscanf(file, "%f,", &data[i * d + j]);
        ^

/home/myl/cache_search/file_read.cu(144): warning #1650-D: result of call is not used
      fscanf(file, "%f", &data[i * d + d - 1]);
      ^

/home/myl/cache_search/file_read.cu(206): warning #1650-D: result of call is not used
    fread(&d, sizeof(d), 1, file);
    ^

/home/myl/cache_search/file_read.cu(208): warning #1650-D: result of call is not used
    fread(data_ptr, sizeof(float), n*d, file);
    ^

/home/myl/cache_search/graph_helper.cu(222): warning #177-D: variable "max_threads" was declared but never referenced
    int max_threads = 64;
        ^

Remark: The warnings can be suppressed with "-diag-suppress <warning-number>"

/home/myl/cache_search/file_read.cu: In static member function ‘static void file_read::read_txt_file(const char*, int&, int&, thrust::host_vector<float>&)’:
/home/myl/cache_search/file_read.cu:138:7: warning: ignoring return value of ‘int fscanf(FILE*, const char*, ...)’ declared with attribute ‘warn_unused_result’ [-Wunused-result]
  138 |   fscanf(file, "%d %d", &n, &d);
      |   ~~~~^~~~~~~~~~~~~~~~~~~~~~~
/home/myl/cache_search/file_read.cu:142:7: warning: ignoring return value of ‘int fscanf(FILE*, const char*, ...)’ declared with attribute ‘warn_unused_result’ [-Wunused-result]
  142 |       fscanf(file, "%f,", &data[i * d + j]);
      |       ^~~~~~~~~~~~~~~~~~~~~~~~~~~~~~~~~
/home/myl/cache_search/file_read.cu:144:7: warning: ignoring return value of ‘int fscanf(FILE*, const char*, ...)’ declared with attribute ‘warn_unused_result’ [-Wunused-result]
  144 |     fscanf(file, "%f", &data[i * d + d - 1]);
      |     ~~^~~~~~~~~~~~~~~~~~~~~~~~~~~~~~~~~~~~~~
/home/myl/cache_search/file_read.cu: In static member function ‘static void file_read::read_hvecs_file(const char*, int&, int&, thrust::host_vector<float>&)’:
/home/myl/cache_search/file_read.cu:206:6: warning: ignoring return value of ‘size_t fread(void*, size_t, size_t, FILE*)’ declared with attribute ‘warn_unused_result’ [-Wunused-result]
  206 |   fread(&d, sizeof(d), 1, file);
      |   ~~~^~~~~~~~~~~~~~~~~~~~~~~
/home/myl/cache_search/file_read.cu:208:6: warning: ignoring return value of ‘size_t fread(void*, size_t, size_t, FILE*)’ declared with attribute ‘warn_unused_result’ [-Wunused-result]
  208 |   fread(data_ptr, sizeof(float), n*d, file);
      |   ~~~^~~~~~~~~~~~~~~~~~~~~~~~~~~~~~~~~~~~~~
/home/myl/cache_search/graph_search.cuh(167): warning #177-D: variable "random_entry_seed" was declared but never referenced
    uint random_entry_seed = b_id*blockSize + t_id;
         ^

Remark: The warnings can be suppressed with "-diag-suppress <warning-number>"

[ 73%] Linking CXX executable /home/myl/cache_search/bin/test
[100%] Built target test
正在运行 ./test --ALGO=1 --topk=0 --n_candidates=1024 --expand_ratio=0.2 --point_ratio=0.00001024 --search_width=4 --t=50 --n_cluster=1000  --max_iter=1000 ...
Total GPUs visible: 6, using [3]: NVIDIA L40
Available Memory: 44940 MB, Total Memory: 45372 MB
Shared memory per block: 49152 bytes
Shared memory per SM   : 102400 bytes
Shared memory per block (optin): 101376 bytes
Input
n = 10000, d = 128
np = 100000000, dim = 128
Cluster number: 10000
Centroids read successfully
Input: copy points to device
Input: finish copy points to device
degree = 64
RB_Graph: finish read or build graph
Projection: reading pca base file /mnt/IntelP5520_8T_1/myl/cache_search/data/sift100M/rotated_base.fbin
read PCA file
sizeof_points = 12800000000
Projection: finish reading pca base file
BlockUp function
reading AABB from file /mnt/IntelP5520_8T_1/myl/cache_search/data/sift100M/1024_0.aabbs
Create context
Create module
Create program groups
Create pipeline
Create SBT
BVH Building Time = 0.459008 ms
batch_size = 5
time build_query_batches: 0.04417 ms
time pca projection: 0.183244 ms
time rt_entry search: 0.088362 ms
time graph search: 40701.5 ms
compute_dim = 17533719296
compute_dis = 547928728
average dimensions per distance computation = 32
time total search time: 40701.8 ms
checking results...
gt_k = 1000
recall1@1024 = 0.998900
recall10@1024 = 0.994410
recall100@1024 = 0.936806
recall1000@1024 = 0.526818
Free memory: 7686 MB
Total memory: 45372 MB
Used memory: 37686 MB
Clean up RT ...
Finish cleaning up RT
完成 DIM = 32 的测试

==================================================
正在处理: DIM = 31
==================================================
[ 13%] Built target compute_pca
[ 17%] Building NVCC ptx file cuda_compile_ptx_1_generated_devicePrograms.cu.ptx
[ 21%] compiling (and embedding ptx from) devicePrograms.cu
[ 26%] Building C object CMakeFiles/test.dir/cuda_compile_ptx_1_generated_devicePrograms.cu.ptx_embedded.c.o
[ 34%] Building CUDA object CMakeFiles/test.dir/aabb.cu.o
[ 34%] Building CXX object CMakeFiles/test.dir/main.cpp.o
[ 39%] Building CUDA object CMakeFiles/test.dir/entry.cu.o
[ 43%] Building CUDA object CMakeFiles/test.dir/entry_helper.cu.o
[ 47%] Building CUDA object CMakeFiles/test.dir/matrix.cu.o
[ 52%] Building CUDA object CMakeFiles/test.dir/file_read.cu.o
nvcc warning : incompatible redefinition for option 'std', the last value of this option was used
nvcc warning : incompatible redefinition for option 'std', the last value of this option was used
[ 56%] Building CXX object CMakeFiles/test.dir/raytracing.cpp.o
nvcc warning : incompatible redefinition for option 'std', the last value of this option was used
[ 60%] Building CUDA object CMakeFiles/test.dir/graph.cu.o
[ 65%] Building CUDA object CMakeFiles/test.dir/graph_helper.cu.o
nvcc warning : incompatible redefinition for option 'std', the last value of this option was used
nvcc warning : incompatible redefinition for option 'std', the last value of this option was used
[ 69%] Building CUDA object CMakeFiles/test.dir/cache/page_cache.cu.o
nvcc warning : incompatible redefinition for option 'std', the last value of this option was used
nvcc warning : incompatible redefinition for option 'std', the last value of this option was used
nvcc warning : incompatible redefinition for option 'std', the last value of this option was used
In file included from /home/myl/cache_search/head.h:3,
                 from /home/myl/cache_search/raytracing.h:3,
                 from /home/myl/cache_search/raytracing.cpp:2:
/home/myl/optix7.6/NVIDIA-OptiX-SDK-7.6.0-linux64-x86_64/include/optix_stubs.h: In function ‘OptixResult optixUninitWithHandle(void*)’:
/home/myl/optix7.6/NVIDIA-OptiX-SDK-7.6.0-linux64-x86_64/include/optix_stubs.h:256:36: warning: missing initializer for member ‘OptixFunctionTable::optixGetErrorString’ [-Wmissing-field-initializers]
  256 |     OptixFunctionTable empty = { 0 };
      |                                    ^
/home/myl/optix7.6/NVIDIA-OptiX-SDK-7.6.0-linux64-x86_64/include/optix_stubs.h:256:36: warning: missing initializer for member ‘OptixFunctionTable::optixDeviceContextCreate’ [-Wmissing-field-initializers]
/home/myl/optix7.6/NVIDIA-OptiX-SDK-7.6.0-linux64-x86_64/include/optix_stubs.h:256:36: warning: missing initializer for member ‘OptixFunctionTable::optixDeviceContextDestroy’ [-Wmissing-field-initializers]
/home/myl/optix7.6/NVIDIA-OptiX-SDK-7.6.0-linux64-x86_64/include/optix_stubs.h:256:36: warning: missing initializer for member ‘OptixFunctionTable::optixDeviceContextGetProperty’ [-Wmissing-field-initializers]
/home/myl/optix7.6/NVIDIA-OptiX-SDK-7.6.0-linux64-x86_64/include/optix_stubs.h:256:36: warning: missing initializer for member ‘OptixFunctionTable::optixDeviceContextSetLogCallback’ [-Wmissing-field-initializers]
/home/myl/optix7.6/NVIDIA-OptiX-SDK-7.6.0-linux64-x86_64/include/optix_stubs.h:256:36: warning: missing initializer for member ‘OptixFunctionTable::optixDeviceContextSetCacheEnabled’ [-Wmissing-field-initializers]
/home/myl/optix7.6/NVIDIA-OptiX-SDK-7.6.0-linux64-x86_64/include/optix_stubs.h:256:36: warning: missing initializer for member ‘OptixFunctionTable::optixDeviceContextSetCacheLocation’ [-Wmissing-field-initializers]
/home/myl/optix7.6/NVIDIA-OptiX-SDK-7.6.0-linux64-x86_64/include/optix_stubs.h:256:36: warning: missing initializer for member ‘OptixFunctionTable::optixDeviceContextSetCacheDatabaseSizes’ [-Wmissing-field-initializers]
/home/myl/optix7.6/NVIDIA-OptiX-SDK-7.6.0-linux64-x86_64/include/optix_stubs.h:256:36: warning: missing initializer for member ‘OptixFunctionTable::optixDeviceContextGetCacheEnabled’ [-Wmissing-field-initializers]
/home/myl/optix7.6/NVIDIA-OptiX-SDK-7.6.0-linux64-x86_64/include/optix_stubs.h:256:36: warning: missing initializer for member ‘OptixFunctionTable::optixDeviceContextGetCacheLocation’ [-Wmissing-field-initializers]
/home/myl/optix7.6/NVIDIA-OptiX-SDK-7.6.0-linux64-x86_64/include/optix_stubs.h:256:36: warning: missing initializer for member ‘OptixFunctionTable::optixDeviceContextGetCacheDatabaseSizes’ [-Wmissing-field-initializers]
/home/myl/optix7.6/NVIDIA-OptiX-SDK-7.6.0-linux64-x86_64/include/optix_stubs.h:256:36: warning: missing initializer for member ‘OptixFunctionTable::optixModuleCreateFromPTX’ [-Wmissing-field-initializers]
/home/myl/optix7.6/NVIDIA-OptiX-SDK-7.6.0-linux64-x86_64/include/optix_stubs.h:256:36: warning: missing initializer for member ‘OptixFunctionTable::optixModuleCreateFromPTXWithTasks’ [-Wmissing-field-initializers]
/home/myl/optix7.6/NVIDIA-OptiX-SDK-7.6.0-linux64-x86_64/include/optix_stubs.h:256:36: warning: missing initializer for member ‘OptixFunctionTable::optixModuleGetCompilationState’ [-Wmissing-field-initializers]
/home/myl/optix7.6/NVIDIA-OptiX-SDK-7.6.0-linux64-x86_64/include/optix_stubs.h:256:36: warning: missing initializer for member ‘OptixFunctionTable::optixModuleDestroy’ [-Wmissing-field-initializers]
/home/myl/optix7.6/NVIDIA-OptiX-SDK-7.6.0-linux64-x86_64/include/optix_stubs.h:256:36: warning: missing initializer for member ‘OptixFunctionTable::optixBuiltinISModuleGet’ [-Wmissing-field-initializers]
/home/myl/optix7.6/NVIDIA-OptiX-SDK-7.6.0-linux64-x86_64/include/optix_stubs.h:256:36: warning: missing initializer for member ‘OptixFunctionTable::optixTaskExecute’ [-Wmissing-field-initializers]
/home/myl/optix7.6/NVIDIA-OptiX-SDK-7.6.0-linux64-x86_64/include/optix_stubs.h:256:36: warning: missing initializer for member ‘OptixFunctionTable::optixProgramGroupCreate’ [-Wmissing-field-initializers]
/home/myl/optix7.6/NVIDIA-OptiX-SDK-7.6.0-linux64-x86_64/include/optix_stubs.h:256:36: warning: missing initializer for member ‘OptixFunctionTable::optixProgramGroupDestroy’ [-Wmissing-field-initializers]
/home/myl/optix7.6/NVIDIA-OptiX-SDK-7.6.0-linux64-x86_64/include/optix_stubs.h:256:36: warning: missing initializer for member ‘OptixFunctionTable::optixProgramGroupGetStackSize’ [-Wmissing-field-initializers]
/home/myl/optix7.6/NVIDIA-OptiX-SDK-7.6.0-linux64-x86_64/include/optix_stubs.h:256:36: warning: missing initializer for member ‘OptixFunctionTable::optixPipelineCreate’ [-Wmissing-field-initializers]
/home/myl/optix7.6/NVIDIA-OptiX-SDK-7.6.0-linux64-x86_64/include/optix_stubs.h:256:36: warning: missing initializer for member ‘OptixFunctionTable::optixPipelineDestroy’ [-Wmissing-field-initializers]
/home/myl/optix7.6/NVIDIA-OptiX-SDK-7.6.0-linux64-x86_64/include/optix_stubs.h:256:36: warning: missing initializer for member ‘OptixFunctionTable::optixPipelineSetStackSize’ [-Wmissing-field-initializers]
/home/myl/optix7.6/NVIDIA-OptiX-SDK-7.6.0-linux64-x86_64/include/optix_stubs.h:256:36: warning: missing initializer for member ‘OptixFunctionTable::optixAccelComputeMemoryUsage’ [-Wmissing-field-initializers]
/home/myl/optix7.6/NVIDIA-OptiX-SDK-7.6.0-linux64-x86_64/include/optix_stubs.h:256:36: warning: missing initializer for member ‘OptixFunctionTable::optixAccelBuild’ [-Wmissing-field-initializers]
/home/myl/optix7.6/NVIDIA-OptiX-SDK-7.6.0-linux64-x86_64/include/optix_stubs.h:256:36: warning: missing initializer for member ‘OptixFunctionTable::optixAccelGetRelocationInfo’ [-Wmissing-field-initializers]
/home/myl/optix7.6/NVIDIA-OptiX-SDK-7.6.0-linux64-x86_64/include/optix_stubs.h:256:36: warning: missing initializer for member ‘OptixFunctionTable::optixCheckRelocationCompatibility’ [-Wmissing-field-initializers]
/home/myl/optix7.6/NVIDIA-OptiX-SDK-7.6.0-linux64-x86_64/include/optix_stubs.h:256:36: warning: missing initializer for member ‘OptixFunctionTable::optixAccelRelocate’ [-Wmissing-field-initializers]
/home/myl/optix7.6/NVIDIA-OptiX-SDK-7.6.0-linux64-x86_64/include/optix_stubs.h:256:36: warning: missing initializer for member ‘OptixFunctionTable::optixAccelCompact’ [-Wmissing-field-initializers]
/home/myl/optix7.6/NVIDIA-OptiX-SDK-7.6.0-linux64-x86_64/include/optix_stubs.h:256:36: warning: missing initializer for member ‘OptixFunctionTable::optixConvertPointerToTraversableHandle’ [-Wmissing-field-initializers]
/home/myl/optix7.6/NVIDIA-OptiX-SDK-7.6.0-linux64-x86_64/include/optix_stubs.h:256:36: warning: missing initializer for member ‘OptixFunctionTable::optixOpacityMicromapArrayComputeMemoryUsage’ [-Wmissing-field-initializers]
/home/myl/optix7.6/NVIDIA-OptiX-SDK-7.6.0-linux64-x86_64/include/optix_stubs.h:256:36: warning: missing initializer for member ‘OptixFunctionTable::optixOpacityMicromapArrayBuild’ [-Wmissing-field-initializers]
/home/myl/optix7.6/NVIDIA-OptiX-SDK-7.6.0-linux64-x86_64/include/optix_stubs.h:256:36: warning: missing initializer for member ‘OptixFunctionTable::optixOpacityMicromapArrayGetRelocationInfo’ [-Wmissing-field-initializers]
/home/myl/optix7.6/NVIDIA-OptiX-SDK-7.6.0-linux64-x86_64/include/optix_stubs.h:256:36: warning: missing initializer for member ‘OptixFunctionTable::optixOpacityMicromapArrayRelocate’ [-Wmissing-field-initializers]
/home/myl/optix7.6/NVIDIA-OptiX-SDK-7.6.0-linux64-x86_64/include/optix_stubs.h:256:36: warning: missing initializer for member ‘OptixFunctionTable::reserved1’ [-Wmissing-field-initializers]
/home/myl/optix7.6/NVIDIA-OptiX-SDK-7.6.0-linux64-x86_64/include/optix_stubs.h:256:36: warning: missing initializer for member ‘OptixFunctionTable::reserved2’ [-Wmissing-field-initializers]
/home/myl/optix7.6/NVIDIA-OptiX-SDK-7.6.0-linux64-x86_64/include/optix_stubs.h:256:36: warning: missing initializer for member ‘OptixFunctionTable::optixSbtRecordPackHeader’ [-Wmissing-field-initializers]
/home/myl/optix7.6/NVIDIA-OptiX-SDK-7.6.0-linux64-x86_64/include/optix_stubs.h:256:36: warning: missing initializer for member ‘OptixFunctionTable::optixLaunch’ [-Wmissing-field-initializers]
/home/myl/optix7.6/NVIDIA-OptiX-SDK-7.6.0-linux64-x86_64/include/optix_stubs.h:256:36: warning: missing initializer for member ‘OptixFunctionTable::optixDenoiserCreate’ [-Wmissing-field-initializers]
/home/myl/optix7.6/NVIDIA-OptiX-SDK-7.6.0-linux64-x86_64/include/optix_stubs.h:256:36: warning: missing initializer for member ‘OptixFunctionTable::optixDenoiserDestroy’ [-Wmissing-field-initializers]
/home/myl/optix7.6/NVIDIA-OptiX-SDK-7.6.0-linux64-x86_64/include/optix_stubs.h:256:36: warning: missing initializer for member ‘OptixFunctionTable::optixDenoiserComputeMemoryResources’ [-Wmissing-field-initializers]
/home/myl/optix7.6/NVIDIA-OptiX-SDK-7.6.0-linux64-x86_64/include/optix_stubs.h:256:36: warning: missing initializer for member ‘OptixFunctionTable::optixDenoiserSetup’ [-Wmissing-field-initializers]
/home/myl/optix7.6/NVIDIA-OptiX-SDK-7.6.0-linux64-x86_64/include/optix_stubs.h:256:36: warning: missing initializer for member ‘OptixFunctionTable::optixDenoiserInvoke’ [-Wmissing-field-initializers]
/home/myl/optix7.6/NVIDIA-OptiX-SDK-7.6.0-linux64-x86_64/include/optix_stubs.h:256:36: warning: missing initializer for member ‘OptixFunctionTable::optixDenoiserComputeIntensity’ [-Wmissing-field-initializers]
/home/myl/optix7.6/NVIDIA-OptiX-SDK-7.6.0-linux64-x86_64/include/optix_stubs.h:256:36: warning: missing initializer for member ‘OptixFunctionTable::optixDenoiserComputeAverageColor’ [-Wmissing-field-initializers]
/home/myl/optix7.6/NVIDIA-OptiX-SDK-7.6.0-linux64-x86_64/include/optix_stubs.h:256:36: warning: missing initializer for member ‘OptixFunctionTable::optixDenoiserCreateWithUserModel’ [-Wmissing-field-initializers]
/home/myl/cache_search/cache/page_cache.cu:29: warning: "CUDA_CHECK" redefined
   29 | #define CUDA_CHECK(expr) cuda_check((expr), #expr, __FILE__, __LINE__)
      | 
In file included from /home/myl/cache_search/cache/../head.h:21,
                 from /home/myl/cache_search/cache/page_cache.h:7,
                 from /home/myl/cache_search/cache/page_cache.cu:1:
/home/myl/cache_search/cache/../helper.h:14: note: this is the location of the previous definition
   14 | #define CUDA_CHECK(call)                                                   \
      | 
In file included from /home/myl/cache_search/head.h:3,
                 from /home/myl/cache_search/entry.h:8,
                 from /home/myl/cache_search/graph.h:2,
                 from /home/myl/cache_search/main.cpp:3:
/home/myl/optix7.6/NVIDIA-OptiX-SDK-7.6.0-linux64-x86_64/include/optix_stubs.h: In function ‘OptixResult optixUninitWithHandle(void*)’:
/home/myl/optix7.6/NVIDIA-OptiX-SDK-7.6.0-linux64-x86_64/include/optix_stubs.h:256:36: warning: missing initializer for member ‘OptixFunctionTable::optixGetErrorString’ [-Wmissing-field-initializers]
  256 |     OptixFunctionTable empty = { 0 };
      |                                    ^
/home/myl/optix7.6/NVIDIA-OptiX-SDK-7.6.0-linux64-x86_64/include/optix_stubs.h:256:36: warning: missing initializer for member ‘OptixFunctionTable::optixDeviceContextCreate’ [-Wmissing-field-initializers]
/home/myl/optix7.6/NVIDIA-OptiX-SDK-7.6.0-linux64-x86_64/include/optix_stubs.h:256:36: warning: missing initializer for member ‘OptixFunctionTable::optixDeviceContextDestroy’ [-Wmissing-field-initializers]
/home/myl/optix7.6/NVIDIA-OptiX-SDK-7.6.0-linux64-x86_64/include/optix_stubs.h:256:36: warning: missing initializer for member ‘OptixFunctionTable::optixDeviceContextGetProperty’ [-Wmissing-field-initializers]
/home/myl/optix7.6/NVIDIA-OptiX-SDK-7.6.0-linux64-x86_64/include/optix_stubs.h:256:36: warning: missing initializer for member ‘OptixFunctionTable::optixDeviceContextSetLogCallback’ [-Wmissing-field-initializers]
/home/myl/optix7.6/NVIDIA-OptiX-SDK-7.6.0-linux64-x86_64/include/optix_stubs.h:256:36: warning: missing initializer for member ‘OptixFunctionTable::optixDeviceContextSetCacheEnabled’ [-Wmissing-field-initializers]
/home/myl/optix7.6/NVIDIA-OptiX-SDK-7.6.0-linux64-x86_64/include/optix_stubs.h:256:36: warning: missing initializer for member ‘OptixFunctionTable::optixDeviceContextSetCacheLocation’ [-Wmissing-field-initializers]
/home/myl/optix7.6/NVIDIA-OptiX-SDK-7.6.0-linux64-x86_64/include/optix_stubs.h:256:36: warning: missing initializer for member ‘OptixFunctionTable::optixDeviceContextSetCacheDatabaseSizes’ [-Wmissing-field-initializers]
/home/myl/optix7.6/NVIDIA-OptiX-SDK-7.6.0-linux64-x86_64/include/optix_stubs.h:256:36: warning: missing initializer for member ‘OptixFunctionTable::optixDeviceContextGetCacheEnabled’ [-Wmissing-field-initializers]
/home/myl/optix7.6/NVIDIA-OptiX-SDK-7.6.0-linux64-x86_64/include/optix_stubs.h:256:36: warning: missing initializer for member ‘OptixFunctionTable::optixDeviceContextGetCacheLocation’ [-Wmissing-field-initializers]
/home/myl/optix7.6/NVIDIA-OptiX-SDK-7.6.0-linux64-x86_64/include/optix_stubs.h:256:36: warning: missing initializer for member ‘OptixFunctionTable::optixDeviceContextGetCacheDatabaseSizes’ [-Wmissing-field-initializers]
/home/myl/optix7.6/NVIDIA-OptiX-SDK-7.6.0-linux64-x86_64/include/optix_stubs.h:256:36: warning: missing initializer for member ‘OptixFunctionTable::optixModuleCreateFromPTX’ [-Wmissing-field-initializers]
/home/myl/optix7.6/NVIDIA-OptiX-SDK-7.6.0-linux64-x86_64/include/optix_stubs.h:256:36: warning: missing initializer for member ‘OptixFunctionTable::optixModuleCreateFromPTXWithTasks’ [-Wmissing-field-initializers]
/home/myl/optix7.6/NVIDIA-OptiX-SDK-7.6.0-linux64-x86_64/include/optix_stubs.h:256:36: warning: missing initializer for member ‘OptixFunctionTable::optixModuleGetCompilationState’ [-Wmissing-field-initializers]
/home/myl/optix7.6/NVIDIA-OptiX-SDK-7.6.0-linux64-x86_64/include/optix_stubs.h:256:36: warning: missing initializer for member ‘OptixFunctionTable::optixModuleDestroy’ [-Wmissing-field-initializers]
/home/myl/optix7.6/NVIDIA-OptiX-SDK-7.6.0-linux64-x86_64/include/optix_stubs.h:256:36: warning: missing initializer for member ‘OptixFunctionTable::optixBuiltinISModuleGet’ [-Wmissing-field-initializers]
/home/myl/optix7.6/NVIDIA-OptiX-SDK-7.6.0-linux64-x86_64/include/optix_stubs.h:256:36: warning: missing initializer for member ‘OptixFunctionTable::optixTaskExecute’ [-Wmissing-field-initializers]
/home/myl/optix7.6/NVIDIA-OptiX-SDK-7.6.0-linux64-x86_64/include/optix_stubs.h:256:36: warning: missing initializer for member ‘OptixFunctionTable::optixProgramGroupCreate’ [-Wmissing-field-initializers]
/home/myl/optix7.6/NVIDIA-OptiX-SDK-7.6.0-linux64-x86_64/include/optix_stubs.h:256:36: warning: missing initializer for member ‘OptixFunctionTable::optixProgramGroupDestroy’ [-Wmissing-field-initializers]
/home/myl/optix7.6/NVIDIA-OptiX-SDK-7.6.0-linux64-x86_64/include/optix_stubs.h:256:36: warning: missing initializer for member ‘OptixFunctionTable::optixProgramGroupGetStackSize’ [-Wmissing-field-initializers]
/home/myl/optix7.6/NVIDIA-OptiX-SDK-7.6.0-linux64-x86_64/include/optix_stubs.h:256:36: warning: missing initializer for member ‘OptixFunctionTable::optixPipelineCreate’ [-Wmissing-field-initializers]
/home/myl/optix7.6/NVIDIA-OptiX-SDK-7.6.0-linux64-x86_64/include/optix_stubs.h:256:36: warning: missing initializer for member ‘OptixFunctionTable::optixPipelineDestroy’ [-Wmissing-field-initializers]
/home/myl/optix7.6/NVIDIA-OptiX-SDK-7.6.0-linux64-x86_64/include/optix_stubs.h:256:36: warning: missing initializer for member ‘OptixFunctionTable::optixPipelineSetStackSize’ [-Wmissing-field-initializers]
/home/myl/optix7.6/NVIDIA-OptiX-SDK-7.6.0-linux64-x86_64/include/optix_stubs.h:256:36: warning: missing initializer for member ‘OptixFunctionTable::optixAccelComputeMemoryUsage’ [-Wmissing-field-initializers]
/home/myl/optix7.6/NVIDIA-OptiX-SDK-7.6.0-linux64-x86_64/include/optix_stubs.h:256:36: warning: missing initializer for member ‘OptixFunctionTable::optixAccelBuild’ [-Wmissing-field-initializers]
/home/myl/optix7.6/NVIDIA-OptiX-SDK-7.6.0-linux64-x86_64/include/optix_stubs.h:256:36: warning: missing initializer for member ‘OptixFunctionTable::optixAccelGetRelocationInfo’ [-Wmissing-field-initializers]
/home/myl/optix7.6/NVIDIA-OptiX-SDK-7.6.0-linux64-x86_64/include/optix_stubs.h:256:36: warning: missing initializer for member ‘OptixFunctionTable::optixCheckRelocationCompatibility’ [-Wmissing-field-initializers]
/home/myl/optix7.6/NVIDIA-OptiX-SDK-7.6.0-linux64-x86_64/include/optix_stubs.h:256:36: warning: missing initializer for member ‘OptixFunctionTable::optixAccelRelocate’ [-Wmissing-field-initializers]
/home/myl/optix7.6/NVIDIA-OptiX-SDK-7.6.0-linux64-x86_64/include/optix_stubs.h:256:36: warning: missing initializer for member ‘OptixFunctionTable::optixAccelCompact’ [-Wmissing-field-initializers]
/home/myl/optix7.6/NVIDIA-OptiX-SDK-7.6.0-linux64-x86_64/include/optix_stubs.h:256:36: warning: missing initializer for member ‘OptixFunctionTable::optixConvertPointerToTraversableHandle’ [-Wmissing-field-initializers]
/home/myl/optix7.6/NVIDIA-OptiX-SDK-7.6.0-linux64-x86_64/include/optix_stubs.h:256:36: warning: missing initializer for member ‘OptixFunctionTable::optixOpacityMicromapArrayComputeMemoryUsage’ [-Wmissing-field-initializers]
/home/myl/optix7.6/NVIDIA-OptiX-SDK-7.6.0-linux64-x86_64/include/optix_stubs.h:256:36: warning: missing initializer for member ‘OptixFunctionTable::optixOpacityMicromapArrayBuild’ [-Wmissing-field-initializers]
/home/myl/optix7.6/NVIDIA-OptiX-SDK-7.6.0-linux64-x86_64/include/optix_stubs.h:256:36: warning: missing initializer for member ‘OptixFunctionTable::optixOpacityMicromapArrayGetRelocationInfo’ [-Wmissing-field-initializers]
/home/myl/optix7.6/NVIDIA-OptiX-SDK-7.6.0-linux64-x86_64/include/optix_stubs.h:256:36: warning: missing initializer for member ‘OptixFunctionTable::optixOpacityMicromapArrayRelocate’ [-Wmissing-field-initializers]
/home/myl/optix7.6/NVIDIA-OptiX-SDK-7.6.0-linux64-x86_64/include/optix_stubs.h:256:36: warning: missing initializer for member ‘OptixFunctionTable::reserved1’ [-Wmissing-field-initializers]
/home/myl/optix7.6/NVIDIA-OptiX-SDK-7.6.0-linux64-x86_64/include/optix_stubs.h:256:36: warning: missing initializer for member ‘OptixFunctionTable::reserved2’ [-Wmissing-field-initializers]
/home/myl/optix7.6/NVIDIA-OptiX-SDK-7.6.0-linux64-x86_64/include/optix_stubs.h:256:36: warning: missing initializer for member ‘OptixFunctionTable::optixSbtRecordPackHeader’ [-Wmissing-field-initializers]
/home/myl/optix7.6/NVIDIA-OptiX-SDK-7.6.0-linux64-x86_64/include/optix_stubs.h:256:36: warning: missing initializer for member ‘OptixFunctionTable::optixLaunch’ [-Wmissing-field-initializers]
/home/myl/optix7.6/NVIDIA-OptiX-SDK-7.6.0-linux64-x86_64/include/optix_stubs.h:256:36: warning: missing initializer for member ‘OptixFunctionTable::optixDenoiserCreate’ [-Wmissing-field-initializers]
/home/myl/optix7.6/NVIDIA-OptiX-SDK-7.6.0-linux64-x86_64/include/optix_stubs.h:256:36: warning: missing initializer for member ‘OptixFunctionTable::optixDenoiserDestroy’ [-Wmissing-field-initializers]
/home/myl/optix7.6/NVIDIA-OptiX-SDK-7.6.0-linux64-x86_64/include/optix_stubs.h:256:36: warning: missing initializer for member ‘OptixFunctionTable::optixDenoiserComputeMemoryResources’ [-Wmissing-field-initializers]
/home/myl/optix7.6/NVIDIA-OptiX-SDK-7.6.0-linux64-x86_64/include/optix_stubs.h:256:36: warning: missing initializer for member ‘OptixFunctionTable::optixDenoiserSetup’ [-Wmissing-field-initializers]
/home/myl/optix7.6/NVIDIA-OptiX-SDK-7.6.0-linux64-x86_64/include/optix_stubs.h:256:36: warning: missing initializer for member ‘OptixFunctionTable::optixDenoiserInvoke’ [-Wmissing-field-initializers]
/home/myl/optix7.6/NVIDIA-OptiX-SDK-7.6.0-linux64-x86_64/include/optix_stubs.h:256:36: warning: missing initializer for member ‘OptixFunctionTable::optixDenoiserComputeIntensity’ [-Wmissing-field-initializers]
/home/myl/optix7.6/NVIDIA-OptiX-SDK-7.6.0-linux64-x86_64/include/optix_stubs.h:256:36: warning: missing initializer for member ‘OptixFunctionTable::optixDenoiserComputeAverageColor’ [-Wmissing-field-initializers]
/home/myl/optix7.6/NVIDIA-OptiX-SDK-7.6.0-linux64-x86_64/include/optix_stubs.h:256:36: warning: missing initializer for member ‘OptixFunctionTable::optixDenoiserCreateWithUserModel’ [-Wmissing-field-initializers]
/home/myl/cache_search/cache/page_cache.cu:29: warning: "CUDA_CHECK" redefined
   29 | #define CUDA_CHECK(expr) cuda_check((expr), #expr, __FILE__, __LINE__)
      | 
In file included from /home/myl/cache_search/cache/../head.h:21,
                 from /home/myl/cache_search/cache/page_cache.h:7,
                 from /home/myl/cache_search/cache/page_cache.cu:1:
/home/myl/cache_search/cache/../helper.h:14: note: this is the location of the previous definition
   14 | #define CUDA_CHECK(call)                                                   \
      | 
/home/myl/cache_search/cache/page_cache.cu:29: warning: "CUDA_CHECK" redefined
   29 | #define CUDA_CHECK(expr) cuda_check((expr), #expr, __FILE__, __LINE__)
      | 
In file included from /home/myl/cache_search/cache/../head.h:21,
                 from /home/myl/cache_search/cache/page_cache.h:7,
                 from /home/myl/cache_search/cache/page_cache.cu:1:
/home/myl/cache_search/cache/../helper.h:14: note: this is the location of the previous definition
   14 | #define CUDA_CHECK(call)                                                   \
      | 
In file included from /home/myl/cache_search/graph.h:3,
                 from /home/myl/cache_search/main.cpp:3:
/home/myl/cache_search/pca/pca.h: In constructor ‘PCA::PCA(float*, uint, uint)’:
/home/myl/cache_search/pca/pca.h:17:23: warning: comparison of integer expressions of different signedness: ‘int’ and ‘uint’ {aka ‘unsigned int’} [-Wsign-compare]
   17 |     for (int i = 0; i < nb; i++) {
      |                     ~~^~~~
/home/myl/cache_search/pca/pca.h:18:25: warning: comparison of integer expressions of different signedness: ‘int’ and ‘uint’ {aka ‘unsigned int’} [-Wsign-compare]
   18 |       for (int j = 0; j < dim; j++) {
      |                       ~~^~~~~
/home/myl/cache_search/main.cpp: In function ‘int main(int, char**)’:
/home/myl/cache_search/main.cpp:91:9: warning: unused variable ‘datafile’ [-Wunused-variable]
   91 |   char* datafile = (char*)FLAGS_data_path.c_str();
      |         ^~~~~~~~
/home/myl/cache_search/main.cpp:92:9: warning: unused variable ‘queryfile’ [-Wunused-variable]
   92 |   char* queryfile = (char*)FLAGS_query_path.c_str();
      |         ^~~~~~~~~
/home/myl/cache_search/main.cpp:93:9: warning: unused variable ‘gtfile’ [-Wunused-variable]
   93 |   char* gtfile = (char*)FLAGS_gt_path.c_str();
      |         ^~~~~~
/home/myl/cache_search/file_read.cu(138): warning #1650-D: result of call is not used
    fscanf(file, "%d %d", &n, &d);
    ^

Remark: The warnings can be suppressed with "-diag-suppress <warning-number>"

/home/myl/cache_search/file_read.cu(142): warning #1650-D: result of call is not used
        fscanf(file, "%f,", &data[i * d + j]);
        ^

/home/myl/cache_search/file_read.cu(144): warning #1650-D: result of call is not used
      fscanf(file, "%f", &data[i * d + d - 1]);
      ^

/home/myl/cache_search/file_read.cu(206): warning #1650-D: result of call is not used
    fread(&d, sizeof(d), 1, file);
    ^

/home/myl/cache_search/file_read.cu(208): warning #1650-D: result of call is not used
    fread(data_ptr, sizeof(float), n*d, file);
    ^

/home/myl/cache_search/file_read.cu(138): warning #1650-D: result of call is not used
    fscanf(file, "%d %d", &n, &d);
    ^

Remark: The warnings can be suppressed with "-diag-suppress <warning-number>"

/home/myl/cache_search/file_read.cu(142): warning #1650-D: result of call is not used
        fscanf(file, "%f,", &data[i * d + j]);
        ^

/home/myl/cache_search/file_read.cu(144): warning #1650-D: result of call is not used
      fscanf(file, "%f", &data[i * d + d - 1]);
      ^

/home/myl/cache_search/file_read.cu(206): warning #1650-D: result of call is not used
    fread(&d, sizeof(d), 1, file);
    ^

/home/myl/cache_search/file_read.cu(208): warning #1650-D: result of call is not used
    fread(data_ptr, sizeof(float), n*d, file);
    ^

/home/myl/cache_search/graph_search.cuh(167): warning #177-D: variable "random_entry_seed" was declared but never referenced
    uint random_entry_seed = b_id*blockSize + t_id;
         ^

Remark: The warnings can be suppressed with "-diag-suppress <warning-number>"

/home/myl/cache_search/graph_helper.cu(222): warning #177-D: variable "max_threads" was declared but never referenced
    int max_threads = 64;
        ^

Remark: The warnings can be suppressed with "-diag-suppress <warning-number>"

/home/myl/cache_search/file_read.cu(138): warning #1650-D: result of call is not used
    fscanf(file, "%d %d", &n, &d);
    ^

Remark: The warnings can be suppressed with "-diag-suppress <warning-number>"

/home/myl/cache_search/file_read.cu(142): warning #1650-D: result of call is not used
        fscanf(file, "%f,", &data[i * d + j]);
        ^

/home/myl/cache_search/file_read.cu(144): warning #1650-D: result of call is not used
      fscanf(file, "%f", &data[i * d + d - 1]);
      ^

/home/myl/cache_search/file_read.cu(206): warning #1650-D: result of call is not used
    fread(&d, sizeof(d), 1, file);
    ^

/home/myl/cache_search/file_read.cu(208): warning #1650-D: result of call is not used
    fread(data_ptr, sizeof(float), n*d, file);
    ^

/home/myl/cache_search/graph_helper.cu(222): warning #177-D: variable "max_threads" was declared but never referenced
    int max_threads = 64;
        ^

Remark: The warnings can be suppressed with "-diag-suppress <warning-number>"

/home/myl/cache_search/file_read.cu: In static member function ‘static void file_read::read_txt_file(const char*, int&, int&, thrust::host_vector<float>&)’:
/home/myl/cache_search/file_read.cu:138:7: warning: ignoring return value of ‘int fscanf(FILE*, const char*, ...)’ declared with attribute ‘warn_unused_result’ [-Wunused-result]
  138 |   fscanf(file, "%d %d", &n, &d);
      |   ~~~~^~~~~~~~~~~~~~~~~~~~~~~
/home/myl/cache_search/file_read.cu:142:7: warning: ignoring return value of ‘int fscanf(FILE*, const char*, ...)’ declared with attribute ‘warn_unused_result’ [-Wunused-result]
  142 |       fscanf(file, "%f,", &data[i * d + j]);
      |       ^~~~~~~~~~~~~~~~~~~~~~~~~~~~~~~~~
/home/myl/cache_search/file_read.cu:144:7: warning: ignoring return value of ‘int fscanf(FILE*, const char*, ...)’ declared with attribute ‘warn_unused_result’ [-Wunused-result]
  144 |     fscanf(file, "%f", &data[i * d + d - 1]);
      |     ~~^~~~~~~~~~~~~~~~~~~~~~~~~~~~~~~~~~~~~~
/home/myl/cache_search/file_read.cu: In static member function ‘static void file_read::read_hvecs_file(const char*, int&, int&, thrust::host_vector<float>&)’:
/home/myl/cache_search/file_read.cu:206:6: warning: ignoring return value of ‘size_t fread(void*, size_t, size_t, FILE*)’ declared with attribute ‘warn_unused_result’ [-Wunused-result]
  206 |   fread(&d, sizeof(d), 1, file);
      |   ~~~^~~~~~~~~~~~~~~~~~~~~~~
/home/myl/cache_search/file_read.cu:208:6: warning: ignoring return value of ‘size_t fread(void*, size_t, size_t, FILE*)’ declared with attribute ‘warn_unused_result’ [-Wunused-result]
  208 |   fread(data_ptr, sizeof(float), n*d, file);
      |   ~~~^~~~~~~~~~~~~~~~~~~~~~~~~~~~~~~~~~~~~~
/home/myl/cache_search/graph_search.cuh(167): warning #177-D: variable "random_entry_seed" was declared but never referenced
    uint random_entry_seed = b_id*blockSize + t_id;
         ^

Remark: The warnings can be suppressed with "-diag-suppress <warning-number>"

[ 73%] Linking CXX executable /home/myl/cache_search/bin/test
[100%] Built target test
正在运行 ./test --ALGO=1 --topk=0 --n_candidates=1024 --expand_ratio=0.2 --point_ratio=0.00001024 --search_width=4 --t=50 --n_cluster=1000  --max_iter=1000 ...
Total GPUs visible: 6, using [3]: NVIDIA L40
Available Memory: 44940 MB, Total Memory: 45372 MB
Shared memory per block: 49152 bytes
Shared memory per SM   : 102400 bytes
Shared memory per block (optin): 101376 bytes
Input
n = 10000, d = 128
np = 100000000, dim = 128
Cluster number: 10000
Centroids read successfully
Input: copy points to device
Input: finish copy points to device
degree = 64
RB_Graph: finish read or build graph
Projection: reading pca base file /mnt/IntelP5520_8T_1/myl/cache_search/data/sift100M/rotated_base.fbin
read PCA file
sizeof_points = 12800000000
Projection: finish reading pca base file
BlockUp function
reading AABB from file /mnt/IntelP5520_8T_1/myl/cache_search/data/sift100M/1024_0.aabbs
Create context
Create module
Create program groups
Create pipeline
Create SBT
BVH Building Time = 0.530624 ms
batch_size = 5
time build_query_batches: 0.044828 ms
time pca projection: 0.238944 ms
time rt_entry search: 0.067458 ms
time graph search: 39835.5 ms
compute_dim = 17002689133
compute_dis = 548473843
average dimensions per distance computation = 31
time total search time: 39835.9 ms
checking results...
gt_k = 1000
recall1@1024 = 0.998200
recall10@1024 = 0.993040
recall100@1024 = 0.927566
recall1000@1024 = 0.514214
Free memory: 8068 MB
Total memory: 45372 MB
Used memory: 37304 MB
Clean up RT ...
Finish cleaning up RT
完成 DIM = 31 的测试

==================================================
正在处理: DIM = 30
==================================================
[ 13%] Built target compute_pca
[ 17%] Building NVCC ptx file cuda_compile_ptx_1_generated_devicePrograms.cu.ptx
[ 21%] compiling (and embedding ptx from) devicePrograms.cu
[ 26%] Building C object CMakeFiles/test.dir/cuda_compile_ptx_1_generated_devicePrograms.cu.ptx_embedded.c.o
[ 30%] Building CXX object CMakeFiles/test.dir/main.cpp.o
[ 34%] Building CUDA object CMakeFiles/test.dir/aabb.cu.o
[ 39%] Building CUDA object CMakeFiles/test.dir/entry.cu.o
[ 43%] Building CUDA object CMakeFiles/test.dir/entry_helper.cu.o
[ 47%] Building CUDA object CMakeFiles/test.dir/matrix.cu.o
[ 52%] Building CUDA object CMakeFiles/test.dir/file_read.cu.o
nvcc warning : incompatible redefinition for option 'std', the last value of this option was used
[ 56%] Building CXX object CMakeFiles/test.dir/raytracing.cpp.o
nvcc warning : incompatible redefinition for option 'std', the last value of this option was used
nvcc warning : incompatible redefinition for option 'std', the last value of this option was used
[ 60%] Building CUDA object CMakeFiles/test.dir/graph.cu.o
nvcc warning : incompatible redefinition for option 'std', the last value of this option was used
[ 65%] Building CUDA object CMakeFiles/test.dir/graph_helper.cu.o
nvcc warning : incompatible redefinition for option 'std', the last value of this option was used
[ 69%] Building CUDA object CMakeFiles/test.dir/cache/page_cache.cu.o
nvcc warning : incompatible redefinition for option 'std', the last value of this option was used
nvcc warning : incompatible redefinition for option 'std', the last value of this option was used
nvcc warning : incompatible redefinition for option 'std', the last value of this option was used
In file included from /home/myl/cache_search/head.h:3,
                 from /home/myl/cache_search/raytracing.h:3,
                 from /home/myl/cache_search/raytracing.cpp:2:
/home/myl/optix7.6/NVIDIA-OptiX-SDK-7.6.0-linux64-x86_64/include/optix_stubs.h: In function ‘OptixResult optixUninitWithHandle(void*)’:
/home/myl/optix7.6/NVIDIA-OptiX-SDK-7.6.0-linux64-x86_64/include/optix_stubs.h:256:36: warning: missing initializer for member ‘OptixFunctionTable::optixGetErrorString’ [-Wmissing-field-initializers]
  256 |     OptixFunctionTable empty = { 0 };
      |                                    ^
/home/myl/optix7.6/NVIDIA-OptiX-SDK-7.6.0-linux64-x86_64/include/optix_stubs.h:256:36: warning: missing initializer for member ‘OptixFunctionTable::optixDeviceContextCreate’ [-Wmissing-field-initializers]
/home/myl/optix7.6/NVIDIA-OptiX-SDK-7.6.0-linux64-x86_64/include/optix_stubs.h:256:36: warning: missing initializer for member ‘OptixFunctionTable::optixDeviceContextDestroy’ [-Wmissing-field-initializers]
/home/myl/optix7.6/NVIDIA-OptiX-SDK-7.6.0-linux64-x86_64/include/optix_stubs.h:256:36: warning: missing initializer for member ‘OptixFunctionTable::optixDeviceContextGetProperty’ [-Wmissing-field-initializers]
/home/myl/optix7.6/NVIDIA-OptiX-SDK-7.6.0-linux64-x86_64/include/optix_stubs.h:256:36: warning: missing initializer for member ‘OptixFunctionTable::optixDeviceContextSetLogCallback’ [-Wmissing-field-initializers]
/home/myl/optix7.6/NVIDIA-OptiX-SDK-7.6.0-linux64-x86_64/include/optix_stubs.h:256:36: warning: missing initializer for member ‘OptixFunctionTable::optixDeviceContextSetCacheEnabled’ [-Wmissing-field-initializers]
/home/myl/optix7.6/NVIDIA-OptiX-SDK-7.6.0-linux64-x86_64/include/optix_stubs.h:256:36: warning: missing initializer for member ‘OptixFunctionTable::optixDeviceContextSetCacheLocation’ [-Wmissing-field-initializers]
/home/myl/optix7.6/NVIDIA-OptiX-SDK-7.6.0-linux64-x86_64/include/optix_stubs.h:256:36: warning: missing initializer for member ‘OptixFunctionTable::optixDeviceContextSetCacheDatabaseSizes’ [-Wmissing-field-initializers]
/home/myl/optix7.6/NVIDIA-OptiX-SDK-7.6.0-linux64-x86_64/include/optix_stubs.h:256:36: warning: missing initializer for member ‘OptixFunctionTable::optixDeviceContextGetCacheEnabled’ [-Wmissing-field-initializers]
/home/myl/optix7.6/NVIDIA-OptiX-SDK-7.6.0-linux64-x86_64/include/optix_stubs.h:256:36: warning: missing initializer for member ‘OptixFunctionTable::optixDeviceContextGetCacheLocation’ [-Wmissing-field-initializers]
/home/myl/optix7.6/NVIDIA-OptiX-SDK-7.6.0-linux64-x86_64/include/optix_stubs.h:256:36: warning: missing initializer for member ‘OptixFunctionTable::optixDeviceContextGetCacheDatabaseSizes’ [-Wmissing-field-initializers]
/home/myl/optix7.6/NVIDIA-OptiX-SDK-7.6.0-linux64-x86_64/include/optix_stubs.h:256:36: warning: missing initializer for member ‘OptixFunctionTable::optixModuleCreateFromPTX’ [-Wmissing-field-initializers]
/home/myl/optix7.6/NVIDIA-OptiX-SDK-7.6.0-linux64-x86_64/include/optix_stubs.h:256:36: warning: missing initializer for member ‘OptixFunctionTable::optixModuleCreateFromPTXWithTasks’ [-Wmissing-field-initializers]
/home/myl/optix7.6/NVIDIA-OptiX-SDK-7.6.0-linux64-x86_64/include/optix_stubs.h:256:36: warning: missing initializer for member ‘OptixFunctionTable::optixModuleGetCompilationState’ [-Wmissing-field-initializers]
/home/myl/optix7.6/NVIDIA-OptiX-SDK-7.6.0-linux64-x86_64/include/optix_stubs.h:256:36: warning: missing initializer for member ‘OptixFunctionTable::optixModuleDestroy’ [-Wmissing-field-initializers]
/home/myl/optix7.6/NVIDIA-OptiX-SDK-7.6.0-linux64-x86_64/include/optix_stubs.h:256:36: warning: missing initializer for member ‘OptixFunctionTable::optixBuiltinISModuleGet’ [-Wmissing-field-initializers]
/home/myl/optix7.6/NVIDIA-OptiX-SDK-7.6.0-linux64-x86_64/include/optix_stubs.h:256:36: warning: missing initializer for member ‘OptixFunctionTable::optixTaskExecute’ [-Wmissing-field-initializers]
/home/myl/optix7.6/NVIDIA-OptiX-SDK-7.6.0-linux64-x86_64/include/optix_stubs.h:256:36: warning: missing initializer for member ‘OptixFunctionTable::optixProgramGroupCreate’ [-Wmissing-field-initializers]
/home/myl/optix7.6/NVIDIA-OptiX-SDK-7.6.0-linux64-x86_64/include/optix_stubs.h:256:36: warning: missing initializer for member ‘OptixFunctionTable::optixProgramGroupDestroy’ [-Wmissing-field-initializers]
/home/myl/optix7.6/NVIDIA-OptiX-SDK-7.6.0-linux64-x86_64/include/optix_stubs.h:256:36: warning: missing initializer for member ‘OptixFunctionTable::optixProgramGroupGetStackSize’ [-Wmissing-field-initializers]
/home/myl/optix7.6/NVIDIA-OptiX-SDK-7.6.0-linux64-x86_64/include/optix_stubs.h:256:36: warning: missing initializer for member ‘OptixFunctionTable::optixPipelineCreate’ [-Wmissing-field-initializers]
/home/myl/optix7.6/NVIDIA-OptiX-SDK-7.6.0-linux64-x86_64/include/optix_stubs.h:256:36: warning: missing initializer for member ‘OptixFunctionTable::optixPipelineDestroy’ [-Wmissing-field-initializers]
/home/myl/optix7.6/NVIDIA-OptiX-SDK-7.6.0-linux64-x86_64/include/optix_stubs.h:256:36: warning: missing initializer for member ‘OptixFunctionTable::optixPipelineSetStackSize’ [-Wmissing-field-initializers]
/home/myl/optix7.6/NVIDIA-OptiX-SDK-7.6.0-linux64-x86_64/include/optix_stubs.h:256:36: warning: missing initializer for member ‘OptixFunctionTable::optixAccelComputeMemoryUsage’ [-Wmissing-field-initializers]
/home/myl/optix7.6/NVIDIA-OptiX-SDK-7.6.0-linux64-x86_64/include/optix_stubs.h:256:36: warning: missing initializer for member ‘OptixFunctionTable::optixAccelBuild’ [-Wmissing-field-initializers]
/home/myl/optix7.6/NVIDIA-OptiX-SDK-7.6.0-linux64-x86_64/include/optix_stubs.h:256:36: warning: missing initializer for member ‘OptixFunctionTable::optixAccelGetRelocationInfo’ [-Wmissing-field-initializers]
/home/myl/optix7.6/NVIDIA-OptiX-SDK-7.6.0-linux64-x86_64/include/optix_stubs.h:256:36: warning: missing initializer for member ‘OptixFunctionTable::optixCheckRelocationCompatibility’ [-Wmissing-field-initializers]
/home/myl/optix7.6/NVIDIA-OptiX-SDK-7.6.0-linux64-x86_64/include/optix_stubs.h:256:36: warning: missing initializer for member ‘OptixFunctionTable::optixAccelRelocate’ [-Wmissing-field-initializers]
/home/myl/optix7.6/NVIDIA-OptiX-SDK-7.6.0-linux64-x86_64/include/optix_stubs.h:256:36: warning: missing initializer for member ‘OptixFunctionTable::optixAccelCompact’ [-Wmissing-field-initializers]
/home/myl/optix7.6/NVIDIA-OptiX-SDK-7.6.0-linux64-x86_64/include/optix_stubs.h:256:36: warning: missing initializer for member ‘OptixFunctionTable::optixConvertPointerToTraversableHandle’ [-Wmissing-field-initializers]
/home/myl/optix7.6/NVIDIA-OptiX-SDK-7.6.0-linux64-x86_64/include/optix_stubs.h:256:36: warning: missing initializer for member ‘OptixFunctionTable::optixOpacityMicromapArrayComputeMemoryUsage’ [-Wmissing-field-initializers]
/home/myl/optix7.6/NVIDIA-OptiX-SDK-7.6.0-linux64-x86_64/include/optix_stubs.h:256:36: warning: missing initializer for member ‘OptixFunctionTable::optixOpacityMicromapArrayBuild’ [-Wmissing-field-initializers]
/home/myl/optix7.6/NVIDIA-OptiX-SDK-7.6.0-linux64-x86_64/include/optix_stubs.h:256:36: warning: missing initializer for member ‘OptixFunctionTable::optixOpacityMicromapArrayGetRelocationInfo’ [-Wmissing-field-initializers]
/home/myl/optix7.6/NVIDIA-OptiX-SDK-7.6.0-linux64-x86_64/include/optix_stubs.h:256:36: warning: missing initializer for member ‘OptixFunctionTable::optixOpacityMicromapArrayRelocate’ [-Wmissing-field-initializers]
/home/myl/optix7.6/NVIDIA-OptiX-SDK-7.6.0-linux64-x86_64/include/optix_stubs.h:256:36: warning: missing initializer for member ‘OptixFunctionTable::reserved1’ [-Wmissing-field-initializers]
/home/myl/optix7.6/NVIDIA-OptiX-SDK-7.6.0-linux64-x86_64/include/optix_stubs.h:256:36: warning: missing initializer for member ‘OptixFunctionTable::reserved2’ [-Wmissing-field-initializers]
/home/myl/optix7.6/NVIDIA-OptiX-SDK-7.6.0-linux64-x86_64/include/optix_stubs.h:256:36: warning: missing initializer for member ‘OptixFunctionTable::optixSbtRecordPackHeader’ [-Wmissing-field-initializers]
/home/myl/optix7.6/NVIDIA-OptiX-SDK-7.6.0-linux64-x86_64/include/optix_stubs.h:256:36: warning: missing initializer for member ‘OptixFunctionTable::optixLaunch’ [-Wmissing-field-initializers]
/home/myl/optix7.6/NVIDIA-OptiX-SDK-7.6.0-linux64-x86_64/include/optix_stubs.h:256:36: warning: missing initializer for member ‘OptixFunctionTable::optixDenoiserCreate’ [-Wmissing-field-initializers]
/home/myl/optix7.6/NVIDIA-OptiX-SDK-7.6.0-linux64-x86_64/include/optix_stubs.h:256:36: warning: missing initializer for member ‘OptixFunctionTable::optixDenoiserDestroy’ [-Wmissing-field-initializers]
/home/myl/optix7.6/NVIDIA-OptiX-SDK-7.6.0-linux64-x86_64/include/optix_stubs.h:256:36: warning: missing initializer for member ‘OptixFunctionTable::optixDenoiserComputeMemoryResources’ [-Wmissing-field-initializers]
/home/myl/optix7.6/NVIDIA-OptiX-SDK-7.6.0-linux64-x86_64/include/optix_stubs.h:256:36: warning: missing initializer for member ‘OptixFunctionTable::optixDenoiserSetup’ [-Wmissing-field-initializers]
/home/myl/optix7.6/NVIDIA-OptiX-SDK-7.6.0-linux64-x86_64/include/optix_stubs.h:256:36: warning: missing initializer for member ‘OptixFunctionTable::optixDenoiserInvoke’ [-Wmissing-field-initializers]
/home/myl/optix7.6/NVIDIA-OptiX-SDK-7.6.0-linux64-x86_64/include/optix_stubs.h:256:36: warning: missing initializer for member ‘OptixFunctionTable::optixDenoiserComputeIntensity’ [-Wmissing-field-initializers]
/home/myl/optix7.6/NVIDIA-OptiX-SDK-7.6.0-linux64-x86_64/include/optix_stubs.h:256:36: warning: missing initializer for member ‘OptixFunctionTable::optixDenoiserComputeAverageColor’ [-Wmissing-field-initializers]
/home/myl/optix7.6/NVIDIA-OptiX-SDK-7.6.0-linux64-x86_64/include/optix_stubs.h:256:36: warning: missing initializer for member ‘OptixFunctionTable::optixDenoiserCreateWithUserModel’ [-Wmissing-field-initializers]
/home/myl/cache_search/cache/page_cache.cu:29: warning: "CUDA_CHECK" redefined
   29 | #define CUDA_CHECK(expr) cuda_check((expr), #expr, __FILE__, __LINE__)
      | 
In file included from /home/myl/cache_search/cache/../head.h:21,
                 from /home/myl/cache_search/cache/page_cache.h:7,
                 from /home/myl/cache_search/cache/page_cache.cu:1:
/home/myl/cache_search/cache/../helper.h:14: note: this is the location of the previous definition
   14 | #define CUDA_CHECK(call)                                                   \
      | 
In file included from /home/myl/cache_search/head.h:3,
                 from /home/myl/cache_search/entry.h:8,
                 from /home/myl/cache_search/graph.h:2,
                 from /home/myl/cache_search/main.cpp:3:
/home/myl/optix7.6/NVIDIA-OptiX-SDK-7.6.0-linux64-x86_64/include/optix_stubs.h: In function ‘OptixResult optixUninitWithHandle(void*)’:
/home/myl/optix7.6/NVIDIA-OptiX-SDK-7.6.0-linux64-x86_64/include/optix_stubs.h:256:36: warning: missing initializer for member ‘OptixFunctionTable::optixGetErrorString’ [-Wmissing-field-initializers]
  256 |     OptixFunctionTable empty = { 0 };
      |                                    ^
/home/myl/optix7.6/NVIDIA-OptiX-SDK-7.6.0-linux64-x86_64/include/optix_stubs.h:256:36: warning: missing initializer for member ‘OptixFunctionTable::optixDeviceContextCreate’ [-Wmissing-field-initializers]
/home/myl/optix7.6/NVIDIA-OptiX-SDK-7.6.0-linux64-x86_64/include/optix_stubs.h:256:36: warning: missing initializer for member ‘OptixFunctionTable::optixDeviceContextDestroy’ [-Wmissing-field-initializers]
/home/myl/optix7.6/NVIDIA-OptiX-SDK-7.6.0-linux64-x86_64/include/optix_stubs.h:256:36: warning: missing initializer for member ‘OptixFunctionTable::optixDeviceContextGetProperty’ [-Wmissing-field-initializers]
/home/myl/optix7.6/NVIDIA-OptiX-SDK-7.6.0-linux64-x86_64/include/optix_stubs.h:256:36: warning: missing initializer for member ‘OptixFunctionTable::optixDeviceContextSetLogCallback’ [-Wmissing-field-initializers]
/home/myl/optix7.6/NVIDIA-OptiX-SDK-7.6.0-linux64-x86_64/include/optix_stubs.h:256:36: warning: missing initializer for member ‘OptixFunctionTable::optixDeviceContextSetCacheEnabled’ [-Wmissing-field-initializers]
/home/myl/optix7.6/NVIDIA-OptiX-SDK-7.6.0-linux64-x86_64/include/optix_stubs.h:256:36: warning: missing initializer for member ‘OptixFunctionTable::optixDeviceContextSetCacheLocation’ [-Wmissing-field-initializers]
/home/myl/optix7.6/NVIDIA-OptiX-SDK-7.6.0-linux64-x86_64/include/optix_stubs.h:256:36: warning: missing initializer for member ‘OptixFunctionTable::optixDeviceContextSetCacheDatabaseSizes’ [-Wmissing-field-initializers]
/home/myl/optix7.6/NVIDIA-OptiX-SDK-7.6.0-linux64-x86_64/include/optix_stubs.h:256:36: warning: missing initializer for member ‘OptixFunctionTable::optixDeviceContextGetCacheEnabled’ [-Wmissing-field-initializers]
/home/myl/optix7.6/NVIDIA-OptiX-SDK-7.6.0-linux64-x86_64/include/optix_stubs.h:256:36: warning: missing initializer for member ‘OptixFunctionTable::optixDeviceContextGetCacheLocation’ [-Wmissing-field-initializers]
/home/myl/optix7.6/NVIDIA-OptiX-SDK-7.6.0-linux64-x86_64/include/optix_stubs.h:256:36: warning: missing initializer for member ‘OptixFunctionTable::optixDeviceContextGetCacheDatabaseSizes’ [-Wmissing-field-initializers]
/home/myl/optix7.6/NVIDIA-OptiX-SDK-7.6.0-linux64-x86_64/include/optix_stubs.h:256:36: warning: missing initializer for member ‘OptixFunctionTable::optixModuleCreateFromPTX’ [-Wmissing-field-initializers]
/home/myl/optix7.6/NVIDIA-OptiX-SDK-7.6.0-linux64-x86_64/include/optix_stubs.h:256:36: warning: missing initializer for member ‘OptixFunctionTable::optixModuleCreateFromPTXWithTasks’ [-Wmissing-field-initializers]
/home/myl/optix7.6/NVIDIA-OptiX-SDK-7.6.0-linux64-x86_64/include/optix_stubs.h:256:36: warning: missing initializer for member ‘OptixFunctionTable::optixModuleGetCompilationState’ [-Wmissing-field-initializers]
/home/myl/optix7.6/NVIDIA-OptiX-SDK-7.6.0-linux64-x86_64/include/optix_stubs.h:256:36: warning: missing initializer for member ‘OptixFunctionTable::optixModuleDestroy’ [-Wmissing-field-initializers]
/home/myl/optix7.6/NVIDIA-OptiX-SDK-7.6.0-linux64-x86_64/include/optix_stubs.h:256:36: warning: missing initializer for member ‘OptixFunctionTable::optixBuiltinISModuleGet’ [-Wmissing-field-initializers]
/home/myl/optix7.6/NVIDIA-OptiX-SDK-7.6.0-linux64-x86_64/include/optix_stubs.h:256:36: warning: missing initializer for member ‘OptixFunctionTable::optixTaskExecute’ [-Wmissing-field-initializers]
/home/myl/optix7.6/NVIDIA-OptiX-SDK-7.6.0-linux64-x86_64/include/optix_stubs.h:256:36: warning: missing initializer for member ‘OptixFunctionTable::optixProgramGroupCreate’ [-Wmissing-field-initializers]
/home/myl/optix7.6/NVIDIA-OptiX-SDK-7.6.0-linux64-x86_64/include/optix_stubs.h:256:36: warning: missing initializer for member ‘OptixFunctionTable::optixProgramGroupDestroy’ [-Wmissing-field-initializers]
/home/myl/optix7.6/NVIDIA-OptiX-SDK-7.6.0-linux64-x86_64/include/optix_stubs.h:256:36: warning: missing initializer for member ‘OptixFunctionTable::optixProgramGroupGetStackSize’ [-Wmissing-field-initializers]
/home/myl/optix7.6/NVIDIA-OptiX-SDK-7.6.0-linux64-x86_64/include/optix_stubs.h:256:36: warning: missing initializer for member ‘OptixFunctionTable::optixPipelineCreate’ [-Wmissing-field-initializers]
/home/myl/optix7.6/NVIDIA-OptiX-SDK-7.6.0-linux64-x86_64/include/optix_stubs.h:256:36: warning: missing initializer for member ‘OptixFunctionTable::optixPipelineDestroy’ [-Wmissing-field-initializers]
/home/myl/optix7.6/NVIDIA-OptiX-SDK-7.6.0-linux64-x86_64/include/optix_stubs.h:256:36: warning: missing initializer for member ‘OptixFunctionTable::optixPipelineSetStackSize’ [-Wmissing-field-initializers]
/home/myl/optix7.6/NVIDIA-OptiX-SDK-7.6.0-linux64-x86_64/include/optix_stubs.h:256:36: warning: missing initializer for member ‘OptixFunctionTable::optixAccelComputeMemoryUsage’ [-Wmissing-field-initializers]
/home/myl/optix7.6/NVIDIA-OptiX-SDK-7.6.0-linux64-x86_64/include/optix_stubs.h:256:36: warning: missing initializer for member ‘OptixFunctionTable::optixAccelBuild’ [-Wmissing-field-initializers]
/home/myl/optix7.6/NVIDIA-OptiX-SDK-7.6.0-linux64-x86_64/include/optix_stubs.h:256:36: warning: missing initializer for member ‘OptixFunctionTable::optixAccelGetRelocationInfo’ [-Wmissing-field-initializers]
/home/myl/optix7.6/NVIDIA-OptiX-SDK-7.6.0-linux64-x86_64/include/optix_stubs.h:256:36: warning: missing initializer for member ‘OptixFunctionTable::optixCheckRelocationCompatibility’ [-Wmissing-field-initializers]
/home/myl/optix7.6/NVIDIA-OptiX-SDK-7.6.0-linux64-x86_64/include/optix_stubs.h:256:36: warning: missing initializer for member ‘OptixFunctionTable::optixAccelRelocate’ [-Wmissing-field-initializers]
/home/myl/optix7.6/NVIDIA-OptiX-SDK-7.6.0-linux64-x86_64/include/optix_stubs.h:256:36: warning: missing initializer for member ‘OptixFunctionTable::optixAccelCompact’ [-Wmissing-field-initializers]
/home/myl/optix7.6/NVIDIA-OptiX-SDK-7.6.0-linux64-x86_64/include/optix_stubs.h:256:36: warning: missing initializer for member ‘OptixFunctionTable::optixConvertPointerToTraversableHandle’ [-Wmissing-field-initializers]
/home/myl/optix7.6/NVIDIA-OptiX-SDK-7.6.0-linux64-x86_64/include/optix_stubs.h:256:36: warning: missing initializer for member ‘OptixFunctionTable::optixOpacityMicromapArrayComputeMemoryUsage’ [-Wmissing-field-initializers]
/home/myl/optix7.6/NVIDIA-OptiX-SDK-7.6.0-linux64-x86_64/include/optix_stubs.h:256:36: warning: missing initializer for member ‘OptixFunctionTable::optixOpacityMicromapArrayBuild’ [-Wmissing-field-initializers]
/home/myl/optix7.6/NVIDIA-OptiX-SDK-7.6.0-linux64-x86_64/include/optix_stubs.h:256:36: warning: missing initializer for member ‘OptixFunctionTable::optixOpacityMicromapArrayGetRelocationInfo’ [-Wmissing-field-initializers]
/home/myl/optix7.6/NVIDIA-OptiX-SDK-7.6.0-linux64-x86_64/include/optix_stubs.h:256:36: warning: missing initializer for member ‘OptixFunctionTable::optixOpacityMicromapArrayRelocate’ [-Wmissing-field-initializers]
/home/myl/optix7.6/NVIDIA-OptiX-SDK-7.6.0-linux64-x86_64/include/optix_stubs.h:256:36: warning: missing initializer for member ‘OptixFunctionTable::reserved1’ [-Wmissing-field-initializers]
/home/myl/optix7.6/NVIDIA-OptiX-SDK-7.6.0-linux64-x86_64/include/optix_stubs.h:256:36: warning: missing initializer for member ‘OptixFunctionTable::reserved2’ [-Wmissing-field-initializers]
/home/myl/optix7.6/NVIDIA-OptiX-SDK-7.6.0-linux64-x86_64/include/optix_stubs.h:256:36: warning: missing initializer for member ‘OptixFunctionTable::optixSbtRecordPackHeader’ [-Wmissing-field-initializers]
/home/myl/optix7.6/NVIDIA-OptiX-SDK-7.6.0-linux64-x86_64/include/optix_stubs.h:256:36: warning: missing initializer for member ‘OptixFunctionTable::optixLaunch’ [-Wmissing-field-initializers]
/home/myl/optix7.6/NVIDIA-OptiX-SDK-7.6.0-linux64-x86_64/include/optix_stubs.h:256:36: warning: missing initializer for member ‘OptixFunctionTable::optixDenoiserCreate’ [-Wmissing-field-initializers]
/home/myl/optix7.6/NVIDIA-OptiX-SDK-7.6.0-linux64-x86_64/include/optix_stubs.h:256:36: warning: missing initializer for member ‘OptixFunctionTable::optixDenoiserDestroy’ [-Wmissing-field-initializers]
/home/myl/optix7.6/NVIDIA-OptiX-SDK-7.6.0-linux64-x86_64/include/optix_stubs.h:256:36: warning: missing initializer for member ‘OptixFunctionTable::optixDenoiserComputeMemoryResources’ [-Wmissing-field-initializers]
/home/myl/optix7.6/NVIDIA-OptiX-SDK-7.6.0-linux64-x86_64/include/optix_stubs.h:256:36: warning: missing initializer for member ‘OptixFunctionTable::optixDenoiserSetup’ [-Wmissing-field-initializers]
/home/myl/optix7.6/NVIDIA-OptiX-SDK-7.6.0-linux64-x86_64/include/optix_stubs.h:256:36: warning: missing initializer for member ‘OptixFunctionTable::optixDenoiserInvoke’ [-Wmissing-field-initializers]
/home/myl/optix7.6/NVIDIA-OptiX-SDK-7.6.0-linux64-x86_64/include/optix_stubs.h:256:36: warning: missing initializer for member ‘OptixFunctionTable::optixDenoiserComputeIntensity’ [-Wmissing-field-initializers]
/home/myl/optix7.6/NVIDIA-OptiX-SDK-7.6.0-linux64-x86_64/include/optix_stubs.h:256:36: warning: missing initializer for member ‘OptixFunctionTable::optixDenoiserComputeAverageColor’ [-Wmissing-field-initializers]
/home/myl/optix7.6/NVIDIA-OptiX-SDK-7.6.0-linux64-x86_64/include/optix_stubs.h:256:36: warning: missing initializer for member ‘OptixFunctionTable::optixDenoiserCreateWithUserModel’ [-Wmissing-field-initializers]
/home/myl/cache_search/cache/page_cache.cu:29: warning: "CUDA_CHECK" redefined
   29 | #define CUDA_CHECK(expr) cuda_check((expr), #expr, __FILE__, __LINE__)
      | 
In file included from /home/myl/cache_search/cache/../head.h:21,
                 from /home/myl/cache_search/cache/page_cache.h:7,
                 from /home/myl/cache_search/cache/page_cache.cu:1:
/home/myl/cache_search/cache/../helper.h:14: note: this is the location of the previous definition
   14 | #define CUDA_CHECK(call)                                                   \
      | 
/home/myl/cache_search/cache/page_cache.cu:29: warning: "CUDA_CHECK" redefined
   29 | #define CUDA_CHECK(expr) cuda_check((expr), #expr, __FILE__, __LINE__)
      | 
In file included from /home/myl/cache_search/cache/../head.h:21,
                 from /home/myl/cache_search/cache/page_cache.h:7,
                 from /home/myl/cache_search/cache/page_cache.cu:1:
/home/myl/cache_search/cache/../helper.h:14: note: this is the location of the previous definition
   14 | #define CUDA_CHECK(call)                                                   \
      | 
In file included from /home/myl/cache_search/graph.h:3,
                 from /home/myl/cache_search/main.cpp:3:
/home/myl/cache_search/pca/pca.h: In constructor ‘PCA::PCA(float*, uint, uint)’:
/home/myl/cache_search/pca/pca.h:17:23: warning: comparison of integer expressions of different signedness: ‘int’ and ‘uint’ {aka ‘unsigned int’} [-Wsign-compare]
   17 |     for (int i = 0; i < nb; i++) {
      |                     ~~^~~~
/home/myl/cache_search/pca/pca.h:18:25: warning: comparison of integer expressions of different signedness: ‘int’ and ‘uint’ {aka ‘unsigned int’} [-Wsign-compare]
   18 |       for (int j = 0; j < dim; j++) {
      |                       ~~^~~~~
/home/myl/cache_search/main.cpp: In function ‘int main(int, char**)’:
/home/myl/cache_search/main.cpp:91:9: warning: unused variable ‘datafile’ [-Wunused-variable]
   91 |   char* datafile = (char*)FLAGS_data_path.c_str();
      |         ^~~~~~~~
/home/myl/cache_search/main.cpp:92:9: warning: unused variable ‘queryfile’ [-Wunused-variable]
   92 |   char* queryfile = (char*)FLAGS_query_path.c_str();
      |         ^~~~~~~~~
/home/myl/cache_search/main.cpp:93:9: warning: unused variable ‘gtfile’ [-Wunused-variable]
   93 |   char* gtfile = (char*)FLAGS_gt_path.c_str();
      |         ^~~~~~
/home/myl/cache_search/file_read.cu(138): warning #1650-D: result of call is not used
    fscanf(file, "%d %d", &n, &d);
    ^

Remark: The warnings can be suppressed with "-diag-suppress <warning-number>"

/home/myl/cache_search/file_read.cu(142): warning #1650-D: result of call is not used
        fscanf(file, "%f,", &data[i * d + j]);
        ^

/home/myl/cache_search/file_read.cu(144): warning #1650-D: result of call is not used
      fscanf(file, "%f", &data[i * d + d - 1]);
      ^

/home/myl/cache_search/file_read.cu(206): warning #1650-D: result of call is not used
    fread(&d, sizeof(d), 1, file);
    ^

/home/myl/cache_search/file_read.cu(208): warning #1650-D: result of call is not used
    fread(data_ptr, sizeof(float), n*d, file);
    ^

/home/myl/cache_search/file_read.cu(138): warning #1650-D: result of call is not used
    fscanf(file, "%d %d", &n, &d);
    ^

Remark: The warnings can be suppressed with "-diag-suppress <warning-number>"

/home/myl/cache_search/file_read.cu(142): warning #1650-D: result of call is not used
        fscanf(file, "%f,", &data[i * d + j]);
        ^

/home/myl/cache_search/file_read.cu(144): warning #1650-D: result of call is not used
      fscanf(file, "%f", &data[i * d + d - 1]);
      ^

/home/myl/cache_search/file_read.cu(206): warning #1650-D: result of call is not used
    fread(&d, sizeof(d), 1, file);
    ^

/home/myl/cache_search/file_read.cu(208): warning #1650-D: result of call is not used
    fread(data_ptr, sizeof(float), n*d, file);
    ^

/home/myl/cache_search/graph_helper.cu(222): warning #177-D: variable "max_threads" was declared but never referenced
    int max_threads = 64;
        ^

Remark: The warnings can be suppressed with "-diag-suppress <warning-number>"

/home/myl/cache_search/graph_search.cuh(167): warning #177-D: variable "random_entry_seed" was declared but never referenced
    uint random_entry_seed = b_id*blockSize + t_id;
         ^

Remark: The warnings can be suppressed with "-diag-suppress <warning-number>"

/home/myl/cache_search/file_read.cu(138): warning #1650-D: result of call is not used
    fscanf(file, "%d %d", &n, &d);
    ^

Remark: The warnings can be suppressed with "-diag-suppress <warning-number>"

/home/myl/cache_search/file_read.cu(142): warning #1650-D: result of call is not used
        fscanf(file, "%f,", &data[i * d + j]);
        ^

/home/myl/cache_search/file_read.cu(144): warning #1650-D: result of call is not used
      fscanf(file, "%f", &data[i * d + d - 1]);
      ^

/home/myl/cache_search/file_read.cu(206): warning #1650-D: result of call is not used
    fread(&d, sizeof(d), 1, file);
    ^

/home/myl/cache_search/file_read.cu(208): warning #1650-D: result of call is not used
    fread(data_ptr, sizeof(float), n*d, file);
    ^

/home/myl/cache_search/graph_helper.cu(222): warning #177-D: variable "max_threads" was declared but never referenced
    int max_threads = 64;
        ^

Remark: The warnings can be suppressed with "-diag-suppress <warning-number>"

/home/myl/cache_search/file_read.cu: In static member function ‘static void file_read::read_txt_file(const char*, int&, int&, thrust::host_vector<float>&)’:
/home/myl/cache_search/file_read.cu:138:7: warning: ignoring return value of ‘int fscanf(FILE*, const char*, ...)’ declared with attribute ‘warn_unused_result’ [-Wunused-result]
  138 |   fscanf(file, "%d %d", &n, &d);
      |   ~~~~^~~~~~~~~~~~~~~~~~~~~~~
/home/myl/cache_search/file_read.cu:142:7: warning: ignoring return value of ‘int fscanf(FILE*, const char*, ...)’ declared with attribute ‘warn_unused_result’ [-Wunused-result]
  142 |       fscanf(file, "%f,", &data[i * d + j]);
      |       ^~~~~~~~~~~~~~~~~~~~~~~~~~~~~~~~~
/home/myl/cache_search/file_read.cu:144:7: warning: ignoring return value of ‘int fscanf(FILE*, const char*, ...)’ declared with attribute ‘warn_unused_result’ [-Wunused-result]
  144 |     fscanf(file, "%f", &data[i * d + d - 1]);
      |     ~~^~~~~~~~~~~~~~~~~~~~~~~~~~~~~~~~~~~~~~
/home/myl/cache_search/file_read.cu: In static member function ‘static void file_read::read_hvecs_file(const char*, int&, int&, thrust::host_vector<float>&)’:
/home/myl/cache_search/file_read.cu:206:6: warning: ignoring return value of ‘size_t fread(void*, size_t, size_t, FILE*)’ declared with attribute ‘warn_unused_result’ [-Wunused-result]
  206 |   fread(&d, sizeof(d), 1, file);
      |   ~~~^~~~~~~~~~~~~~~~~~~~~~~
/home/myl/cache_search/file_read.cu:208:6: warning: ignoring return value of ‘size_t fread(void*, size_t, size_t, FILE*)’ declared with attribute ‘warn_unused_result’ [-Wunused-result]
  208 |   fread(data_ptr, sizeof(float), n*d, file);
      |   ~~~^~~~~~~~~~~~~~~~~~~~~~~~~~~~~~~~~~~~~~
/home/myl/cache_search/graph_search.cuh(167): warning #177-D: variable "random_entry_seed" was declared but never referenced
    uint random_entry_seed = b_id*blockSize + t_id;
         ^

Remark: The warnings can be suppressed with "-diag-suppress <warning-number>"

[ 73%] Linking CXX executable /home/myl/cache_search/bin/test
[100%] Built target test
正在运行 ./test --ALGO=1 --topk=0 --n_candidates=1024 --expand_ratio=0.2 --point_ratio=0.00001024 --search_width=4 --t=50 --n_cluster=1000  --max_iter=1000 ...
Total GPUs visible: 6, using [3]: NVIDIA L40
Available Memory: 44940 MB, Total Memory: 45372 MB
Shared memory per block: 49152 bytes
Shared memory per SM   : 102400 bytes
Shared memory per block (optin): 101376 bytes
Input
n = 10000, d = 128
np = 100000000, dim = 128
Cluster number: 10000
Centroids read successfully
Input: copy points to device
Input: finish copy points to device
degree = 64
RB_Graph: finish read or build graph
Projection: reading pca base file /mnt/IntelP5520_8T_1/myl/cache_search/data/sift100M/rotated_base.fbin
read PCA file
sizeof_points = 12800000000
Projection: finish reading pca base file
BlockUp function
reading AABB from file /mnt/IntelP5520_8T_1/myl/cache_search/data/sift100M/1024_0.aabbs
Create context
Create module
Create program groups
Create pipeline
Create SBT
BVH Building Time = 0.468544 ms
batch_size = 5
time build_query_batches: 0.046122 ms
time pca projection: 0.199082 ms
time rt_entry search: 0.072488 ms
time graph search: 39835 ms
compute_dim = 16459134360
compute_dis = 548637812
average dimensions per distance computation = 30
time total search time: 39835.3 ms
checking results...
gt_k = 1000
recall1@1024 = 0.997900
recall10@1024 = 0.991840
recall100@1024 = 0.920078
recall1000@1024 = 0.504900
Free memory: 8448 MB
Total memory: 45372 MB
Used memory: 36924 MB
Clean up RT ...
Finish cleaning up RT
完成 DIM = 30 的测试

==================================================
正在处理: DIM = 29
==================================================
[ 13%] Built target compute_pca
[ 17%] Building NVCC ptx file cuda_compile_ptx_1_generated_devicePrograms.cu.ptx
[ 21%] compiling (and embedding ptx from) devicePrograms.cu
[ 26%] Building C object CMakeFiles/test.dir/cuda_compile_ptx_1_generated_devicePrograms.cu.ptx_embedded.c.o
[ 34%] Building CUDA object CMakeFiles/test.dir/aabb.cu.o
[ 34%] Building CXX object CMakeFiles/test.dir/main.cpp.o
[ 39%] Building CUDA object CMakeFiles/test.dir/entry.cu.o
[ 43%] Building CUDA object CMakeFiles/test.dir/entry_helper.cu.o
[ 47%] Building CUDA object CMakeFiles/test.dir/matrix.cu.o
[ 52%] Building CUDA object CMakeFiles/test.dir/file_read.cu.o
nvcc warning : incompatible redefinition for option 'std', the last value of this option was used
[ 60%] Building CUDA object CMakeFiles/test.dir/graph.cu.o
nvcc warning : incompatible redefinition for option 'std', the last value of this option was used
[ 60%] Building CXX object CMakeFiles/test.dir/raytracing.cpp.o
nvcc warning : incompatible redefinition for option 'std', the last value of this option was used
nvcc warning : incompatible redefinition for option 'std', the last value of this option was used
[ 65%] Building CUDA object CMakeFiles/test.dir/graph_helper.cu.o
nvcc warning : incompatible redefinition for option 'std', the last value of this option was used
[ 69%] Building CUDA object CMakeFiles/test.dir/cache/page_cache.cu.o
nvcc warning : incompatible redefinition for option 'std', the last value of this option was used
nvcc warning : incompatible redefinition for option 'std', the last value of this option was used
nvcc warning : incompatible redefinition for option 'std', the last value of this option was used
In file included from /home/myl/cache_search/head.h:3,
                 from /home/myl/cache_search/raytracing.h:3,
                 from /home/myl/cache_search/raytracing.cpp:2:
/home/myl/optix7.6/NVIDIA-OptiX-SDK-7.6.0-linux64-x86_64/include/optix_stubs.h: In function ‘OptixResult optixUninitWithHandle(void*)’:
/home/myl/optix7.6/NVIDIA-OptiX-SDK-7.6.0-linux64-x86_64/include/optix_stubs.h:256:36: warning: missing initializer for member ‘OptixFunctionTable::optixGetErrorString’ [-Wmissing-field-initializers]
  256 |     OptixFunctionTable empty = { 0 };
      |                                    ^
/home/myl/optix7.6/NVIDIA-OptiX-SDK-7.6.0-linux64-x86_64/include/optix_stubs.h:256:36: warning: missing initializer for member ‘OptixFunctionTable::optixDeviceContextCreate’ [-Wmissing-field-initializers]
/home/myl/optix7.6/NVIDIA-OptiX-SDK-7.6.0-linux64-x86_64/include/optix_stubs.h:256:36: warning: missing initializer for member ‘OptixFunctionTable::optixDeviceContextDestroy’ [-Wmissing-field-initializers]
/home/myl/optix7.6/NVIDIA-OptiX-SDK-7.6.0-linux64-x86_64/include/optix_stubs.h:256:36: warning: missing initializer for member ‘OptixFunctionTable::optixDeviceContextGetProperty’ [-Wmissing-field-initializers]
/home/myl/optix7.6/NVIDIA-OptiX-SDK-7.6.0-linux64-x86_64/include/optix_stubs.h:256:36: warning: missing initializer for member ‘OptixFunctionTable::optixDeviceContextSetLogCallback’ [-Wmissing-field-initializers]
/home/myl/optix7.6/NVIDIA-OptiX-SDK-7.6.0-linux64-x86_64/include/optix_stubs.h:256:36: warning: missing initializer for member ‘OptixFunctionTable::optixDeviceContextSetCacheEnabled’ [-Wmissing-field-initializers]
/home/myl/optix7.6/NVIDIA-OptiX-SDK-7.6.0-linux64-x86_64/include/optix_stubs.h:256:36: warning: missing initializer for member ‘OptixFunctionTable::optixDeviceContextSetCacheLocation’ [-Wmissing-field-initializers]
/home/myl/optix7.6/NVIDIA-OptiX-SDK-7.6.0-linux64-x86_64/include/optix_stubs.h:256:36: warning: missing initializer for member ‘OptixFunctionTable::optixDeviceContextSetCacheDatabaseSizes’ [-Wmissing-field-initializers]
/home/myl/optix7.6/NVIDIA-OptiX-SDK-7.6.0-linux64-x86_64/include/optix_stubs.h:256:36: warning: missing initializer for member ‘OptixFunctionTable::optixDeviceContextGetCacheEnabled’ [-Wmissing-field-initializers]
/home/myl/optix7.6/NVIDIA-OptiX-SDK-7.6.0-linux64-x86_64/include/optix_stubs.h:256:36: warning: missing initializer for member ‘OptixFunctionTable::optixDeviceContextGetCacheLocation’ [-Wmissing-field-initializers]
/home/myl/optix7.6/NVIDIA-OptiX-SDK-7.6.0-linux64-x86_64/include/optix_stubs.h:256:36: warning: missing initializer for member ‘OptixFunctionTable::optixDeviceContextGetCacheDatabaseSizes’ [-Wmissing-field-initializers]
/home/myl/optix7.6/NVIDIA-OptiX-SDK-7.6.0-linux64-x86_64/include/optix_stubs.h:256:36: warning: missing initializer for member ‘OptixFunctionTable::optixModuleCreateFromPTX’ [-Wmissing-field-initializers]
/home/myl/optix7.6/NVIDIA-OptiX-SDK-7.6.0-linux64-x86_64/include/optix_stubs.h:256:36: warning: missing initializer for member ‘OptixFunctionTable::optixModuleCreateFromPTXWithTasks’ [-Wmissing-field-initializers]
/home/myl/optix7.6/NVIDIA-OptiX-SDK-7.6.0-linux64-x86_64/include/optix_stubs.h:256:36: warning: missing initializer for member ‘OptixFunctionTable::optixModuleGetCompilationState’ [-Wmissing-field-initializers]
/home/myl/optix7.6/NVIDIA-OptiX-SDK-7.6.0-linux64-x86_64/include/optix_stubs.h:256:36: warning: missing initializer for member ‘OptixFunctionTable::optixModuleDestroy’ [-Wmissing-field-initializers]
/home/myl/optix7.6/NVIDIA-OptiX-SDK-7.6.0-linux64-x86_64/include/optix_stubs.h:256:36: warning: missing initializer for member ‘OptixFunctionTable::optixBuiltinISModuleGet’ [-Wmissing-field-initializers]
/home/myl/optix7.6/NVIDIA-OptiX-SDK-7.6.0-linux64-x86_64/include/optix_stubs.h:256:36: warning: missing initializer for member ‘OptixFunctionTable::optixTaskExecute’ [-Wmissing-field-initializers]
/home/myl/optix7.6/NVIDIA-OptiX-SDK-7.6.0-linux64-x86_64/include/optix_stubs.h:256:36: warning: missing initializer for member ‘OptixFunctionTable::optixProgramGroupCreate’ [-Wmissing-field-initializers]
/home/myl/optix7.6/NVIDIA-OptiX-SDK-7.6.0-linux64-x86_64/include/optix_stubs.h:256:36: warning: missing initializer for member ‘OptixFunctionTable::optixProgramGroupDestroy’ [-Wmissing-field-initializers]
/home/myl/optix7.6/NVIDIA-OptiX-SDK-7.6.0-linux64-x86_64/include/optix_stubs.h:256:36: warning: missing initializer for member ‘OptixFunctionTable::optixProgramGroupGetStackSize’ [-Wmissing-field-initializers]
/home/myl/optix7.6/NVIDIA-OptiX-SDK-7.6.0-linux64-x86_64/include/optix_stubs.h:256:36: warning: missing initializer for member ‘OptixFunctionTable::optixPipelineCreate’ [-Wmissing-field-initializers]
/home/myl/optix7.6/NVIDIA-OptiX-SDK-7.6.0-linux64-x86_64/include/optix_stubs.h:256:36: warning: missing initializer for member ‘OptixFunctionTable::optixPipelineDestroy’ [-Wmissing-field-initializers]
/home/myl/optix7.6/NVIDIA-OptiX-SDK-7.6.0-linux64-x86_64/include/optix_stubs.h:256:36: warning: missing initializer for member ‘OptixFunctionTable::optixPipelineSetStackSize’ [-Wmissing-field-initializers]
/home/myl/optix7.6/NVIDIA-OptiX-SDK-7.6.0-linux64-x86_64/include/optix_stubs.h:256:36: warning: missing initializer for member ‘OptixFunctionTable::optixAccelComputeMemoryUsage’ [-Wmissing-field-initializers]
/home/myl/optix7.6/NVIDIA-OptiX-SDK-7.6.0-linux64-x86_64/include/optix_stubs.h:256:36: warning: missing initializer for member ‘OptixFunctionTable::optixAccelBuild’ [-Wmissing-field-initializers]
/home/myl/optix7.6/NVIDIA-OptiX-SDK-7.6.0-linux64-x86_64/include/optix_stubs.h:256:36: warning: missing initializer for member ‘OptixFunctionTable::optixAccelGetRelocationInfo’ [-Wmissing-field-initializers]
/home/myl/optix7.6/NVIDIA-OptiX-SDK-7.6.0-linux64-x86_64/include/optix_stubs.h:256:36: warning: missing initializer for member ‘OptixFunctionTable::optixCheckRelocationCompatibility’ [-Wmissing-field-initializers]
/home/myl/optix7.6/NVIDIA-OptiX-SDK-7.6.0-linux64-x86_64/include/optix_stubs.h:256:36: warning: missing initializer for member ‘OptixFunctionTable::optixAccelRelocate’ [-Wmissing-field-initializers]
/home/myl/optix7.6/NVIDIA-OptiX-SDK-7.6.0-linux64-x86_64/include/optix_stubs.h:256:36: warning: missing initializer for member ‘OptixFunctionTable::optixAccelCompact’ [-Wmissing-field-initializers]
/home/myl/optix7.6/NVIDIA-OptiX-SDK-7.6.0-linux64-x86_64/include/optix_stubs.h:256:36: warning: missing initializer for member ‘OptixFunctionTable::optixConvertPointerToTraversableHandle’ [-Wmissing-field-initializers]
/home/myl/optix7.6/NVIDIA-OptiX-SDK-7.6.0-linux64-x86_64/include/optix_stubs.h:256:36: warning: missing initializer for member ‘OptixFunctionTable::optixOpacityMicromapArrayComputeMemoryUsage’ [-Wmissing-field-initializers]
/home/myl/optix7.6/NVIDIA-OptiX-SDK-7.6.0-linux64-x86_64/include/optix_stubs.h:256:36: warning: missing initializer for member ‘OptixFunctionTable::optixOpacityMicromapArrayBuild’ [-Wmissing-field-initializers]
/home/myl/optix7.6/NVIDIA-OptiX-SDK-7.6.0-linux64-x86_64/include/optix_stubs.h:256:36: warning: missing initializer for member ‘OptixFunctionTable::optixOpacityMicromapArrayGetRelocationInfo’ [-Wmissing-field-initializers]
/home/myl/optix7.6/NVIDIA-OptiX-SDK-7.6.0-linux64-x86_64/include/optix_stubs.h:256:36: warning: missing initializer for member ‘OptixFunctionTable::optixOpacityMicromapArrayRelocate’ [-Wmissing-field-initializers]
/home/myl/optix7.6/NVIDIA-OptiX-SDK-7.6.0-linux64-x86_64/include/optix_stubs.h:256:36: warning: missing initializer for member ‘OptixFunctionTable::reserved1’ [-Wmissing-field-initializers]
/home/myl/optix7.6/NVIDIA-OptiX-SDK-7.6.0-linux64-x86_64/include/optix_stubs.h:256:36: warning: missing initializer for member ‘OptixFunctionTable::reserved2’ [-Wmissing-field-initializers]
/home/myl/optix7.6/NVIDIA-OptiX-SDK-7.6.0-linux64-x86_64/include/optix_stubs.h:256:36: warning: missing initializer for member ‘OptixFunctionTable::optixSbtRecordPackHeader’ [-Wmissing-field-initializers]
/home/myl/optix7.6/NVIDIA-OptiX-SDK-7.6.0-linux64-x86_64/include/optix_stubs.h:256:36: warning: missing initializer for member ‘OptixFunctionTable::optixLaunch’ [-Wmissing-field-initializers]
/home/myl/optix7.6/NVIDIA-OptiX-SDK-7.6.0-linux64-x86_64/include/optix_stubs.h:256:36: warning: missing initializer for member ‘OptixFunctionTable::optixDenoiserCreate’ [-Wmissing-field-initializers]
/home/myl/optix7.6/NVIDIA-OptiX-SDK-7.6.0-linux64-x86_64/include/optix_stubs.h:256:36: warning: missing initializer for member ‘OptixFunctionTable::optixDenoiserDestroy’ [-Wmissing-field-initializers]
/home/myl/optix7.6/NVIDIA-OptiX-SDK-7.6.0-linux64-x86_64/include/optix_stubs.h:256:36: warning: missing initializer for member ‘OptixFunctionTable::optixDenoiserComputeMemoryResources’ [-Wmissing-field-initializers]
/home/myl/optix7.6/NVIDIA-OptiX-SDK-7.6.0-linux64-x86_64/include/optix_stubs.h:256:36: warning: missing initializer for member ‘OptixFunctionTable::optixDenoiserSetup’ [-Wmissing-field-initializers]
/home/myl/optix7.6/NVIDIA-OptiX-SDK-7.6.0-linux64-x86_64/include/optix_stubs.h:256:36: warning: missing initializer for member ‘OptixFunctionTable::optixDenoiserInvoke’ [-Wmissing-field-initializers]
/home/myl/optix7.6/NVIDIA-OptiX-SDK-7.6.0-linux64-x86_64/include/optix_stubs.h:256:36: warning: missing initializer for member ‘OptixFunctionTable::optixDenoiserComputeIntensity’ [-Wmissing-field-initializers]
/home/myl/optix7.6/NVIDIA-OptiX-SDK-7.6.0-linux64-x86_64/include/optix_stubs.h:256:36: warning: missing initializer for member ‘OptixFunctionTable::optixDenoiserComputeAverageColor’ [-Wmissing-field-initializers]
/home/myl/optix7.6/NVIDIA-OptiX-SDK-7.6.0-linux64-x86_64/include/optix_stubs.h:256:36: warning: missing initializer for member ‘OptixFunctionTable::optixDenoiserCreateWithUserModel’ [-Wmissing-field-initializers]
/home/myl/cache_search/cache/page_cache.cu:29: warning: "CUDA_CHECK" redefined
   29 | #define CUDA_CHECK(expr) cuda_check((expr), #expr, __FILE__, __LINE__)
      | 
In file included from /home/myl/cache_search/cache/../head.h:21,
                 from /home/myl/cache_search/cache/page_cache.h:7,
                 from /home/myl/cache_search/cache/page_cache.cu:1:
/home/myl/cache_search/cache/../helper.h:14: note: this is the location of the previous definition
   14 | #define CUDA_CHECK(call)                                                   \
      | 
In file included from /home/myl/cache_search/head.h:3,
                 from /home/myl/cache_search/entry.h:8,
                 from /home/myl/cache_search/graph.h:2,
                 from /home/myl/cache_search/main.cpp:3:
/home/myl/optix7.6/NVIDIA-OptiX-SDK-7.6.0-linux64-x86_64/include/optix_stubs.h: In function ‘OptixResult optixUninitWithHandle(void*)’:
/home/myl/optix7.6/NVIDIA-OptiX-SDK-7.6.0-linux64-x86_64/include/optix_stubs.h:256:36: warning: missing initializer for member ‘OptixFunctionTable::optixGetErrorString’ [-Wmissing-field-initializers]
  256 |     OptixFunctionTable empty = { 0 };
      |                                    ^
/home/myl/optix7.6/NVIDIA-OptiX-SDK-7.6.0-linux64-x86_64/include/optix_stubs.h:256:36: warning: missing initializer for member ‘OptixFunctionTable::optixDeviceContextCreate’ [-Wmissing-field-initializers]
/home/myl/optix7.6/NVIDIA-OptiX-SDK-7.6.0-linux64-x86_64/include/optix_stubs.h:256:36: warning: missing initializer for member ‘OptixFunctionTable::optixDeviceContextDestroy’ [-Wmissing-field-initializers]
/home/myl/optix7.6/NVIDIA-OptiX-SDK-7.6.0-linux64-x86_64/include/optix_stubs.h:256:36: warning: missing initializer for member ‘OptixFunctionTable::optixDeviceContextGetProperty’ [-Wmissing-field-initializers]
/home/myl/optix7.6/NVIDIA-OptiX-SDK-7.6.0-linux64-x86_64/include/optix_stubs.h:256:36: warning: missing initializer for member ‘OptixFunctionTable::optixDeviceContextSetLogCallback’ [-Wmissing-field-initializers]
/home/myl/optix7.6/NVIDIA-OptiX-SDK-7.6.0-linux64-x86_64/include/optix_stubs.h:256:36: warning: missing initializer for member ‘OptixFunctionTable::optixDeviceContextSetCacheEnabled’ [-Wmissing-field-initializers]
/home/myl/optix7.6/NVIDIA-OptiX-SDK-7.6.0-linux64-x86_64/include/optix_stubs.h:256:36: warning: missing initializer for member ‘OptixFunctionTable::optixDeviceContextSetCacheLocation’ [-Wmissing-field-initializers]
/home/myl/optix7.6/NVIDIA-OptiX-SDK-7.6.0-linux64-x86_64/include/optix_stubs.h:256:36: warning: missing initializer for member ‘OptixFunctionTable::optixDeviceContextSetCacheDatabaseSizes’ [-Wmissing-field-initializers]
/home/myl/optix7.6/NVIDIA-OptiX-SDK-7.6.0-linux64-x86_64/include/optix_stubs.h:256:36: warning: missing initializer for member ‘OptixFunctionTable::optixDeviceContextGetCacheEnabled’ [-Wmissing-field-initializers]
/home/myl/optix7.6/NVIDIA-OptiX-SDK-7.6.0-linux64-x86_64/include/optix_stubs.h:256:36: warning: missing initializer for member ‘OptixFunctionTable::optixDeviceContextGetCacheLocation’ [-Wmissing-field-initializers]
/home/myl/optix7.6/NVIDIA-OptiX-SDK-7.6.0-linux64-x86_64/include/optix_stubs.h:256:36: warning: missing initializer for member ‘OptixFunctionTable::optixDeviceContextGetCacheDatabaseSizes’ [-Wmissing-field-initializers]
/home/myl/optix7.6/NVIDIA-OptiX-SDK-7.6.0-linux64-x86_64/include/optix_stubs.h:256:36: warning: missing initializer for member ‘OptixFunctionTable::optixModuleCreateFromPTX’ [-Wmissing-field-initializers]
/home/myl/optix7.6/NVIDIA-OptiX-SDK-7.6.0-linux64-x86_64/include/optix_stubs.h:256:36: warning: missing initializer for member ‘OptixFunctionTable::optixModuleCreateFromPTXWithTasks’ [-Wmissing-field-initializers]
/home/myl/optix7.6/NVIDIA-OptiX-SDK-7.6.0-linux64-x86_64/include/optix_stubs.h:256:36: warning: missing initializer for member ‘OptixFunctionTable::optixModuleGetCompilationState’ [-Wmissing-field-initializers]
/home/myl/optix7.6/NVIDIA-OptiX-SDK-7.6.0-linux64-x86_64/include/optix_stubs.h:256:36: warning: missing initializer for member ‘OptixFunctionTable::optixModuleDestroy’ [-Wmissing-field-initializers]
/home/myl/optix7.6/NVIDIA-OptiX-SDK-7.6.0-linux64-x86_64/include/optix_stubs.h:256:36: warning: missing initializer for member ‘OptixFunctionTable::optixBuiltinISModuleGet’ [-Wmissing-field-initializers]
/home/myl/optix7.6/NVIDIA-OptiX-SDK-7.6.0-linux64-x86_64/include/optix_stubs.h:256:36: warning: missing initializer for member ‘OptixFunctionTable::optixTaskExecute’ [-Wmissing-field-initializers]
/home/myl/optix7.6/NVIDIA-OptiX-SDK-7.6.0-linux64-x86_64/include/optix_stubs.h:256:36: warning: missing initializer for member ‘OptixFunctionTable::optixProgramGroupCreate’ [-Wmissing-field-initializers]
/home/myl/optix7.6/NVIDIA-OptiX-SDK-7.6.0-linux64-x86_64/include/optix_stubs.h:256:36: warning: missing initializer for member ‘OptixFunctionTable::optixProgramGroupDestroy’ [-Wmissing-field-initializers]
/home/myl/optix7.6/NVIDIA-OptiX-SDK-7.6.0-linux64-x86_64/include/optix_stubs.h:256:36: warning: missing initializer for member ‘OptixFunctionTable::optixProgramGroupGetStackSize’ [-Wmissing-field-initializers]
/home/myl/optix7.6/NVIDIA-OptiX-SDK-7.6.0-linux64-x86_64/include/optix_stubs.h:256:36: warning: missing initializer for member ‘OptixFunctionTable::optixPipelineCreate’ [-Wmissing-field-initializers]
/home/myl/optix7.6/NVIDIA-OptiX-SDK-7.6.0-linux64-x86_64/include/optix_stubs.h:256:36: warning: missing initializer for member ‘OptixFunctionTable::optixPipelineDestroy’ [-Wmissing-field-initializers]
/home/myl/optix7.6/NVIDIA-OptiX-SDK-7.6.0-linux64-x86_64/include/optix_stubs.h:256:36: warning: missing initializer for member ‘OptixFunctionTable::optixPipelineSetStackSize’ [-Wmissing-field-initializers]
/home/myl/optix7.6/NVIDIA-OptiX-SDK-7.6.0-linux64-x86_64/include/optix_stubs.h:256:36: warning: missing initializer for member ‘OptixFunctionTable::optixAccelComputeMemoryUsage’ [-Wmissing-field-initializers]
/home/myl/optix7.6/NVIDIA-OptiX-SDK-7.6.0-linux64-x86_64/include/optix_stubs.h:256:36: warning: missing initializer for member ‘OptixFunctionTable::optixAccelBuild’ [-Wmissing-field-initializers]
/home/myl/optix7.6/NVIDIA-OptiX-SDK-7.6.0-linux64-x86_64/include/optix_stubs.h:256:36: warning: missing initializer for member ‘OptixFunctionTable::optixAccelGetRelocationInfo’ [-Wmissing-field-initializers]
/home/myl/optix7.6/NVIDIA-OptiX-SDK-7.6.0-linux64-x86_64/include/optix_stubs.h:256:36: warning: missing initializer for member ‘OptixFunctionTable::optixCheckRelocationCompatibility’ [-Wmissing-field-initializers]
/home/myl/optix7.6/NVIDIA-OptiX-SDK-7.6.0-linux64-x86_64/include/optix_stubs.h:256:36: warning: missing initializer for member ‘OptixFunctionTable::optixAccelRelocate’ [-Wmissing-field-initializers]
/home/myl/optix7.6/NVIDIA-OptiX-SDK-7.6.0-linux64-x86_64/include/optix_stubs.h:256:36: warning: missing initializer for member ‘OptixFunctionTable::optixAccelCompact’ [-Wmissing-field-initializers]
/home/myl/optix7.6/NVIDIA-OptiX-SDK-7.6.0-linux64-x86_64/include/optix_stubs.h:256:36: warning: missing initializer for member ‘OptixFunctionTable::optixConvertPointerToTraversableHandle’ [-Wmissing-field-initializers]
/home/myl/optix7.6/NVIDIA-OptiX-SDK-7.6.0-linux64-x86_64/include/optix_stubs.h:256:36: warning: missing initializer for member ‘OptixFunctionTable::optixOpacityMicromapArrayComputeMemoryUsage’ [-Wmissing-field-initializers]
/home/myl/optix7.6/NVIDIA-OptiX-SDK-7.6.0-linux64-x86_64/include/optix_stubs.h:256:36: warning: missing initializer for member ‘OptixFunctionTable::optixOpacityMicromapArrayBuild’ [-Wmissing-field-initializers]
/home/myl/optix7.6/NVIDIA-OptiX-SDK-7.6.0-linux64-x86_64/include/optix_stubs.h:256:36: warning: missing initializer for member ‘OptixFunctionTable::optixOpacityMicromapArrayGetRelocationInfo’ [-Wmissing-field-initializers]
/home/myl/optix7.6/NVIDIA-OptiX-SDK-7.6.0-linux64-x86_64/include/optix_stubs.h:256:36: warning: missing initializer for member ‘OptixFunctionTable::optixOpacityMicromapArrayRelocate’ [-Wmissing-field-initializers]
/home/myl/optix7.6/NVIDIA-OptiX-SDK-7.6.0-linux64-x86_64/include/optix_stubs.h:256:36: warning: missing initializer for member ‘OptixFunctionTable::reserved1’ [-Wmissing-field-initializers]
/home/myl/optix7.6/NVIDIA-OptiX-SDK-7.6.0-linux64-x86_64/include/optix_stubs.h:256:36: warning: missing initializer for member ‘OptixFunctionTable::reserved2’ [-Wmissing-field-initializers]
/home/myl/optix7.6/NVIDIA-OptiX-SDK-7.6.0-linux64-x86_64/include/optix_stubs.h:256:36: warning: missing initializer for member ‘OptixFunctionTable::optixSbtRecordPackHeader’ [-Wmissing-field-initializers]
/home/myl/optix7.6/NVIDIA-OptiX-SDK-7.6.0-linux64-x86_64/include/optix_stubs.h:256:36: warning: missing initializer for member ‘OptixFunctionTable::optixLaunch’ [-Wmissing-field-initializers]
/home/myl/optix7.6/NVIDIA-OptiX-SDK-7.6.0-linux64-x86_64/include/optix_stubs.h:256:36: warning: missing initializer for member ‘OptixFunctionTable::optixDenoiserCreate’ [-Wmissing-field-initializers]
/home/myl/optix7.6/NVIDIA-OptiX-SDK-7.6.0-linux64-x86_64/include/optix_stubs.h:256:36: warning: missing initializer for member ‘OptixFunctionTable::optixDenoiserDestroy’ [-Wmissing-field-initializers]
/home/myl/optix7.6/NVIDIA-OptiX-SDK-7.6.0-linux64-x86_64/include/optix_stubs.h:256:36: warning: missing initializer for member ‘OptixFunctionTable::optixDenoiserComputeMemoryResources’ [-Wmissing-field-initializers]
/home/myl/optix7.6/NVIDIA-OptiX-SDK-7.6.0-linux64-x86_64/include/optix_stubs.h:256:36: warning: missing initializer for member ‘OptixFunctionTable::optixDenoiserSetup’ [-Wmissing-field-initializers]
/home/myl/optix7.6/NVIDIA-OptiX-SDK-7.6.0-linux64-x86_64/include/optix_stubs.h:256:36: warning: missing initializer for member ‘OptixFunctionTable::optixDenoiserInvoke’ [-Wmissing-field-initializers]
/home/myl/optix7.6/NVIDIA-OptiX-SDK-7.6.0-linux64-x86_64/include/optix_stubs.h:256:36: warning: missing initializer for member ‘OptixFunctionTable::optixDenoiserComputeIntensity’ [-Wmissing-field-initializers]
/home/myl/optix7.6/NVIDIA-OptiX-SDK-7.6.0-linux64-x86_64/include/optix_stubs.h:256:36: warning: missing initializer for member ‘OptixFunctionTable::optixDenoiserComputeAverageColor’ [-Wmissing-field-initializers]
/home/myl/optix7.6/NVIDIA-OptiX-SDK-7.6.0-linux64-x86_64/include/optix_stubs.h:256:36: warning: missing initializer for member ‘OptixFunctionTable::optixDenoiserCreateWithUserModel’ [-Wmissing-field-initializers]
/home/myl/cache_search/cache/page_cache.cu:29: warning: "CUDA_CHECK" redefined
   29 | #define CUDA_CHECK(expr) cuda_check((expr), #expr, __FILE__, __LINE__)
      | 
In file included from /home/myl/cache_search/cache/../head.h:21,
                 from /home/myl/cache_search/cache/page_cache.h:7,
                 from /home/myl/cache_search/cache/page_cache.cu:1:
/home/myl/cache_search/cache/../helper.h:14: note: this is the location of the previous definition
   14 | #define CUDA_CHECK(call)                                                   \
      | 
/home/myl/cache_search/cache/page_cache.cu:29: warning: "CUDA_CHECK" redefined
   29 | #define CUDA_CHECK(expr) cuda_check((expr), #expr, __FILE__, __LINE__)
      | 
In file included from /home/myl/cache_search/cache/../head.h:21,
                 from /home/myl/cache_search/cache/page_cache.h:7,
                 from /home/myl/cache_search/cache/page_cache.cu:1:
/home/myl/cache_search/cache/../helper.h:14: note: this is the location of the previous definition
   14 | #define CUDA_CHECK(call)                                                   \
      | 
In file included from /home/myl/cache_search/graph.h:3,
                 from /home/myl/cache_search/main.cpp:3:
/home/myl/cache_search/pca/pca.h: In constructor ‘PCA::PCA(float*, uint, uint)’:
/home/myl/cache_search/pca/pca.h:17:23: warning: comparison of integer expressions of different signedness: ‘int’ and ‘uint’ {aka ‘unsigned int’} [-Wsign-compare]
   17 |     for (int i = 0; i < nb; i++) {
      |                     ~~^~~~
/home/myl/cache_search/pca/pca.h:18:25: warning: comparison of integer expressions of different signedness: ‘int’ and ‘uint’ {aka ‘unsigned int’} [-Wsign-compare]
   18 |       for (int j = 0; j < dim; j++) {
      |                       ~~^~~~~
/home/myl/cache_search/main.cpp: In function ‘int main(int, char**)’:
/home/myl/cache_search/main.cpp:91:9: warning: unused variable ‘datafile’ [-Wunused-variable]
   91 |   char* datafile = (char*)FLAGS_data_path.c_str();
      |         ^~~~~~~~
/home/myl/cache_search/main.cpp:92:9: warning: unused variable ‘queryfile’ [-Wunused-variable]
   92 |   char* queryfile = (char*)FLAGS_query_path.c_str();
      |         ^~~~~~~~~
/home/myl/cache_search/main.cpp:93:9: warning: unused variable ‘gtfile’ [-Wunused-variable]
   93 |   char* gtfile = (char*)FLAGS_gt_path.c_str();
      |         ^~~~~~
/home/myl/cache_search/file_read.cu(138): warning #1650-D: result of call is not used
    fscanf(file, "%d %d", &n, &d);
    ^

Remark: The warnings can be suppressed with "-diag-suppress <warning-number>"

/home/myl/cache_search/file_read.cu(142): warning #1650-D: result of call is not used
        fscanf(file, "%f,", &data[i * d + j]);
        ^

/home/myl/cache_search/file_read.cu(144): warning #1650-D: result of call is not used
      fscanf(file, "%f", &data[i * d + d - 1]);
      ^

/home/myl/cache_search/file_read.cu(206): warning #1650-D: result of call is not used
    fread(&d, sizeof(d), 1, file);
    ^

/home/myl/cache_search/file_read.cu(208): warning #1650-D: result of call is not used
    fread(data_ptr, sizeof(float), n*d, file);
    ^

/home/myl/cache_search/file_read.cu(138): warning #1650-D: result of call is not used
    fscanf(file, "%d %d", &n, &d);
    ^

Remark: The warnings can be suppressed with "-diag-suppress <warning-number>"

/home/myl/cache_search/file_read.cu(142): warning #1650-D: result of call is not used
        fscanf(file, "%f,", &data[i * d + j]);
        ^

/home/myl/cache_search/file_read.cu(144): warning #1650-D: result of call is not used
      fscanf(file, "%f", &data[i * d + d - 1]);
      ^

/home/myl/cache_search/file_read.cu(206): warning #1650-D: result of call is not used
    fread(&d, sizeof(d), 1, file);
    ^

/home/myl/cache_search/file_read.cu(208): warning #1650-D: result of call is not used
    fread(data_ptr, sizeof(float), n*d, file);
    ^

/home/myl/cache_search/graph_helper.cu(222): warning #177-D: variable "max_threads" was declared but never referenced
    int max_threads = 64;
        ^

Remark: The warnings can be suppressed with "-diag-suppress <warning-number>"

/home/myl/cache_search/graph_search.cuh(167): warning #177-D: variable "random_entry_seed" was declared but never referenced
    uint random_entry_seed = b_id*blockSize + t_id;
         ^

Remark: The warnings can be suppressed with "-diag-suppress <warning-number>"

/home/myl/cache_search/file_read.cu(138): warning #1650-D: result of call is not used
    fscanf(file, "%d %d", &n, &d);
    ^

Remark: The warnings can be suppressed with "-diag-suppress <warning-number>"

/home/myl/cache_search/file_read.cu(142): warning #1650-D: result of call is not used
        fscanf(file, "%f,", &data[i * d + j]);
        ^

/home/myl/cache_search/file_read.cu(144): warning #1650-D: result of call is not used
      fscanf(file, "%f", &data[i * d + d - 1]);
      ^

/home/myl/cache_search/file_read.cu(206): warning #1650-D: result of call is not used
    fread(&d, sizeof(d), 1, file);
    ^

/home/myl/cache_search/file_read.cu(208): warning #1650-D: result of call is not used
    fread(data_ptr, sizeof(float), n*d, file);
    ^

/home/myl/cache_search/graph_helper.cu(222): warning #177-D: variable "max_threads" was declared but never referenced
    int max_threads = 64;
        ^

Remark: The warnings can be suppressed with "-diag-suppress <warning-number>"

/home/myl/cache_search/file_read.cu: In static member function ‘static void file_read::read_txt_file(const char*, int&, int&, thrust::host_vector<float>&)’:
/home/myl/cache_search/file_read.cu:138:7: warning: ignoring return value of ‘int fscanf(FILE*, const char*, ...)’ declared with attribute ‘warn_unused_result’ [-Wunused-result]
  138 |   fscanf(file, "%d %d", &n, &d);
      |   ~~~~^~~~~~~~~~~~~~~~~~~~~~~
/home/myl/cache_search/file_read.cu:142:7: warning: ignoring return value of ‘int fscanf(FILE*, const char*, ...)’ declared with attribute ‘warn_unused_result’ [-Wunused-result]
  142 |       fscanf(file, "%f,", &data[i * d + j]);
      |       ^~~~~~~~~~~~~~~~~~~~~~~~~~~~~~~~~
/home/myl/cache_search/file_read.cu:144:7: warning: ignoring return value of ‘int fscanf(FILE*, const char*, ...)’ declared with attribute ‘warn_unused_result’ [-Wunused-result]
  144 |     fscanf(file, "%f", &data[i * d + d - 1]);
      |     ~~^~~~~~~~~~~~~~~~~~~~~~~~~~~~~~~~~~~~~~
/home/myl/cache_search/file_read.cu: In static member function ‘static void file_read::read_hvecs_file(const char*, int&, int&, thrust::host_vector<float>&)’:
/home/myl/cache_search/file_read.cu:206:6: warning: ignoring return value of ‘size_t fread(void*, size_t, size_t, FILE*)’ declared with attribute ‘warn_unused_result’ [-Wunused-result]
  206 |   fread(&d, sizeof(d), 1, file);
      |   ~~~^~~~~~~~~~~~~~~~~~~~~~~
/home/myl/cache_search/file_read.cu:208:6: warning: ignoring return value of ‘size_t fread(void*, size_t, size_t, FILE*)’ declared with attribute ‘warn_unused_result’ [-Wunused-result]
  208 |   fread(data_ptr, sizeof(float), n*d, file);
      |   ~~~^~~~~~~~~~~~~~~~~~~~~~~~~~~~~~~~~~~~~~
/home/myl/cache_search/graph_search.cuh(167): warning #177-D: variable "random_entry_seed" was declared but never referenced
    uint random_entry_seed = b_id*blockSize + t_id;
         ^

Remark: The warnings can be suppressed with "-diag-suppress <warning-number>"

[ 73%] Linking CXX executable /home/myl/cache_search/bin/test
[100%] Built target test
正在运行 ./test --ALGO=1 --topk=0 --n_candidates=1024 --expand_ratio=0.2 --point_ratio=0.00001024 --search_width=4 --t=50 --n_cluster=1000  --max_iter=1000 ...
Total GPUs visible: 6, using [3]: NVIDIA L40
Available Memory: 44940 MB, Total Memory: 45372 MB
Shared memory per block: 49152 bytes
Shared memory per SM   : 102400 bytes
Shared memory per block (optin): 101376 bytes
Input
n = 10000, d = 128
np = 100000000, dim = 128
Cluster number: 10000
Centroids read successfully
Input: copy points to device
Input: finish copy points to device
degree = 64
RB_Graph: finish read or build graph
Projection: reading pca base file /mnt/IntelP5520_8T_1/myl/cache_search/data/sift100M/rotated_base.fbin
read PCA file
sizeof_points = 12800000000
Projection: finish reading pca base file
BlockUp function
reading AABB from file /mnt/IntelP5520_8T_1/myl/cache_search/data/sift100M/1024_0.aabbs
Create context
Create module
Create program groups
Create pipeline
Create SBT
BVH Building Time = 0.483808 ms
batch_size = 5
time build_query_batches: 0.047551 ms
time pca projection: 0.171523 ms
time rt_entry search: 0.092799 ms
time graph search: 39823.4 ms
compute_dim = 15915676673
compute_dis = 548816437
average dimensions per distance computation = 29
time total search time: 39823.7 ms
checking results...
gt_k = 1000
recall1@1024 = 0.997800
recall10@1024 = 0.990180
recall100@1024 = 0.911942
recall1000@1024 = 0.495534
Free memory: 8830 MB
Total memory: 45372 MB
Used memory: 36542 MB
Clean up RT ...
Finish cleaning up RT
完成 DIM = 29 的测试

==================================================
正在处理: DIM = 28
==================================================
[ 13%] Built target compute_pca
[ 17%] Building NVCC ptx file cuda_compile_ptx_1_generated_devicePrograms.cu.ptx
[ 21%] compiling (and embedding ptx from) devicePrograms.cu
[ 26%] Building C object CMakeFiles/test.dir/cuda_compile_ptx_1_generated_devicePrograms.cu.ptx_embedded.c.o
[ 30%] Building CXX object CMakeFiles/test.dir/main.cpp.o
[ 34%] Building CUDA object CMakeFiles/test.dir/aabb.cu.o
[ 39%] Building CUDA object CMakeFiles/test.dir/entry.cu.o
[ 43%] Building CUDA object CMakeFiles/test.dir/entry_helper.cu.o
[ 47%] Building CUDA object CMakeFiles/test.dir/matrix.cu.o
nvcc warning : incompatible redefinition for option 'std', the last value of this option was used
[ 56%] Building CXX object CMakeFiles/test.dir/raytracing.cpp.o
[ 56%] Building CUDA object CMakeFiles/test.dir/file_read.cu.o
nvcc warning : incompatible redefinition for option 'std', the last value of this option was used
[ 60%] Building CUDA object CMakeFiles/test.dir/graph.cu.o
nvcc warning : incompatible redefinition for option 'std', the last value of this option was used
nvcc warning : incompatible redefinition for option 'std', the last value of this option was used
[ 65%] Building CUDA object CMakeFiles/test.dir/graph_helper.cu.o
[ 69%] Building CUDA object CMakeFiles/test.dir/cache/page_cache.cu.o
nvcc warning : incompatible redefinition for option 'std', the last value of this option was used
nvcc warning : incompatible redefinition for option 'std', the last value of this option was used
nvcc warning : incompatible redefinition for option 'std', the last value of this option was used
nvcc warning : incompatible redefinition for option 'std', the last value of this option was used
In file included from /home/myl/cache_search/head.h:3,
                 from /home/myl/cache_search/raytracing.h:3,
                 from /home/myl/cache_search/raytracing.cpp:2:
/home/myl/optix7.6/NVIDIA-OptiX-SDK-7.6.0-linux64-x86_64/include/optix_stubs.h: In function ‘OptixResult optixUninitWithHandle(void*)’:
/home/myl/optix7.6/NVIDIA-OptiX-SDK-7.6.0-linux64-x86_64/include/optix_stubs.h:256:36: warning: missing initializer for member ‘OptixFunctionTable::optixGetErrorString’ [-Wmissing-field-initializers]
  256 |     OptixFunctionTable empty = { 0 };
      |                                    ^
/home/myl/optix7.6/NVIDIA-OptiX-SDK-7.6.0-linux64-x86_64/include/optix_stubs.h:256:36: warning: missing initializer for member ‘OptixFunctionTable::optixDeviceContextCreate’ [-Wmissing-field-initializers]
/home/myl/optix7.6/NVIDIA-OptiX-SDK-7.6.0-linux64-x86_64/include/optix_stubs.h:256:36: warning: missing initializer for member ‘OptixFunctionTable::optixDeviceContextDestroy’ [-Wmissing-field-initializers]
/home/myl/optix7.6/NVIDIA-OptiX-SDK-7.6.0-linux64-x86_64/include/optix_stubs.h:256:36: warning: missing initializer for member ‘OptixFunctionTable::optixDeviceContextGetProperty’ [-Wmissing-field-initializers]
/home/myl/optix7.6/NVIDIA-OptiX-SDK-7.6.0-linux64-x86_64/include/optix_stubs.h:256:36: warning: missing initializer for member ‘OptixFunctionTable::optixDeviceContextSetLogCallback’ [-Wmissing-field-initializers]
/home/myl/optix7.6/NVIDIA-OptiX-SDK-7.6.0-linux64-x86_64/include/optix_stubs.h:256:36: warning: missing initializer for member ‘OptixFunctionTable::optixDeviceContextSetCacheEnabled’ [-Wmissing-field-initializers]
/home/myl/optix7.6/NVIDIA-OptiX-SDK-7.6.0-linux64-x86_64/include/optix_stubs.h:256:36: warning: missing initializer for member ‘OptixFunctionTable::optixDeviceContextSetCacheLocation’ [-Wmissing-field-initializers]
/home/myl/optix7.6/NVIDIA-OptiX-SDK-7.6.0-linux64-x86_64/include/optix_stubs.h:256:36: warning: missing initializer for member ‘OptixFunctionTable::optixDeviceContextSetCacheDatabaseSizes’ [-Wmissing-field-initializers]
/home/myl/optix7.6/NVIDIA-OptiX-SDK-7.6.0-linux64-x86_64/include/optix_stubs.h:256:36: warning: missing initializer for member ‘OptixFunctionTable::optixDeviceContextGetCacheEnabled’ [-Wmissing-field-initializers]
/home/myl/optix7.6/NVIDIA-OptiX-SDK-7.6.0-linux64-x86_64/include/optix_stubs.h:256:36: warning: missing initializer for member ‘OptixFunctionTable::optixDeviceContextGetCacheLocation’ [-Wmissing-field-initializers]
/home/myl/optix7.6/NVIDIA-OptiX-SDK-7.6.0-linux64-x86_64/include/optix_stubs.h:256:36: warning: missing initializer for member ‘OptixFunctionTable::optixDeviceContextGetCacheDatabaseSizes’ [-Wmissing-field-initializers]
/home/myl/optix7.6/NVIDIA-OptiX-SDK-7.6.0-linux64-x86_64/include/optix_stubs.h:256:36: warning: missing initializer for member ‘OptixFunctionTable::optixModuleCreateFromPTX’ [-Wmissing-field-initializers]
/home/myl/optix7.6/NVIDIA-OptiX-SDK-7.6.0-linux64-x86_64/include/optix_stubs.h:256:36: warning: missing initializer for member ‘OptixFunctionTable::optixModuleCreateFromPTXWithTasks’ [-Wmissing-field-initializers]
/home/myl/optix7.6/NVIDIA-OptiX-SDK-7.6.0-linux64-x86_64/include/optix_stubs.h:256:36: warning: missing initializer for member ‘OptixFunctionTable::optixModuleGetCompilationState’ [-Wmissing-field-initializers]
/home/myl/optix7.6/NVIDIA-OptiX-SDK-7.6.0-linux64-x86_64/include/optix_stubs.h:256:36: warning: missing initializer for member ‘OptixFunctionTable::optixModuleDestroy’ [-Wmissing-field-initializers]
/home/myl/optix7.6/NVIDIA-OptiX-SDK-7.6.0-linux64-x86_64/include/optix_stubs.h:256:36: warning: missing initializer for member ‘OptixFunctionTable::optixBuiltinISModuleGet’ [-Wmissing-field-initializers]
/home/myl/optix7.6/NVIDIA-OptiX-SDK-7.6.0-linux64-x86_64/include/optix_stubs.h:256:36: warning: missing initializer for member ‘OptixFunctionTable::optixTaskExecute’ [-Wmissing-field-initializers]
/home/myl/optix7.6/NVIDIA-OptiX-SDK-7.6.0-linux64-x86_64/include/optix_stubs.h:256:36: warning: missing initializer for member ‘OptixFunctionTable::optixProgramGroupCreate’ [-Wmissing-field-initializers]
/home/myl/optix7.6/NVIDIA-OptiX-SDK-7.6.0-linux64-x86_64/include/optix_stubs.h:256:36: warning: missing initializer for member ‘OptixFunctionTable::optixProgramGroupDestroy’ [-Wmissing-field-initializers]
/home/myl/optix7.6/NVIDIA-OptiX-SDK-7.6.0-linux64-x86_64/include/optix_stubs.h:256:36: warning: missing initializer for member ‘OptixFunctionTable::optixProgramGroupGetStackSize’ [-Wmissing-field-initializers]
/home/myl/optix7.6/NVIDIA-OptiX-SDK-7.6.0-linux64-x86_64/include/optix_stubs.h:256:36: warning: missing initializer for member ‘OptixFunctionTable::optixPipelineCreate’ [-Wmissing-field-initializers]
/home/myl/optix7.6/NVIDIA-OptiX-SDK-7.6.0-linux64-x86_64/include/optix_stubs.h:256:36: warning: missing initializer for member ‘OptixFunctionTable::optixPipelineDestroy’ [-Wmissing-field-initializers]
/home/myl/optix7.6/NVIDIA-OptiX-SDK-7.6.0-linux64-x86_64/include/optix_stubs.h:256:36: warning: missing initializer for member ‘OptixFunctionTable::optixPipelineSetStackSize’ [-Wmissing-field-initializers]
/home/myl/optix7.6/NVIDIA-OptiX-SDK-7.6.0-linux64-x86_64/include/optix_stubs.h:256:36: warning: missing initializer for member ‘OptixFunctionTable::optixAccelComputeMemoryUsage’ [-Wmissing-field-initializers]
/home/myl/optix7.6/NVIDIA-OptiX-SDK-7.6.0-linux64-x86_64/include/optix_stubs.h:256:36: warning: missing initializer for member ‘OptixFunctionTable::optixAccelBuild’ [-Wmissing-field-initializers]
/home/myl/optix7.6/NVIDIA-OptiX-SDK-7.6.0-linux64-x86_64/include/optix_stubs.h:256:36: warning: missing initializer for member ‘OptixFunctionTable::optixAccelGetRelocationInfo’ [-Wmissing-field-initializers]
/home/myl/optix7.6/NVIDIA-OptiX-SDK-7.6.0-linux64-x86_64/include/optix_stubs.h:256:36: warning: missing initializer for member ‘OptixFunctionTable::optixCheckRelocationCompatibility’ [-Wmissing-field-initializers]
/home/myl/optix7.6/NVIDIA-OptiX-SDK-7.6.0-linux64-x86_64/include/optix_stubs.h:256:36: warning: missing initializer for member ‘OptixFunctionTable::optixAccelRelocate’ [-Wmissing-field-initializers]
/home/myl/optix7.6/NVIDIA-OptiX-SDK-7.6.0-linux64-x86_64/include/optix_stubs.h:256:36: warning: missing initializer for member ‘OptixFunctionTable::optixAccelCompact’ [-Wmissing-field-initializers]
/home/myl/optix7.6/NVIDIA-OptiX-SDK-7.6.0-linux64-x86_64/include/optix_stubs.h:256:36: warning: missing initializer for member ‘OptixFunctionTable::optixConvertPointerToTraversableHandle’ [-Wmissing-field-initializers]
/home/myl/optix7.6/NVIDIA-OptiX-SDK-7.6.0-linux64-x86_64/include/optix_stubs.h:256:36: warning: missing initializer for member ‘OptixFunctionTable::optixOpacityMicromapArrayComputeMemoryUsage’ [-Wmissing-field-initializers]
/home/myl/optix7.6/NVIDIA-OptiX-SDK-7.6.0-linux64-x86_64/include/optix_stubs.h:256:36: warning: missing initializer for member ‘OptixFunctionTable::optixOpacityMicromapArrayBuild’ [-Wmissing-field-initializers]
/home/myl/optix7.6/NVIDIA-OptiX-SDK-7.6.0-linux64-x86_64/include/optix_stubs.h:256:36: warning: missing initializer for member ‘OptixFunctionTable::optixOpacityMicromapArrayGetRelocationInfo’ [-Wmissing-field-initializers]
/home/myl/optix7.6/NVIDIA-OptiX-SDK-7.6.0-linux64-x86_64/include/optix_stubs.h:256:36: warning: missing initializer for member ‘OptixFunctionTable::optixOpacityMicromapArrayRelocate’ [-Wmissing-field-initializers]
/home/myl/optix7.6/NVIDIA-OptiX-SDK-7.6.0-linux64-x86_64/include/optix_stubs.h:256:36: warning: missing initializer for member ‘OptixFunctionTable::reserved1’ [-Wmissing-field-initializers]
/home/myl/optix7.6/NVIDIA-OptiX-SDK-7.6.0-linux64-x86_64/include/optix_stubs.h:256:36: warning: missing initializer for member ‘OptixFunctionTable::reserved2’ [-Wmissing-field-initializers]
/home/myl/optix7.6/NVIDIA-OptiX-SDK-7.6.0-linux64-x86_64/include/optix_stubs.h:256:36: warning: missing initializer for member ‘OptixFunctionTable::optixSbtRecordPackHeader’ [-Wmissing-field-initializers]
/home/myl/optix7.6/NVIDIA-OptiX-SDK-7.6.0-linux64-x86_64/include/optix_stubs.h:256:36: warning: missing initializer for member ‘OptixFunctionTable::optixLaunch’ [-Wmissing-field-initializers]
/home/myl/optix7.6/NVIDIA-OptiX-SDK-7.6.0-linux64-x86_64/include/optix_stubs.h:256:36: warning: missing initializer for member ‘OptixFunctionTable::optixDenoiserCreate’ [-Wmissing-field-initializers]
/home/myl/optix7.6/NVIDIA-OptiX-SDK-7.6.0-linux64-x86_64/include/optix_stubs.h:256:36: warning: missing initializer for member ‘OptixFunctionTable::optixDenoiserDestroy’ [-Wmissing-field-initializers]
/home/myl/optix7.6/NVIDIA-OptiX-SDK-7.6.0-linux64-x86_64/include/optix_stubs.h:256:36: warning: missing initializer for member ‘OptixFunctionTable::optixDenoiserComputeMemoryResources’ [-Wmissing-field-initializers]
/home/myl/optix7.6/NVIDIA-OptiX-SDK-7.6.0-linux64-x86_64/include/optix_stubs.h:256:36: warning: missing initializer for member ‘OptixFunctionTable::optixDenoiserSetup’ [-Wmissing-field-initializers]
/home/myl/optix7.6/NVIDIA-OptiX-SDK-7.6.0-linux64-x86_64/include/optix_stubs.h:256:36: warning: missing initializer for member ‘OptixFunctionTable::optixDenoiserInvoke’ [-Wmissing-field-initializers]
/home/myl/optix7.6/NVIDIA-OptiX-SDK-7.6.0-linux64-x86_64/include/optix_stubs.h:256:36: warning: missing initializer for member ‘OptixFunctionTable::optixDenoiserComputeIntensity’ [-Wmissing-field-initializers]
/home/myl/optix7.6/NVIDIA-OptiX-SDK-7.6.0-linux64-x86_64/include/optix_stubs.h:256:36: warning: missing initializer for member ‘OptixFunctionTable::optixDenoiserComputeAverageColor’ [-Wmissing-field-initializers]
/home/myl/optix7.6/NVIDIA-OptiX-SDK-7.6.0-linux64-x86_64/include/optix_stubs.h:256:36: warning: missing initializer for member ‘OptixFunctionTable::optixDenoiserCreateWithUserModel’ [-Wmissing-field-initializers]
/home/myl/cache_search/cache/page_cache.cu:29: warning: "CUDA_CHECK" redefined
   29 | #define CUDA_CHECK(expr) cuda_check((expr), #expr, __FILE__, __LINE__)
      | 
In file included from /home/myl/cache_search/cache/../head.h:21,
                 from /home/myl/cache_search/cache/page_cache.h:7,
                 from /home/myl/cache_search/cache/page_cache.cu:1:
/home/myl/cache_search/cache/../helper.h:14: note: this is the location of the previous definition
   14 | #define CUDA_CHECK(call)                                                   \
      | 
In file included from /home/myl/cache_search/head.h:3,
                 from /home/myl/cache_search/entry.h:8,
                 from /home/myl/cache_search/graph.h:2,
                 from /home/myl/cache_search/main.cpp:3:
/home/myl/optix7.6/NVIDIA-OptiX-SDK-7.6.0-linux64-x86_64/include/optix_stubs.h: In function ‘OptixResult optixUninitWithHandle(void*)’:
/home/myl/optix7.6/NVIDIA-OptiX-SDK-7.6.0-linux64-x86_64/include/optix_stubs.h:256:36: warning: missing initializer for member ‘OptixFunctionTable::optixGetErrorString’ [-Wmissing-field-initializers]
  256 |     OptixFunctionTable empty = { 0 };
      |                                    ^
/home/myl/optix7.6/NVIDIA-OptiX-SDK-7.6.0-linux64-x86_64/include/optix_stubs.h:256:36: warning: missing initializer for member ‘OptixFunctionTable::optixDeviceContextCreate’ [-Wmissing-field-initializers]
/home/myl/optix7.6/NVIDIA-OptiX-SDK-7.6.0-linux64-x86_64/include/optix_stubs.h:256:36: warning: missing initializer for member ‘OptixFunctionTable::optixDeviceContextDestroy’ [-Wmissing-field-initializers]
/home/myl/optix7.6/NVIDIA-OptiX-SDK-7.6.0-linux64-x86_64/include/optix_stubs.h:256:36: warning: missing initializer for member ‘OptixFunctionTable::optixDeviceContextGetProperty’ [-Wmissing-field-initializers]
/home/myl/optix7.6/NVIDIA-OptiX-SDK-7.6.0-linux64-x86_64/include/optix_stubs.h:256:36: warning: missing initializer for member ‘OptixFunctionTable::optixDeviceContextSetLogCallback’ [-Wmissing-field-initializers]
/home/myl/optix7.6/NVIDIA-OptiX-SDK-7.6.0-linux64-x86_64/include/optix_stubs.h:256:36: warning: missing initializer for member ‘OptixFunctionTable::optixDeviceContextSetCacheEnabled’ [-Wmissing-field-initializers]
/home/myl/optix7.6/NVIDIA-OptiX-SDK-7.6.0-linux64-x86_64/include/optix_stubs.h:256:36: warning: missing initializer for member ‘OptixFunctionTable::optixDeviceContextSetCacheLocation’ [-Wmissing-field-initializers]
/home/myl/optix7.6/NVIDIA-OptiX-SDK-7.6.0-linux64-x86_64/include/optix_stubs.h:256:36: warning: missing initializer for member ‘OptixFunctionTable::optixDeviceContextSetCacheDatabaseSizes’ [-Wmissing-field-initializers]
/home/myl/optix7.6/NVIDIA-OptiX-SDK-7.6.0-linux64-x86_64/include/optix_stubs.h:256:36: warning: missing initializer for member ‘OptixFunctionTable::optixDeviceContextGetCacheEnabled’ [-Wmissing-field-initializers]
/home/myl/optix7.6/NVIDIA-OptiX-SDK-7.6.0-linux64-x86_64/include/optix_stubs.h:256:36: warning: missing initializer for member ‘OptixFunctionTable::optixDeviceContextGetCacheLocation’ [-Wmissing-field-initializers]
/home/myl/optix7.6/NVIDIA-OptiX-SDK-7.6.0-linux64-x86_64/include/optix_stubs.h:256:36: warning: missing initializer for member ‘OptixFunctionTable::optixDeviceContextGetCacheDatabaseSizes’ [-Wmissing-field-initializers]
/home/myl/optix7.6/NVIDIA-OptiX-SDK-7.6.0-linux64-x86_64/include/optix_stubs.h:256:36: warning: missing initializer for member ‘OptixFunctionTable::optixModuleCreateFromPTX’ [-Wmissing-field-initializers]
/home/myl/optix7.6/NVIDIA-OptiX-SDK-7.6.0-linux64-x86_64/include/optix_stubs.h:256:36: warning: missing initializer for member ‘OptixFunctionTable::optixModuleCreateFromPTXWithTasks’ [-Wmissing-field-initializers]
/home/myl/optix7.6/NVIDIA-OptiX-SDK-7.6.0-linux64-x86_64/include/optix_stubs.h:256:36: warning: missing initializer for member ‘OptixFunctionTable::optixModuleGetCompilationState’ [-Wmissing-field-initializers]
/home/myl/optix7.6/NVIDIA-OptiX-SDK-7.6.0-linux64-x86_64/include/optix_stubs.h:256:36: warning: missing initializer for member ‘OptixFunctionTable::optixModuleDestroy’ [-Wmissing-field-initializers]
/home/myl/optix7.6/NVIDIA-OptiX-SDK-7.6.0-linux64-x86_64/include/optix_stubs.h:256:36: warning: missing initializer for member ‘OptixFunctionTable::optixBuiltinISModuleGet’ [-Wmissing-field-initializers]
/home/myl/optix7.6/NVIDIA-OptiX-SDK-7.6.0-linux64-x86_64/include/optix_stubs.h:256:36: warning: missing initializer for member ‘OptixFunctionTable::optixTaskExecute’ [-Wmissing-field-initializers]
/home/myl/optix7.6/NVIDIA-OptiX-SDK-7.6.0-linux64-x86_64/include/optix_stubs.h:256:36: warning: missing initializer for member ‘OptixFunctionTable::optixProgramGroupCreate’ [-Wmissing-field-initializers]
/home/myl/optix7.6/NVIDIA-OptiX-SDK-7.6.0-linux64-x86_64/include/optix_stubs.h:256:36: warning: missing initializer for member ‘OptixFunctionTable::optixProgramGroupDestroy’ [-Wmissing-field-initializers]
/home/myl/optix7.6/NVIDIA-OptiX-SDK-7.6.0-linux64-x86_64/include/optix_stubs.h:256:36: warning: missing initializer for member ‘OptixFunctionTable::optixProgramGroupGetStackSize’ [-Wmissing-field-initializers]
/home/myl/optix7.6/NVIDIA-OptiX-SDK-7.6.0-linux64-x86_64/include/optix_stubs.h:256:36: warning: missing initializer for member ‘OptixFunctionTable::optixPipelineCreate’ [-Wmissing-field-initializers]
/home/myl/optix7.6/NVIDIA-OptiX-SDK-7.6.0-linux64-x86_64/include/optix_stubs.h:256:36: warning: missing initializer for member ‘OptixFunctionTable::optixPipelineDestroy’ [-Wmissing-field-initializers]
/home/myl/optix7.6/NVIDIA-OptiX-SDK-7.6.0-linux64-x86_64/include/optix_stubs.h:256:36: warning: missing initializer for member ‘OptixFunctionTable::optixPipelineSetStackSize’ [-Wmissing-field-initializers]
/home/myl/optix7.6/NVIDIA-OptiX-SDK-7.6.0-linux64-x86_64/include/optix_stubs.h:256:36: warning: missing initializer for member ‘OptixFunctionTable::optixAccelComputeMemoryUsage’ [-Wmissing-field-initializers]
/home/myl/optix7.6/NVIDIA-OptiX-SDK-7.6.0-linux64-x86_64/include/optix_stubs.h:256:36: warning: missing initializer for member ‘OptixFunctionTable::optixAccelBuild’ [-Wmissing-field-initializers]
/home/myl/optix7.6/NVIDIA-OptiX-SDK-7.6.0-linux64-x86_64/include/optix_stubs.h:256:36: warning: missing initializer for member ‘OptixFunctionTable::optixAccelGetRelocationInfo’ [-Wmissing-field-initializers]
/home/myl/optix7.6/NVIDIA-OptiX-SDK-7.6.0-linux64-x86_64/include/optix_stubs.h:256:36: warning: missing initializer for member ‘OptixFunctionTable::optixCheckRelocationCompatibility’ [-Wmissing-field-initializers]
/home/myl/optix7.6/NVIDIA-OptiX-SDK-7.6.0-linux64-x86_64/include/optix_stubs.h:256:36: warning: missing initializer for member ‘OptixFunctionTable::optixAccelRelocate’ [-Wmissing-field-initializers]
/home/myl/optix7.6/NVIDIA-OptiX-SDK-7.6.0-linux64-x86_64/include/optix_stubs.h:256:36: warning: missing initializer for member ‘OptixFunctionTable::optixAccelCompact’ [-Wmissing-field-initializers]
/home/myl/optix7.6/NVIDIA-OptiX-SDK-7.6.0-linux64-x86_64/include/optix_stubs.h:256:36: warning: missing initializer for member ‘OptixFunctionTable::optixConvertPointerToTraversableHandle’ [-Wmissing-field-initializers]
/home/myl/optix7.6/NVIDIA-OptiX-SDK-7.6.0-linux64-x86_64/include/optix_stubs.h:256:36: warning: missing initializer for member ‘OptixFunctionTable::optixOpacityMicromapArrayComputeMemoryUsage’ [-Wmissing-field-initializers]
/home/myl/optix7.6/NVIDIA-OptiX-SDK-7.6.0-linux64-x86_64/include/optix_stubs.h:256:36: warning: missing initializer for member ‘OptixFunctionTable::optixOpacityMicromapArrayBuild’ [-Wmissing-field-initializers]
/home/myl/optix7.6/NVIDIA-OptiX-SDK-7.6.0-linux64-x86_64/include/optix_stubs.h:256:36: warning: missing initializer for member ‘OptixFunctionTable::optixOpacityMicromapArrayGetRelocationInfo’ [-Wmissing-field-initializers]
/home/myl/optix7.6/NVIDIA-OptiX-SDK-7.6.0-linux64-x86_64/include/optix_stubs.h:256:36: warning: missing initializer for member ‘OptixFunctionTable::optixOpacityMicromapArrayRelocate’ [-Wmissing-field-initializers]
/home/myl/optix7.6/NVIDIA-OptiX-SDK-7.6.0-linux64-x86_64/include/optix_stubs.h:256:36: warning: missing initializer for member ‘OptixFunctionTable::reserved1’ [-Wmissing-field-initializers]
/home/myl/optix7.6/NVIDIA-OptiX-SDK-7.6.0-linux64-x86_64/include/optix_stubs.h:256:36: warning: missing initializer for member ‘OptixFunctionTable::reserved2’ [-Wmissing-field-initializers]
/home/myl/optix7.6/NVIDIA-OptiX-SDK-7.6.0-linux64-x86_64/include/optix_stubs.h:256:36: warning: missing initializer for member ‘OptixFunctionTable::optixSbtRecordPackHeader’ [-Wmissing-field-initializers]
/home/myl/optix7.6/NVIDIA-OptiX-SDK-7.6.0-linux64-x86_64/include/optix_stubs.h:256:36: warning: missing initializer for member ‘OptixFunctionTable::optixLaunch’ [-Wmissing-field-initializers]
/home/myl/optix7.6/NVIDIA-OptiX-SDK-7.6.0-linux64-x86_64/include/optix_stubs.h:256:36: warning: missing initializer for member ‘OptixFunctionTable::optixDenoiserCreate’ [-Wmissing-field-initializers]
/home/myl/optix7.6/NVIDIA-OptiX-SDK-7.6.0-linux64-x86_64/include/optix_stubs.h:256:36: warning: missing initializer for member ‘OptixFunctionTable::optixDenoiserDestroy’ [-Wmissing-field-initializers]
/home/myl/optix7.6/NVIDIA-OptiX-SDK-7.6.0-linux64-x86_64/include/optix_stubs.h:256:36: warning: missing initializer for member ‘OptixFunctionTable::optixDenoiserComputeMemoryResources’ [-Wmissing-field-initializers]
/home/myl/optix7.6/NVIDIA-OptiX-SDK-7.6.0-linux64-x86_64/include/optix_stubs.h:256:36: warning: missing initializer for member ‘OptixFunctionTable::optixDenoiserSetup’ [-Wmissing-field-initializers]
/home/myl/optix7.6/NVIDIA-OptiX-SDK-7.6.0-linux64-x86_64/include/optix_stubs.h:256:36: warning: missing initializer for member ‘OptixFunctionTable::optixDenoiserInvoke’ [-Wmissing-field-initializers]
/home/myl/optix7.6/NVIDIA-OptiX-SDK-7.6.0-linux64-x86_64/include/optix_stubs.h:256:36: warning: missing initializer for member ‘OptixFunctionTable::optixDenoiserComputeIntensity’ [-Wmissing-field-initializers]
/home/myl/optix7.6/NVIDIA-OptiX-SDK-7.6.0-linux64-x86_64/include/optix_stubs.h:256:36: warning: missing initializer for member ‘OptixFunctionTable::optixDenoiserComputeAverageColor’ [-Wmissing-field-initializers]
/home/myl/optix7.6/NVIDIA-OptiX-SDK-7.6.0-linux64-x86_64/include/optix_stubs.h:256:36: warning: missing initializer for member ‘OptixFunctionTable::optixDenoiserCreateWithUserModel’ [-Wmissing-field-initializers]
/home/myl/cache_search/cache/page_cache.cu:29: warning: "CUDA_CHECK" redefined
   29 | #define CUDA_CHECK(expr) cuda_check((expr), #expr, __FILE__, __LINE__)
      | 
In file included from /home/myl/cache_search/cache/../head.h:21,
                 from /home/myl/cache_search/cache/page_cache.h:7,
                 from /home/myl/cache_search/cache/page_cache.cu:1:
/home/myl/cache_search/cache/../helper.h:14: note: this is the location of the previous definition
   14 | #define CUDA_CHECK(call)                                                   \
      | 
/home/myl/cache_search/cache/page_cache.cu:29: warning: "CUDA_CHECK" redefined
   29 | #define CUDA_CHECK(expr) cuda_check((expr), #expr, __FILE__, __LINE__)
      | 
In file included from /home/myl/cache_search/cache/../head.h:21,
                 from /home/myl/cache_search/cache/page_cache.h:7,
                 from /home/myl/cache_search/cache/page_cache.cu:1:
/home/myl/cache_search/cache/../helper.h:14: note: this is the location of the previous definition
   14 | #define CUDA_CHECK(call)                                                   \
      | 
In file included from /home/myl/cache_search/graph.h:3,
                 from /home/myl/cache_search/main.cpp:3:
/home/myl/cache_search/pca/pca.h: In constructor ‘PCA::PCA(float*, uint, uint)’:
/home/myl/cache_search/pca/pca.h:17:23: warning: comparison of integer expressions of different signedness: ‘int’ and ‘uint’ {aka ‘unsigned int’} [-Wsign-compare]
   17 |     for (int i = 0; i < nb; i++) {
      |                     ~~^~~~
/home/myl/cache_search/pca/pca.h:18:25: warning: comparison of integer expressions of different signedness: ‘int’ and ‘uint’ {aka ‘unsigned int’} [-Wsign-compare]
   18 |       for (int j = 0; j < dim; j++) {
      |                       ~~^~~~~
/home/myl/cache_search/main.cpp: In function ‘int main(int, char**)’:
/home/myl/cache_search/main.cpp:91:9: warning: unused variable ‘datafile’ [-Wunused-variable]
   91 |   char* datafile = (char*)FLAGS_data_path.c_str();
      |         ^~~~~~~~
/home/myl/cache_search/main.cpp:92:9: warning: unused variable ‘queryfile’ [-Wunused-variable]
   92 |   char* queryfile = (char*)FLAGS_query_path.c_str();
      |         ^~~~~~~~~
/home/myl/cache_search/main.cpp:93:9: warning: unused variable ‘gtfile’ [-Wunused-variable]
   93 |   char* gtfile = (char*)FLAGS_gt_path.c_str();
      |         ^~~~~~
/home/myl/cache_search/file_read.cu(138): warning #1650-D: result of call is not used
    fscanf(file, "%d %d", &n, &d);
    ^

Remark: The warnings can be suppressed with "-diag-suppress <warning-number>"

/home/myl/cache_search/file_read.cu(142): warning #1650-D: result of call is not used
        fscanf(file, "%f,", &data[i * d + j]);
        ^

/home/myl/cache_search/file_read.cu(144): warning #1650-D: result of call is not used
      fscanf(file, "%f", &data[i * d + d - 1]);
      ^

/home/myl/cache_search/file_read.cu(206): warning #1650-D: result of call is not used
    fread(&d, sizeof(d), 1, file);
    ^

/home/myl/cache_search/file_read.cu(208): warning #1650-D: result of call is not used
    fread(data_ptr, sizeof(float), n*d, file);
    ^








Compilation terminated.

Compilation terminated.
Compilation terminated.
Compilation terminated.
Compilation terminated.
Compilation terminated.
Compilation terminated.
Compilation terminated.
nvcc error   : 'cicc' died due to signal 2 
nvcc error   : 'cicc' died due to signal 2 
nvcc error   : 'cicc' died due to signal 2 
make[2]: *** [CMakeFiles/test.dir/build.make:1495: CMakeFiles/test.dir/entry_helper.cu.o] Interrupt
make[2]: *** [CMakeFiles/test.dir/build.make:1465: CMakeFiles/test.dir/aabb.cu.o] Interrupt
make[2]: *** [CMakeFiles/test.dir/build.make:1641: CMakeFiles/test.dir/cache/page_cache.cu.o] Interrupt
nvcc error   : 'cudafe++' died due to signal 2 
nvcc error   : 'cudafe++' died due to signal 2 
nvcc error   : 'cudafe++' died due to signal 2 
nvcc error   : 'cudafe++' died due to signal 2 
nvcc error   : 'cudafe++' died due to signal 2 
make[2]: *** [CMakeFiles/test.dir/build.make:1510: CMakeFiles/test.dir/matrix.cu.o] Interrupt
make[2]: *** [CMakeFiles/test.dir/build.make:1597: CMakeFiles/test.dir/graph.cu.o] Interrupt
make[2]: *** [CMakeFiles/test.dir/build.make:1525: CMakeFiles/test.dir/file_read.cu.o] Interrupt
make[2]: *** [CMakeFiles/test.dir/build.make:1480: CMakeFiles/test.dir/entry.cu.o] Interrupt
make[2]: *** [CMakeFiles/test.dir/build.make:1612: CMakeFiles/test.dir/graph_helper.cu.o] Interrupt
make[1]: *** [CMakeFiles/Makefile2:131: CMakeFiles/test.dir/all] Interrupt
make: *** [Makefile:91: all] Interrupt
